hour_start,resource_outage_mw,irr_outage_mw,new_equipment_mw,res_irr_outage_mw,all_envelope_mw,postedDatetime
2025-01-15 00:00:00,8786,6300,5288,15086,20374,2025-01-15 00:01:09
2025-01-15 01:00:00,8856,6300,5288,15156,20444,2025-01-15 01:01:08
2025-01-15 02:00:00,8778,6304,5288,15082,20370,2025-01-15 02:01:08
2025-01-15 03:00:00,8778,6304,5288,15082,20370,2025-01-15 03:01:29
2025-01-15 04:00:00,8828,6000,5288,14828,20116,2025-01-15 04:01:08
2025-01-15 05:00:00,8944,6000,5288,14944,20232,2025-01-15 05:01:07
2025-01-15 06:00:00,8928,5308,5288,14236,19524,2025-01-15 06:01:10
2025-01-15 07:00:00,9292,5575,5288,14867,20155,2025-01-15 07:01:07
2025-01-15 08:00:00,9457,5623,5288,15080,20368,2025-01-15 08:01:11
2025-01-15 09:00:00,9396,5853,5288,15249,20537,2025-01-15 09:01:08
2025-01-15 10:00:00,10206,5866,5288,16072,21360,2025-01-15 10:01:08
2025-01-15 11:00:00,10214,5687,5288,15901,21189,2025-01-15 11:01:07
2025-01-15 12:00:00,10299,5735,5288,16034,21322,2025-01-15 12:01:09
2025-01-15 13:00:00,10604,5648,5288,16252,21540,2025-01-15 13:01:08
2025-01-15 14:00:00,10564,5587,5143,16151,21294,2025-01-15 14:01:08
2025-01-15 15:00:00,10571,5577,5288,16148,21436,2025-01-15 15:01:08
2025-01-15 16:00:00,10240,5577,5438,15817,21255,2025-01-15 16:01:08
2025-01-15 17:00:00,9926,5516,5438,15442,20880,2025-01-15 17:01:07
2025-01-15 18:00:00,9766,5762,5438,15528,20966,2025-01-15 18:01:09
2025-01-15 19:00:00,9530,6569,5438,16099,21537,2025-01-15 19:01:10
2025-01-15 20:00:00,9502,6494,5438,15996,21434,2025-01-15 20:01:07
2025-01-15 21:00:00,8608,6471,5438,15079,20517,2025-01-15 21:01:08
2025-01-15 22:00:00,8594,6027,5438,14621,20059,2025-01-15 22:01:15
2025-01-15 23:00:00,7980,5933,5428,13913,19341,2025-01-15 23:01:08
2025-01-16 00:00:00,8598,5933,5428,14531,19959,2025-01-16 00:01:13
2025-01-16 01:00:00,7456,5900,5428,13356,18784,2025-01-16 01:01:09
2025-01-16 02:00:00,7506,5392,5428,12898,18326,2025-01-16 02:01:11
2025-01-16 03:00:00,7493,5392,5428,12885,18313,2025-01-16 03:01:07
2025-01-16 04:00:00,7701,5392,5428,13093,18521,2025-01-16 04:01:08
2025-01-16 05:00:00,7825,5392,5428,13217,18645,2025-01-16 05:01:09
2025-01-16 06:00:00,7457,5690,5428,13147,18575,2025-01-16 06:01:16
2025-01-16 07:00:00,7990,5770,5428,13760,19188,2025-01-16 07:01:07
2025-01-16 08:00:00,8149,5811,5428,13960,19388,2025-01-16 08:01:18
2025-01-16 09:00:00,8007,5868,5428,13875,19303,2025-01-16 09:01:07
2025-01-16 10:00:00,8265,5857,5428,14122,19550,2025-01-16 10:01:10
2025-01-16 11:00:00,7893,5761,5428,13654,19082,2025-01-16 11:01:09
2025-01-16 12:00:00,8352,6029,5428,14381,19809,2025-01-16 12:01:08
2025-01-16 13:00:00,7884,5746,5428,13630,19058,2025-01-16 13:01:07
2025-01-16 14:00:00,7753,5735,5428,13488,18916,2025-01-16 14:01:07
2025-01-16 15:00:00,7013,5732,5428,12745,18173,2025-01-16 15:01:10
2025-01-16 16:00:00,6203,5695,5428,11898,17326,2025-01-16 16:01:06
2025-01-16 17:00:00,5775,5417,5428,11192,16620,2025-01-16 17:01:11
2025-01-16 18:00:00,5580,4970,5428,10550,15978,2025-01-16 18:01:10
2025-01-16 19:00:00,5338,5720,5428,11058,16486,2025-01-16 19:01:06
2025-01-16 20:00:00,5258,5651,5428,10909,16337,2025-01-16 20:01:07
2025-01-16 21:00:00,5206,5624,5428,10830,16258,2025-01-16 21:01:06
2025-01-16 22:00:00,5206,5591,5428,10797,16225,2025-01-16 22:01:12
2025-01-16 23:00:00,5221,5554,5428,10775,16203,2025-01-16 23:01:08
2025-01-17 00:00:00,5607,5756,5428,11363,16791,2025-01-17 00:01:09
2025-01-17 01:00:00,5607,5520,5428,11127,16555,2025-01-17 01:01:09
2025-01-17 02:00:00,5592,5520,5528,11112,16640,2025-01-17 02:01:09
2025-01-17 03:00:00,5556,5286,5528,10842,16370,2025-01-17 03:01:07
2025-01-17 04:00:00,5556,5513,5528,11069,16597,2025-01-17 04:01:07
2025-01-17 05:00:00,5884,5514,5528,11398,16926,2025-01-17 05:01:07
2025-01-17 06:00:00,6391,4897,5528,11288,16816,2025-01-17 06:01:09
2025-01-17 07:00:00,6391,4890,5528,11281,16809,2025-01-17 07:01:08
2025-01-17 08:00:00,6421,4891,5428,11312,16740,2025-01-17 08:01:11
2025-01-17 09:00:00,6457,4727,5428,11184,16612,2025-01-17 09:01:08
2025-01-17 10:00:00,7167,4859,5428,12026,17454,2025-01-17 10:01:11
2025-01-17 11:00:00,7441,4836,5428,12277,17705,2025-01-17 11:01:08
2025-01-17 12:00:00,7571,4728,5428,12299,17727,2025-01-17 12:01:10
2025-01-17 13:00:00,7581,4790,5428,12371,17799,2025-01-17 13:01:09
2025-01-17 14:00:00,8168,5262,5428,13430,18858,2025-01-17 14:01:08
2025-01-17 15:00:00,8106,5258,5428,13364,18792,2025-01-17 15:01:09
2025-01-17 16:00:00,8639,5471,5428,14110,19538,2025-01-17 16:01:09
2025-01-17 17:00:00,8280,5879,5428,14159,19587,2025-01-17 17:01:07
2025-01-17 18:00:00,8073,5939,5428,14012,19440,2025-01-17 18:01:12
2025-01-17 19:00:00,8635,6516,5428,15151,20579,2025-01-17 19:01:09
2025-01-17 20:00:00,7807,6268,5428,14075,19503,2025-01-17 20:01:12
2025-01-17 21:00:00,7574,5948,5428,13522,18950,2025-01-17 21:01:10
2025-01-17 22:00:00,7574,5944,5428,13518,18946,2025-01-17 22:01:21
2025-01-17 23:00:00,7087,5497,5428,12584,18012,2025-01-17 23:01:13
2025-01-18 00:00:00,7087,5493,5428,12580,18008,2025-01-18 00:01:07
2025-01-18 01:00:00,7087,5417,5428,12504,17932,2025-01-18 01:01:09
2025-01-18 02:00:00,6316,5385,5428,11701,17129,2025-01-18 02:01:26
2025-01-18 03:00:00,6308,5385,5428,11693,17121,2025-01-18 03:01:11
2025-01-18 04:00:00,6323,5376,5428,11699,17127,2025-01-18 04:01:09
2025-01-18 05:00:00,6328,5149,5428,11477,16905,2025-01-18 05:01:08
2025-01-18 06:00:00,6678,4927,5428,11605,17033,2025-01-18 06:01:14
2025-01-18 07:00:00,6353,5154,5428,11507,16935,2025-01-18 07:01:07
2025-01-18 08:00:00,5975,5158,5428,11133,16561,2025-01-18 08:01:10
2025-01-18 09:00:00,5975,5175,5428,11150,16578,2025-01-18 09:01:07
2025-01-18 10:00:00,5975,4998,5428,10973,16401,2025-01-18 10:01:11
2025-01-18 11:00:00,5920,5049,5428,10969,16397,2025-01-18 11:01:08
2025-01-18 12:00:00,5935,5028,5428,10963,16391,2025-01-18 12:01:08
2025-01-18 13:00:00,5945,5278,5428,11223,16651,2025-01-18 13:01:06
2025-01-18 14:00:00,5467,5278,5428,10745,16173,2025-01-18 14:01:07
2025-01-18 15:00:00,5467,5278,5428,10745,16173,2025-01-18 15:01:07
2025-01-18 16:00:00,5313,4985,5428,10298,15726,2025-01-18 16:01:08
2025-01-18 17:00:00,5460,4981,5428,10441,15869,2025-01-18 17:01:09
2025-01-18 18:00:00,5110,4971,5428,10081,15509,2025-01-18 18:01:16
2025-01-18 19:00:00,4929,4966,5428,9895,15323,2025-01-18 19:01:07
2025-01-18 20:00:00,4929,4966,5428,9895,15323,2025-01-18 20:01:10
2025-01-18 21:00:00,5132,4942,5428,10074,15502,2025-01-18 21:01:08
2025-01-18 22:00:00,5132,4988,5428,10120,15548,2025-01-18 22:01:07
2025-01-18 23:00:00,4882,4988,5428,9870,15298,2025-01-18 23:01:09
2025-01-19 00:00:00,5390,4988,5428,10378,15806,2025-01-19 00:01:15
2025-01-19 01:00:00,6107,4988,5428,11095,16523,2025-01-19 01:01:09
2025-01-19 02:00:00,5851,4988,5428,10839,16267,2025-01-19 02:01:09
2025-01-19 03:00:00,5851,4988,5428,10839,16267,2025-01-19 03:01:09
2025-01-19 04:00:00,6323,4998,5428,11321,16749,2025-01-19 04:01:07
2025-01-19 05:00:00,6063,4998,5428,11061,16489,2025-01-19 05:01:07
2025-01-19 06:00:00,6063,4998,5428,11061,16489,2025-01-19 06:01:13
2025-01-19 07:00:00,5966,4998,5428,10964,16392,2025-01-19 07:01:25
2025-01-19 08:00:00,5741,5048,5428,10789,16217,2025-01-19 08:01:07
2025-01-19 09:00:00,6394,5071,5428,11465,16893,2025-01-19 09:01:07
2025-01-19 10:00:00,6394,4935,5428,11329,16757,2025-01-19 10:01:14
2025-01-19 11:00:00,6667,5079,5428,11746,17174,2025-01-19 11:01:10
2025-01-19 12:00:00,6657,4947,5428,11604,17032,2025-01-19 12:01:10
2025-01-19 13:00:00,5950,5122,5428,11072,16500,2025-01-19 13:01:08
2025-01-19 14:00:00,6275,5164,5428,11439,16867,2025-01-19 14:01:07
2025-01-19 15:00:00,5905,5635,5428,11540,16968,2025-01-19 15:01:07
2025-01-19 16:00:00,6589,5522,5428,12111,17539,2025-01-19 16:01:10
2025-01-19 17:00:00,6589,5118,5428,11707,17135,2025-01-19 17:01:08
2025-01-19 18:00:00,6589,5110,5428,11699,17127,2025-01-19 18:01:18
2025-01-19 19:00:00,6674,5414,5428,12088,17516,2025-01-19 19:01:07
2025-01-19 20:00:00,7054,5364,5428,12418,17846,2025-01-19 20:01:07
2025-01-19 21:00:00,7311,5375,5428,12686,18114,2025-01-19 21:01:09
2025-01-19 22:00:00,8009,5375,5428,13384,18812,2025-01-19 22:01:08
2025-01-19 23:00:00,6059,5375,5428,11434,16862,2025-01-19 23:01:08
2025-01-20 00:00:00,6497,5387,5428,11884,17312,2025-01-20 00:01:10
2025-01-20 01:00:00,6585,5488,5428,12073,17501,2025-01-20 01:01:08
2025-01-20 02:00:00,6608,5530,5428,12138,17566,2025-01-20 02:01:10
2025-01-20 03:00:00,6563,5508,5428,12071,17499,2025-01-20 03:01:09
2025-01-20 04:00:00,6523,5407,5428,11930,17358,2025-01-20 04:01:08
2025-01-20 05:00:00,6563,5190,5428,11753,17181,2025-01-20 05:01:10
2025-01-20 06:00:00,6446,4840,5428,11286,16714,2025-01-20 06:01:12
2025-01-20 07:00:00,6387,4885,5428,11272,16700,2025-01-20 07:01:11
2025-01-20 08:00:00,6600,4877,5428,11477,16905,2025-01-20 08:01:11
2025-01-20 09:00:00,6530,4718,5428,11248,16676,2025-01-20 09:01:05
2025-01-20 10:00:00,6690,4708,5428,11398,16826,2025-01-20 10:01:31
2025-01-20 11:00:00,7010,4708,5428,11718,17146,2025-01-20 11:01:14
2025-01-20 12:00:00,7325,4716,5428,12041,17469,2025-01-20 12:01:32
2025-01-20 13:00:00,7319,4888,5428,12207,17635,2025-01-20 13:01:10
2025-01-20 14:00:00,7033,4916,5428,11949,17377,2025-01-20 14:01:10
2025-01-20 15:00:00,6723,5261,5428,11984,17412,2025-01-20 15:01:09
2025-01-20 16:00:00,6052,5440,5428,11492,16920,2025-01-20 16:01:08
2025-01-20 17:00:00,5781,5550,5428,11331,16759,2025-01-20 17:01:08
2025-01-20 18:00:00,5781,5542,5428,11323,16751,2025-01-20 18:01:10
2025-01-20 19:00:00,5200,5555,5428,10755,16183,2025-01-20 19:01:08
2025-01-20 20:00:00,5200,5555,5428,10755,16183,2025-01-20 20:01:09
2025-01-20 21:00:00,5300,5565,5428,10865,16293,2025-01-20 21:01:08
2025-01-20 22:00:00,5585,5583,5428,11168,16596,2025-01-20 22:01:17
2025-01-20 23:00:00,5575,5559,5428,11134,16562,2025-01-20 23:01:12
2025-01-21 00:00:00,5680,5559,5428,11239,16667,2025-01-21 00:01:10
2025-01-21 01:00:00,5680,5739,5428,11419,16847,2025-01-21 01:01:09
2025-01-21 02:00:00,5579,5886,5428,11465,16893,2025-01-21 02:01:10
2025-01-21 03:00:00,5629,6051,5428,11680,17108,2025-01-21 03:01:08
2025-01-21 04:00:00,5841,6006,5428,11847,17275,2025-01-21 04:01:11
2025-01-21 05:00:00,5859,6231,5428,12090,17518,2025-01-21 05:01:09
2025-01-21 06:00:00,5671,6206,5428,11877,17305,2025-01-21 06:01:10
2025-01-21 07:00:00,6030,6653,5428,12683,18111,2025-01-21 07:01:08
2025-01-21 08:00:00,6100,6878,5428,12978,18406,2025-01-21 08:01:08
2025-01-21 09:00:00,6240,7126,5428,13366,18794,2025-01-21 09:01:14
2025-01-21 10:00:00,6012,7928,5428,13940,19368,2025-01-21 10:01:25
2025-01-21 11:00:00,6069,8173,5428,14242,19670,2025-01-21 11:01:08
2025-01-21 12:00:00,5902,8035,5428,13937,19365,2025-01-21 12:01:30
2025-01-21 13:00:00,5826,8177,5428,14003,19431,2025-01-21 13:01:06
2025-01-21 14:00:00,5645,8038,5428,13683,19111,2025-01-21 14:01:12
2025-01-21 15:00:00,5880,7901,5428,13781,19209,2025-01-21 15:01:10
2025-01-21 16:00:00,5900,7759,5428,13659,19087,2025-01-21 16:01:06
2025-01-21 17:00:00,5856,7809,5428,13665,19093,2025-01-21 17:01:06
2025-01-21 18:00:00,5920,8083,5428,14003,19431,2025-01-21 18:01:09
2025-01-21 19:00:00,5920,8009,5428,13929,19357,2025-01-21 19:01:07
2025-01-21 20:00:00,6084,8054,5428,14138,19566,2025-01-21 20:01:08
2025-01-21 21:00:00,5845,7618,5428,13463,18891,2025-01-21 21:01:08
2025-01-21 22:00:00,6101,7707,5428,13808,19236,2025-01-21 22:01:14
2025-01-21 23:00:00,5845,7442,5428,13287,18715,2025-01-21 23:01:09
2025-01-22 00:00:00,5848,7418,5428,13266,18694,2025-01-22 00:01:31
2025-01-22 01:00:00,7059,7581,5428,14640,20068,2025-01-22 01:01:09
2025-01-22 02:00:00,6979,7711,5428,14690,20118,2025-01-22 02:01:09
2025-01-22 03:00:00,6979,7711,5428,14690,20118,2025-01-22 03:01:09
2025-01-22 04:00:00,6979,7724,5428,14703,20131,2025-01-22 04:01:11
2025-01-22 05:00:00,6979,7531,5428,14510,19938,2025-01-22 05:01:09
2025-01-22 06:00:00,7007,7221,5428,14228,19656,2025-01-22 06:01:25
2025-01-22 07:00:00,7300,7287,5428,14587,20015,2025-01-22 07:01:08
2025-01-22 08:00:00,7228,7141,5428,14369,19797,2025-01-22 08:01:10
2025-01-22 09:00:00,6943,7258,5428,14201,19629,2025-01-22 09:01:06
2025-01-22 10:00:00,6946,7122,5428,14068,19496,2025-01-22 10:01:08
2025-01-22 11:00:00,7018,7073,5428,14091,19519,2025-01-22 11:01:09
2025-01-22 12:00:00,6883,6631,5428,13514,18942,2025-01-22 12:01:11
2025-01-22 13:00:00,7102,5960,5428,13062,18490,2025-01-22 13:01:28
2025-01-22 14:00:00,7099,5615,5428,12714,18142,2025-01-22 14:01:11
2025-01-22 15:00:00,7117,5569,5428,12686,18114,2025-01-22 15:01:07
2025-01-22 16:00:00,7117,5520,5428,12637,18065,2025-01-22 16:01:05
2025-01-22 17:00:00,7096,5876,5428,12972,18400,2025-01-22 17:01:08
2025-01-22 18:00:00,7229,6093,5428,13322,18750,2025-01-22 18:01:21
2025-01-22 19:00:00,7208,6430,5428,13638,19066,2025-01-22 19:01:12
2025-01-22 20:00:00,7268,6388,5428,13656,19084,2025-01-22 20:01:06
2025-01-22 21:00:00,7318,6388,5428,13706,19134,2025-01-22 21:01:07
2025-01-22 22:00:00,6715,6151,5428,12866,18294,2025-01-22 22:01:10
2025-01-22 23:00:00,6389,6151,5428,12540,17968,2025-01-22 23:01:08
2025-01-23 00:00:00,6396,6006,5428,12402,17830,2025-01-23 00:01:10
2025-01-23 01:00:00,6716,6015,5428,12731,18159,2025-01-23 01:01:10
2025-01-23 02:00:00,6716,6015,5428,12731,18159,2025-01-23 02:01:08
2025-01-23 03:00:00,6739,5758,5428,12497,17925,2025-01-23 03:01:10
2025-01-23 04:00:00,6739,5758,5428,12497,17925,2025-01-23 04:01:10
2025-01-23 05:00:00,6879,5758,5428,12637,18065,2025-01-23 05:01:09
2025-01-23 06:00:00,6879,5403,5428,12282,17710,2025-01-23 06:01:17
2025-01-23 07:00:00,6704,5581,5428,12285,17713,2025-01-23 07:01:07
2025-01-23 08:00:00,6973,5581,5428,12554,17982,2025-01-23 08:01:20
2025-01-23 09:00:00,7461,5609,5428,13070,18498,2025-01-23 09:01:13
2025-01-23 10:00:00,7540,5641,5428,13181,18609,2025-01-23 10:01:10
2025-01-23 11:00:00,7540,5623,5428,13163,18591,2025-01-23 11:01:08
2025-01-23 12:00:00,7231,5616,5428,12847,18275,2025-01-23 12:01:08
2025-01-23 13:00:00,7245,5548,5428,12793,18221,2025-01-23 13:01:07
2025-01-23 14:00:00,7503,5644,5428,13147,18575,2025-01-23 14:01:09
2025-01-23 15:00:00,8322,5732,5418,14054,19472,2025-01-23 15:01:11
2025-01-23 16:00:00,8135,5813,5418,13948,19366,2025-01-23 16:01:08
2025-01-23 17:00:00,8751,5599,5418,14350,19768,2025-01-23 17:01:08
2025-01-23 18:00:00,8626,5834,5418,14460,19878,2025-01-23 18:01:09
2025-01-23 19:00:00,8906,6466,5418,15372,20790,2025-01-23 19:01:07
2025-01-23 20:00:00,8710,6434,5418,15144,20562,2025-01-23 20:01:07
2025-01-23 21:00:00,8191,6663,5418,14854,20272,2025-01-23 21:01:07
2025-01-23 22:00:00,8097,6663,5418,14760,20178,2025-01-23 22:01:17
2025-01-23 23:00:00,7782,6657,5418,14439,19857,2025-01-23 23:01:08
2025-01-24 00:00:00,7835,6420,5418,14255,19673,2025-01-24 00:01:07
2025-01-24 01:00:00,8109,6466,5418,14575,19993,2025-01-24 01:01:09
2025-01-24 02:00:00,8109,6466,5418,14575,19993,2025-01-24 02:01:34
2025-01-24 03:00:00,8109,6089,5418,14198,19616,2025-01-24 03:01:09
2025-01-24 04:00:00,8119,6182,5418,14301,19719,2025-01-24 04:01:09
2025-01-24 05:00:00,8109,5860,5418,13969,19387,2025-01-24 05:01:10
2025-01-24 06:00:00,8533,6179,5418,14712,20130,2025-01-24 06:01:09
2025-01-24 07:00:00,8480,6179,5418,14659,20077,2025-01-24 07:01:07
2025-01-24 08:00:00,8056,6239,5418,14295,19713,2025-01-24 08:01:09
2025-01-24 09:00:00,8076,5954,5418,14030,19448,2025-01-24 09:01:07
2025-01-24 10:00:00,8289,6085,5418,14374,19792,2025-01-24 10:01:09
2025-01-24 11:00:00,8450,6237,5418,14687,20105,2025-01-24 11:01:09
2025-01-24 12:00:00,8692,6169,5418,14861,20279,2025-01-24 12:01:10
2025-01-24 13:00:00,9137,5935,5418,15072,20490,2025-01-24 13:01:09
2025-01-24 14:00:00,8995,5935,5418,14930,20348,2025-01-24 14:01:09
2025-01-24 15:00:00,9384,5945,5418,15329,20747,2025-01-24 15:01:08
2025-01-24 16:00:00,8368,5861,5418,14229,19647,2025-01-24 16:01:08
2025-01-24 17:00:00,8360,5788,5418,14148,19566,2025-01-24 17:01:08
2025-01-24 18:00:00,8201,5901,5418,14102,19520,2025-01-24 18:01:09
2025-01-24 19:00:00,8241,6213,5418,14454,19872,2025-01-24 19:01:09
2025-01-24 20:00:00,8221,6062,5418,14283,19701,2025-01-24 20:01:10
2025-01-24 21:00:00,8241,5784,5418,14025,19443,2025-01-24 21:01:09
2025-01-24 22:00:00,8351,5784,5418,14135,19553,2025-01-24 22:01:15
2025-01-24 23:00:00,8120,5840,5418,13960,19378,2025-01-24 23:01:08
2025-01-25 00:00:00,8928,5850,5418,14778,20196,2025-01-25 00:01:11
2025-01-25 01:00:00,9366,5856,5418,15222,20640,2025-01-25 01:01:18
2025-01-25 02:00:00,9366,5574,5418,14940,20358,2025-01-25 02:01:18
2025-01-25 03:00:00,8946,5574,5418,14520,19938,2025-01-25 03:01:07
2025-01-25 04:00:00,8946,5574,5418,14520,19938,2025-01-25 04:01:08
2025-01-25 05:00:00,9011,5557,5418,14568,19986,2025-01-25 05:01:23
2025-01-25 06:00:00,8693,5591,5418,14284,19702,2025-01-25 06:01:19
2025-01-25 07:00:00,9509,5554,5418,15063,20481,2025-01-25 07:01:07
2025-01-25 08:00:00,9519,5585,5418,15104,20522,2025-01-25 08:01:09
2025-01-25 09:00:00,9742,5610,5418,15352,20770,2025-01-25 09:01:08
2025-01-25 10:00:00,10464,5534,5418,15998,21416,2025-01-25 10:01:14
2025-01-25 11:00:00,10550,5611,5418,16161,21579,2025-01-25 11:01:35
2025-01-25 12:00:00,10551,5591,5418,16142,21560,2025-01-25 12:01:10
2025-01-25 13:00:00,11294,5699,5418,16993,22411,2025-01-25 13:01:10
2025-01-25 14:00:00,11044,5646,5418,16690,22108,2025-01-25 14:01:11
2025-01-25 15:00:00,10996,5646,5418,16642,22060,2025-01-25 15:01:10
2025-01-25 16:00:00,11242,5625,5418,16867,22285,2025-01-25 16:01:08
2025-01-25 17:00:00,11152,5594,5418,16746,22164,2025-01-25 17:01:09
2025-01-25 18:00:00,10788,5405,5418,16193,21611,2025-01-25 18:01:09
2025-01-25 19:00:00,10270,5418,5418,15688,21106,2025-01-25 19:01:08
2025-01-25 20:00:00,9507,5752,5418,15259,20677,2025-01-25 20:01:10
2025-01-25 21:00:00,9554,5752,5418,15306,20724,2025-01-25 21:01:08
2025-01-25 22:00:00,9454,5752,5418,15206,20624,2025-01-25 22:01:09
2025-01-25 23:00:00,8969,5752,5418,14721,20139,2025-01-25 23:01:09
2025-01-26 00:00:00,9393,5432,5418,14825,20243,2025-01-26 00:01:09
2025-01-26 01:00:00,9752,5400,5418,15152,20570,2025-01-26 01:01:09
2025-01-26 02:00:00,9752,5400,5418,15152,20570,2025-01-26 02:01:17
2025-01-26 03:00:00,9983,5400,5418,15383,20801,2025-01-26 03:01:08
2025-01-26 04:00:00,9935,5400,5418,15335,20753,2025-01-26 04:01:12
2025-01-26 05:00:00,9689,5400,5418,15089,20507,2025-01-26 05:01:09
2025-01-26 06:00:00,9429,5400,5418,14829,20247,2025-01-26 06:01:19
2025-01-26 07:00:00,9429,5432,5418,14861,20279,2025-01-26 07:01:08
2025-01-26 08:00:00,9329,5432,5418,14761,20179,2025-01-26 08:01:08
2025-01-26 09:00:00,8650,5494,5418,14144,19562,2025-01-26 09:01:11
2025-01-26 10:00:00,8650,5494,5418,14144,19562,2025-01-26 10:01:12
2025-01-26 11:00:00,8650,5470,5418,14120,19538,2025-01-26 11:01:07
2025-01-26 12:00:00,8390,5491,5418,13881,19299,2025-01-26 12:01:10
2025-01-26 13:00:00,8248,5491,5418,13739,19157,2025-01-26 13:01:10
2025-01-26 14:00:00,8186,5495,5418,13681,19099,2025-01-26 14:01:13
2025-01-26 15:00:00,8327,5547,5418,13874,19292,2025-01-26 15:01:11
2025-01-26 16:00:00,8317,5588,5418,13905,19323,2025-01-26 16:01:09
2025-01-26 17:00:00,8346,5573,5418,13919,19337,2025-01-26 17:01:08
2025-01-26 18:00:00,8446,5811,5418,14257,19675,2025-01-26 18:01:31
2025-01-26 19:00:00,8475,5647,5418,14122,19540,2025-01-26 19:01:09
2025-01-26 20:00:00,8895,5598,5418,14493,19911,2025-01-26 20:01:10
2025-01-26 21:00:00,8895,5598,5418,14493,19911,2025-01-26 21:01:08
2025-01-26 22:00:00,8950,5598,5418,14548,19966,2025-01-26 22:01:09
2025-01-26 23:00:00,8176,5598,5418,13774,19192,2025-01-26 23:01:09
2025-01-27 00:00:00,8587,5558,5418,14145,19563,2025-01-27 00:01:12
2025-01-27 01:00:00,8736,5558,5418,14294,19712,2025-01-27 01:01:11
2025-01-27 02:00:00,8736,5558,5418,14294,19712,2025-01-27 02:01:08
2025-01-27 03:00:00,8736,5472,5418,14208,19626,2025-01-27 03:01:28
2025-01-27 04:00:00,8641,5472,5418,14113,19531,2025-01-27 04:01:14
2025-01-27 05:00:00,8715,5678,5418,14393,19811,2025-01-27 05:01:06
2025-01-27 06:00:00,8946,5678,5418,14624,20042,2025-01-27 06:01:31
2025-01-27 07:00:00,9241,5546,5418,14787,20205,2025-01-27 07:01:08
2025-01-27 08:00:00,9156,5656,5268,14812,20080,2025-01-27 08:01:10
2025-01-27 09:00:00,9156,5840,5268,14996,20264,2025-01-27 09:01:06
2025-01-27 10:00:00,9003,5864,5268,14867,20135,2025-01-27 10:01:09
2025-01-27 11:00:00,9098,5829,5268,14927,20195,2025-01-27 11:01:08
2025-01-27 12:00:00,9201,5847,5268,15048,20316,2025-01-27 12:01:10
2025-01-27 13:00:00,8815,5872,5268,14687,19955,2025-01-27 13:01:07
2025-01-27 14:00:00,8811,5877,5268,14688,19956,2025-01-27 14:01:09
2025-01-27 15:00:00,8811,5767,5268,14578,19846,2025-01-27 15:01:13
2025-01-27 16:00:00,8676,5783,5268,14459,19727,2025-01-27 16:01:08
2025-01-27 17:00:00,8662,5705,5268,14367,19635,2025-01-27 17:01:07
2025-01-27 18:00:00,8562,5638,5268,14200,19468,2025-01-27 18:01:09
2025-01-27 19:00:00,8986,5900,5268,14886,20154,2025-01-27 19:01:08
2025-01-27 20:00:00,8984,5903,5268,14887,20155,2025-01-27 20:01:10
2025-01-27 21:00:00,8889,5829,5268,14718,19986,2025-01-27 21:01:08
2025-01-27 22:00:00,8969,5838,5268,14807,20075,2025-01-27 22:01:18
2025-01-27 23:00:00,8405,5832,5268,14237,19505,2025-01-27 23:01:11
2025-01-28 00:00:00,8867,5796,5268,14663,19931,2025-01-28 00:01:14
2025-01-28 01:00:00,8792,5796,5268,14588,19856,2025-01-28 01:01:10
2025-01-28 02:00:00,8810,6029,5268,14839,20107,2025-01-28 02:01:11
2025-01-28 03:00:00,8970,5709,5268,14679,19947,2025-01-28 03:01:09
2025-01-28 04:00:00,9035,5492,5268,14527,19795,2025-01-28 04:01:10
2025-01-28 05:00:00,8835,5492,5268,14327,19595,2025-01-28 05:01:07
2025-01-28 06:00:00,9163,5492,5268,14655,19923,2025-01-28 06:01:09
2025-01-28 07:00:00,9264,5504,5268,14768,20036,2025-01-28 07:01:10
2025-01-28 08:00:00,9243,5647,5268,14890,20158,2025-01-28 08:01:12
2025-01-28 09:00:00,9474,5737,5268,15211,20479,2025-01-28 09:01:09
2025-01-28 10:00:00,9471,5789,5268,15260,20528,2025-01-28 10:01:11
2025-01-28 11:00:00,9361,5784,5268,15145,20413,2025-01-28 11:01:08
2025-01-28 12:00:00,9292,5890,5123,15182,20305,2025-01-28 12:01:08
2025-01-28 13:00:00,9342,5840,5123,15182,20305,2025-01-28 13:01:09
2025-01-28 14:00:00,9512,5740,5123,15252,20375,2025-01-28 14:01:11
2025-01-28 15:00:00,9479,5827,5123,15306,20429,2025-01-28 15:01:10
2025-01-28 16:00:00,9375,5776,5123,15151,20274,2025-01-28 16:01:09
2025-01-28 17:00:00,9175,5773,5123,14948,20071,2025-01-28 17:01:09
2025-01-28 18:00:00,9175,5916,5123,15091,20214,2025-01-28 18:01:10
2025-01-28 19:00:00,9179,6553,5123,15732,20855,2025-01-28 19:01:07
2025-01-28 20:00:00,9087,6640,5123,15727,20850,2025-01-28 20:01:11
2025-01-28 21:00:00,9207,6640,5123,15847,20970,2025-01-28 21:01:11
2025-01-28 22:00:00,9723,6677,5123,16400,21523,2025-01-28 22:01:20
2025-02-02 07:00:00,2928,3811,4651,6739,11390,2025-01-28 23:01:10
2025-02-02 08:00:00,2931,3811,4651,6742,11393,2025-01-28 23:01:10
2025-02-02 12:00:00,2931,3811,4651,6742,11393,2025-01-28 23:01:10
2025-02-02 10:00:00,2931,3811,4651,6742,11393,2025-01-28 23:01:10
2025-02-02 11:00:00,2931,3811,4651,6742,11393,2025-01-28 23:01:10
2025-02-02 06:00:00,2928,3811,4651,6739,11390,2025-01-28 23:01:10
2025-02-02 09:00:00,2931,3811,4651,6742,11393,2025-01-28 23:01:10
2025-02-02 05:00:00,2928,3854,4651,6782,11433,2025-01-28 23:01:10
2025-02-02 01:00:00,2928,3904,4651,6832,11483,2025-01-28 23:01:10
2025-02-02 03:00:00,2928,3904,4651,6832,11483,2025-01-28 23:01:10
2025-02-02 02:00:00,2928,3904,4651,6832,11483,2025-01-28 23:01:10
2025-02-02 00:00:00,2928,3904,4651,6832,11483,2025-01-28 23:01:10
2025-02-03 23:00:00,2585,3636,4631,6221,10852,2025-01-28 23:01:10
2025-02-03 22:00:00,2585,3636,4651,6221,10872,2025-01-28 23:01:10
2025-02-03 21:00:00,2585,3636,4651,6221,10872,2025-01-28 23:01:10
2025-02-03 20:00:00,2585,3636,4651,6221,10872,2025-01-28 23:01:10
2025-02-02 04:00:00,2928,3904,4651,6832,11483,2025-01-28 23:01:10
2025-02-02 13:00:00,2931,3811,4651,6742,11393,2025-01-28 23:01:10
2025-02-01 10:00:00,3647,3861,4701,7508,12209,2025-01-28 23:01:10
2025-02-02 15:00:00,2931,3811,4651,6742,11393,2025-01-28 23:01:10
2025-02-01 09:00:00,3304,3861,4701,7165,11866,2025-01-28 23:01:10
2025-02-01 08:00:00,3304,3861,4701,7165,11866,2025-01-28 23:01:10
2025-02-01 07:00:00,3301,3861,4701,7162,11863,2025-01-28 23:01:10
2025-02-01 06:00:00,3301,4183,4701,7484,12185,2025-01-28 23:01:10
2025-02-01 05:00:00,3301,4226,4701,7527,12228,2025-01-28 23:01:10
2025-02-01 04:00:00,3301,4226,4701,7527,12228,2025-01-28 23:01:10
2025-02-01 03:00:00,3301,4226,4701,7527,12228,2025-01-28 23:01:10
2025-02-01 02:00:00,3301,4226,4701,7527,12228,2025-01-28 23:01:10
2025-02-02 14:00:00,2931,3811,4651,6742,11393,2025-01-28 23:01:10
2025-02-01 01:00:00,3301,4226,4701,7527,12228,2025-01-28 23:01:10
2025-02-02 23:00:00,2928,3811,4651,6739,11390,2025-01-28 23:01:10
2025-02-02 22:00:00,2928,3811,4651,6739,11390,2025-01-28 23:01:10
2025-02-02 21:00:00,2928,3811,4651,6739,11390,2025-01-28 23:01:10
2025-02-02 20:00:00,2928,3811,4651,6739,11390,2025-01-28 23:01:10
2025-02-02 19:00:00,2928,3811,4651,6739,11390,2025-01-28 23:01:10
2025-02-02 18:00:00,2928,3811,4651,6739,11390,2025-01-28 23:01:10
2025-02-02 17:00:00,2931,3811,4651,6742,11393,2025-01-28 23:01:10
2025-02-02 16:00:00,2931,3811,4651,6742,11393,2025-01-28 23:01:10
2025-02-01 00:00:00,3301,4226,4701,7527,12228,2025-01-28 23:01:10
2025-02-03 19:00:00,2585,3636,4651,6221,10872,2025-01-28 23:01:10
2025-02-04 22:00:00,2635,3660,4631,6295,10926,2025-01-28 23:01:10
2025-02-03 17:00:00,2585,3663,4651,6248,10899,2025-01-28 23:01:10
2025-02-04 16:00:00,2585,3816,4631,6401,11032,2025-01-28 23:01:10
2025-02-04 15:00:00,2585,3816,4631,6401,11032,2025-01-28 23:01:10
2025-02-04 14:00:00,2585,3816,4631,6401,11032,2025-01-28 23:01:10
2025-02-04 13:00:00,2585,3816,4631,6401,11032,2025-01-28 23:01:10
2025-02-04 12:00:00,2585,3816,4631,6401,11032,2025-01-28 23:01:10
2025-02-04 11:00:00,2585,3816,4631,6401,11032,2025-01-28 23:01:10
2025-02-04 10:00:00,2585,3816,4631,6401,11032,2025-01-28 23:01:10
2025-02-04 09:00:00,2585,3816,4631,6401,11032,2025-01-28 23:01:10
2025-02-04 08:00:00,2585,3816,4631,6401,11032,2025-01-28 23:01:10
2025-02-04 07:00:00,2585,3816,4631,6401,11032,2025-01-28 23:01:10
2025-02-04 06:00:00,2585,3636,4631,6221,10852,2025-01-28 23:01:10
2025-02-04 05:00:00,2585,3636,4631,6221,10852,2025-01-28 23:01:10
2025-02-04 04:00:00,2585,3636,4631,6221,10852,2025-01-28 23:01:10
2025-02-04 03:00:00,2585,3636,4631,6221,10852,2025-01-28 23:01:10
2025-02-04 02:00:00,2585,3636,4631,6221,10852,2025-01-28 23:01:10
2025-02-04 01:00:00,2585,3636,4631,6221,10852,2025-01-28 23:01:10
2025-02-01 11:00:00,3647,3861,4701,7508,12209,2025-01-28 23:01:10
2025-02-04 17:00:00,2585,3816,4631,6401,11032,2025-01-28 23:01:10
2025-02-04 18:00:00,2585,3521,4631,6106,10737,2025-01-28 23:01:10
2025-02-04 19:00:00,2585,3521,4631,6106,10737,2025-01-28 23:01:10
2025-02-04 20:00:00,2635,3660,4631,6295,10926,2025-01-28 23:01:10
2025-02-03 16:00:00,2585,3689,4651,6274,10925,2025-01-28 23:01:10
2025-02-03 15:00:00,2585,3689,4651,6274,10925,2025-01-28 23:01:10
2025-02-03 14:00:00,2585,3689,4651,6274,10925,2025-01-28 23:01:10
2025-02-03 13:00:00,2585,3811,4651,6396,11047,2025-01-28 23:01:10
2025-02-03 12:00:00,2585,3811,4651,6396,11047,2025-01-28 23:01:10
2025-02-03 11:00:00,2585,3811,4651,6396,11047,2025-01-28 23:01:10
2025-02-03 10:00:00,2585,3811,4651,6396,11047,2025-01-28 23:01:10
2025-02-03 09:00:00,2928,3811,4651,6739,11390,2025-01-28 23:01:10
2025-02-03 18:00:00,2585,3636,4651,6221,10872,2025-01-28 23:01:10
2025-02-03 08:00:00,2928,3811,4651,6739,11390,2025-01-28 23:01:10
2025-02-03 06:00:00,2928,3811,4651,6739,11390,2025-01-28 23:01:10
2025-02-03 05:00:00,2928,3811,4651,6739,11390,2025-01-28 23:01:10
2025-02-03 04:00:00,2928,3811,4651,6739,11390,2025-01-28 23:01:10
2025-02-03 03:00:00,2928,3811,4651,6739,11390,2025-01-28 23:01:10
2025-02-03 02:00:00,2928,3811,4651,6739,11390,2025-01-28 23:01:10
2025-02-03 01:00:00,2928,3811,4651,6739,11390,2025-01-28 23:01:10
2025-02-03 00:00:00,2928,3811,4651,6739,11390,2025-01-28 23:01:10
2025-02-04 21:00:00,2635,3660,4631,6295,10926,2025-01-28 23:01:10
2025-02-03 07:00:00,2928,3811,4651,6739,11390,2025-01-28 23:01:10
2025-02-01 12:00:00,3647,3861,4701,7508,12209,2025-01-28 23:01:10
2025-01-30 06:00:00,8100,5409,5123,13509,18632,2025-01-28 23:01:10
2025-02-01 14:00:00,3647,3861,4701,7508,12209,2025-01-28 23:01:10
2025-01-29 03:00:00,9012,6126,5123,15138,20261,2025-01-28 23:01:10
2025-01-29 02:00:00,9965,6136,5123,16101,21224,2025-01-28 23:01:10
2025-01-29 01:00:00,9965,6136,5123,16101,21224,2025-01-28 23:01:10
2025-01-29 00:00:00,9945,6136,5123,16081,21204,2025-01-28 23:01:10
2025-01-30 23:00:00,7407,5841,5123,13248,18371,2025-01-28 23:01:10
2025-01-30 22:00:00,7574,5841,5123,13415,18538,2025-01-28 23:01:10
2025-01-30 21:00:00,7574,5844,5123,13418,18541,2025-01-28 23:01:10
2025-01-30 20:00:00,7574,6044,5123,13618,18741,2025-01-28 23:01:10
2025-01-30 19:00:00,7574,6044,5123,13618,18741,2025-01-28 23:01:10
2025-01-30 18:00:00,7914,6044,5123,13958,19081,2025-01-28 23:01:10
2025-01-30 17:00:00,7967,5540,5123,13507,18630,2025-01-28 23:01:10
2025-01-30 16:00:00,8135,5540,5123,13675,18798,2025-01-28 23:01:10
2025-01-30 15:00:00,8185,5740,5123,13925,19048,2025-01-28 23:01:10
2025-01-30 14:00:00,8450,5740,5123,14190,19313,2025-01-28 23:01:10
2025-01-30 13:00:00,8450,5749,5123,14199,19322,2025-01-28 23:01:10
2025-01-30 12:00:00,8450,5749,5123,14199,19322,2025-01-28 23:01:10
2025-01-30 11:00:00,8450,5749,5123,14199,19322,2025-01-28 23:01:10
2025-01-29 04:00:00,9012,6126,5123,15138,20261,2025-01-28 23:01:10
2025-01-30 10:00:00,8400,5749,5123,14149,19272,2025-01-28 23:01:10
2025-01-29 05:00:00,9077,6126,5123,15203,20326,2025-01-28 23:01:10
2025-01-29 07:00:00,9390,5958,5123,15348,20471,2025-01-28 23:01:10
2025-01-28 23:00:00,9280,6328,5123,15608,20731,2025-01-28 23:01:10
2025-01-29 23:00:00,8105,5772,5123,13877,19000,2025-01-28 23:01:10
2025-01-29 22:00:00,8832,5882,5123,14714,19837,2025-01-28 23:01:10
2025-01-29 21:00:00,8832,5882,5123,14714,19837,2025-01-28 23:01:10
2025-01-29 20:00:00,8832,6262,5123,15094,20217,2025-01-28 23:01:10
2025-01-29 19:00:00,9391,6202,5123,15593,20716,2025-01-28 23:01:10
2025-01-29 18:00:00,9391,5982,5123,15373,20496,2025-01-28 23:01:10
2025-01-29 17:00:00,9175,5962,5123,15137,20260,2025-01-28 23:01:10
2025-01-29 16:00:00,9175,6012,5123,15187,20310,2025-01-28 23:01:10
2025-01-29 15:00:00,9395,5958,5123,15353,20476,2025-01-28 23:01:10
2025-01-29 14:00:00,10155,5958,5123,16113,21236,2025-01-28 23:01:10
2025-01-29 13:00:00,10155,5958,5123,16113,21236,2025-01-28 23:01:10
2025-01-29 12:00:00,10168,5958,5123,16126,21249,2025-01-28 23:01:10
2025-01-29 11:00:00,10155,5958,5123,16113,21236,2025-01-28 23:01:10
2025-01-29 10:00:00,9380,5958,5123,15338,20461,2025-01-28 23:01:10
2025-01-29 09:00:00,9380,5958,5123,15338,20461,2025-01-28 23:01:10
2025-01-29 08:00:00,9480,5958,5123,15438,20561,2025-01-28 23:01:10
2025-01-29 06:00:00,9461,5718,5123,15179,20302,2025-01-28 23:01:10
2025-01-30 09:00:00,8300,5749,5123,14049,19172,2025-01-28 23:01:10
2025-01-30 08:00:00,8035,5549,5123,13584,18707,2025-01-28 23:01:10
2025-01-30 07:00:00,8029,5549,5123,13578,18701,2025-01-28 23:01:10
2025-01-31 07:00:00,6816,5222,5123,12038,17161,2025-01-28 23:01:10
2025-01-31 06:00:00,6816,5544,5123,12360,17483,2025-01-28 23:01:10
2025-01-31 05:00:00,7397,5791,5123,13188,18311,2025-01-28 23:01:10
2025-01-31 04:00:00,7397,5791,5123,13188,18311,2025-01-28 23:01:10
2025-01-31 03:00:00,7397,5791,5123,13188,18311,2025-01-28 23:01:10
2025-01-31 02:00:00,7397,5791,5123,13188,18311,2025-01-28 23:01:10
2025-01-31 01:00:00,7397,5791,5123,13188,18311,2025-01-28 23:01:10
2025-01-31 00:00:00,7397,5791,5123,13188,18311,2025-01-28 23:01:10
2025-02-01 23:00:00,2734,3904,4651,6638,11289,2025-01-28 23:01:10
2025-02-01 22:00:00,3574,3904,4701,7478,12179,2025-01-28 23:01:10
2025-02-01 21:00:00,3574,3904,4701,7478,12179,2025-01-28 23:01:10
2025-02-01 20:00:00,3574,3904,4701,7478,12179,2025-01-28 23:01:10
2025-02-01 19:00:00,3574,3904,4701,7478,12179,2025-01-28 23:01:10
2025-02-01 18:00:00,3574,3904,4701,7478,12179,2025-01-28 23:01:10
2025-02-01 17:00:00,3647,3861,4701,7508,12209,2025-01-28 23:01:10
2025-02-01 16:00:00,3647,3861,4701,7508,12209,2025-01-28 23:01:10
2025-02-01 15:00:00,3647,3861,4701,7508,12209,2025-01-28 23:01:10
2025-01-31 08:00:00,6809,5222,5123,12031,17154,2025-01-28 23:01:10
2025-01-31 09:00:00,6809,5222,5123,12031,17154,2025-01-28 23:01:10
2025-01-31 10:00:00,6999,5222,5123,12221,17344,2025-01-28 23:01:10
2025-01-31 11:00:00,6999,5222,5123,12221,17344,2025-01-28 23:01:10
2025-01-30 05:00:00,8050,5772,5123,13822,18945,2025-01-28 23:01:10
2025-01-30 04:00:00,8050,5772,5123,13822,18945,2025-01-28 23:01:10
2025-01-30 03:00:00,8050,5772,5123,13822,18945,2025-01-28 23:01:10
2025-01-30 02:00:00,8050,5772,5123,13822,18945,2025-01-28 23:01:10
2025-01-30 01:00:00,8050,5772,5123,13822,18945,2025-01-28 23:01:10
2025-01-30 00:00:00,8105,5772,5123,13877,19000,2025-01-28 23:01:10
2025-01-31 23:00:00,3301,4226,4701,7527,12228,2025-01-28 23:01:10
2025-01-31 22:00:00,6390,4926,4921,11316,16237,2025-01-28 23:01:10
2025-02-01 13:00:00,3647,3861,4701,7508,12209,2025-01-28 23:01:10
2025-01-31 21:00:00,6390,4926,4921,11316,16237,2025-01-28 23:01:10
2025-01-31 19:00:00,6450,5007,4921,11457,16378,2025-01-28 23:01:10
2025-01-31 18:00:00,6460,5007,4921,11467,16388,2025-01-28 23:01:10
2025-01-31 17:00:00,6463,5000,4921,11463,16384,2025-01-28 23:01:10
2025-01-31 16:00:00,6678,5141,5123,11819,16942,2025-01-28 23:01:10
2025-01-31 15:00:00,6808,5182,5123,11990,17113,2025-01-28 23:01:10
2025-01-31 14:00:00,6808,5222,5123,12030,17153,2025-01-28 23:01:10
2025-01-31 13:00:00,6808,5222,5123,12030,17153,2025-01-28 23:01:10
2025-01-31 12:00:00,6998,5222,5123,12220,17343,2025-01-28 23:01:10
2025-01-31 20:00:00,6390,4926,4921,11316,16237,2025-01-28 23:01:10
2025-02-04 00:00:00,2585,3636,4631,6221,10852,2025-01-28 23:01:10
