datetime,TotalResourceMW,TotalIRRMW,TotalNewEquipResourceMW,post_datetime,hour_end,res_irr_outage_mw,all_outage_mw
2021-02-10 00:00:00,12317,4126,3531,2021-02-10 00:01:25,2021-02-10 01:00:00,16443,19974
2021-02-10 01:00:00,12324,4126,3331,2021-02-10 01:01:21,2021-02-10 02:00:00,16450,19781
2021-02-10 02:00:00,12455,4799,3331,2021-02-10 02:01:11,2021-02-10 03:00:00,17254,20585
2021-02-10 03:00:00,12455,4799,3331,2021-02-10 03:01:13,2021-02-10 04:00:00,17254,20585
2021-02-10 04:00:00,12455,4789,3331,2021-02-10 04:01:14,2021-02-10 05:00:00,17244,20575
2021-02-10 05:00:00,12455,4789,3331,2021-02-10 05:01:16,2021-02-10 06:00:00,17244,20575
2021-02-10 06:00:00,12598,5699,3331,2021-02-10 06:01:16,2021-02-10 07:00:00,18297,21628
2021-02-10 07:00:00,12741,5726,3331,2021-02-10 07:01:13,2021-02-10 08:00:00,18467,21798
2021-02-10 08:00:00,12741,6539,3331,2021-02-10 08:01:15,2021-02-10 09:00:00,19280,22611
2021-02-10 09:00:00,12758,9718,3331,2021-02-10 09:01:27,2021-02-10 10:00:00,22476,25807
2021-02-10 10:00:00,12558,10701,3331,2021-02-10 10:01:17,2021-02-10 11:00:00,23259,26590
2021-02-10 11:00:00,12558,11484,3331,2021-02-10 11:01:33,2021-02-10 12:00:00,24042,27373
2021-02-10 12:00:00,13012,12051,3331,2021-02-10 12:01:15,2021-02-10 13:00:00,25063,28394
2021-02-10 13:00:00,13077,12369,3331,2021-02-10 13:01:21,2021-02-10 14:00:00,25446,28777
2021-02-10 14:00:00,13247,12432,3331,2021-02-10 14:01:23,2021-02-10 15:00:00,25679,29010
2021-02-10 15:00:00,12668,12387,3331,2021-02-10 15:01:12,2021-02-10 16:00:00,25055,28386
2021-02-10 16:00:00,12090,13514,3331,2021-02-10 16:01:15,2021-02-10 17:00:00,25604,28935
2021-02-10 17:00:00,12090,13541,3331,2021-02-10 17:01:09,2021-02-10 18:00:00,25631,28962
2021-02-10 18:00:00,12642,13525,3259,2021-02-10 18:01:19,2021-02-10 19:00:00,26167,29426
2021-02-10 19:00:00,12718,13511,3331,2021-02-10 19:01:06,2021-02-10 20:00:00,26229,29560
2021-02-10 20:00:00,12718,13770,3331,2021-02-10 20:01:07,2021-02-10 21:00:00,26488,29819
2021-02-10 21:00:00,12109,14340,3331,2021-02-10 21:01:16,2021-02-10 22:00:00,26449,29780
2021-02-10 22:00:00,12109,14996,3331,2021-02-10 22:01:28,2021-02-10 23:00:00,27105,30436
2021-02-10 23:00:00,12015,14902,3214,2021-02-10 23:01:27,2021-02-11 00:00:00,26917,30131
2021-02-11 00:00:00,12109,15399,3331,2021-02-11 00:01:11,2021-02-11 01:00:00,27508,30839
2021-02-11 01:00:00,11273,15516,3331,2021-02-11 01:01:19,2021-02-11 02:00:00,26789,30120
2021-02-11 02:00:00,11329,15429,3331,2021-02-11 02:01:09,2021-02-11 03:00:00,26758,30089
2021-02-11 03:00:00,12165,15506,3331,2021-02-11 03:01:20,2021-02-11 04:00:00,27671,31002
2021-02-11 04:00:00,12265,15588,3331,2021-02-11 04:01:23,2021-02-11 05:00:00,27853,31184
2021-02-11 05:00:00,12155,16039,3331,2021-02-11 05:01:08,2021-02-11 06:00:00,28194,31525
2021-02-11 06:00:00,12286,16078,3331,2021-02-11 06:01:23,2021-02-11 07:00:00,28364,31695
2021-02-11 07:00:00,12286,16171,3331,2021-02-11 07:01:09,2021-02-11 08:00:00,28457,31788
2021-02-11 08:00:00,12207,15486,3331,2021-02-11 08:01:11,2021-02-11 09:00:00,27693,31024
2021-02-11 09:00:00,12877,16276,3331,2021-02-11 09:01:12,2021-02-11 10:00:00,29153,32484
2021-02-11 10:00:00,12917,17169,3331,2021-02-11 10:01:13,2021-02-11 11:00:00,30086,33417
2021-02-11 11:00:00,13088,17332,3331,2021-02-11 11:01:12,2021-02-11 12:00:00,30420,33751
2021-02-11 12:00:00,12920,15721,3331,2021-02-11 12:01:29,2021-02-11 13:00:00,28641,31972
2021-02-11 13:00:00,13806,17033,3331,2021-02-11 13:01:42,2021-02-11 14:00:00,30839,34170
2021-02-11 14:00:00,13756,17489,3331,2021-02-11 14:01:14,2021-02-11 15:00:00,31245,34576
2021-02-11 15:00:00,14252,17699,3331,2021-02-11 15:01:11,2021-02-11 16:00:00,31951,35282
2021-02-11 16:00:00,14028,17551,3331,2021-02-11 16:01:17,2021-02-11 17:00:00,31579,34910
2021-02-11 17:00:00,14589,17398,3331,2021-02-11 17:01:14,2021-02-11 18:00:00,31987,35318
2021-02-11 18:00:00,15213,17315,3331,2021-02-11 18:01:21,2021-02-11 19:00:00,32528,35859
2021-02-11 19:00:00,15604,17420,3331,2021-02-11 19:01:11,2021-02-11 20:00:00,33024,36355
2021-02-11 20:00:00,14726,17409,3331,2021-02-11 20:01:18,2021-02-11 21:00:00,32135,35466
2021-02-11 21:00:00,15006,17261,3331,2021-02-11 21:01:11,2021-02-11 22:00:00,32267,35598
2021-02-11 22:00:00,15642,17230,3331,2021-02-11 22:01:19,2021-02-11 23:00:00,32872,36203
2021-02-11 23:00:00,13353,16911,3331,2021-02-11 23:01:25,2021-02-12 00:00:00,30264,33595
2021-02-12 00:00:00,14482,17066,3331,2021-02-12 00:01:12,2021-02-12 01:00:00,31548,34879
2021-02-12 01:00:00,14486,17006,3331,2021-02-12 01:01:27,2021-02-12 02:00:00,31492,34823
2021-02-12 02:00:00,13982,16969,3331,2021-02-12 02:01:17,2021-02-12 03:00:00,30951,34282
2021-02-12 03:00:00,13797,16930,3331,2021-02-12 03:01:18,2021-02-12 04:00:00,30727,34058
2021-02-12 04:00:00,12870,16910,3331,2021-02-12 04:01:18,2021-02-12 05:00:00,29780,33111
2021-02-12 05:00:00,12870,16794,3331,2021-02-12 05:01:12,2021-02-12 06:00:00,29664,32995
2021-02-12 06:00:00,12928,16631,3331,2021-02-12 06:01:11,2021-02-12 07:00:00,29559,32890
2021-02-12 07:00:00,12759,16776,3331,2021-02-12 07:01:15,2021-02-12 08:00:00,29535,32866
2021-02-12 08:00:00,12599,15868,3331,2021-02-12 08:01:11,2021-02-12 09:00:00,28467,31798
2021-02-12 09:00:00,12384,16362,3331,2021-02-12 09:01:08,2021-02-12 10:00:00,28746,32077
2021-02-12 10:00:00,12607,16162,3331,2021-02-12 10:01:13,2021-02-12 11:00:00,28769,32100
2021-02-12 11:00:00,13255,16102,3331,2021-02-12 11:01:15,2021-02-12 12:00:00,29357,32688
2021-02-12 12:00:00,13440,15855,3331,2021-02-12 12:01:12,2021-02-12 13:00:00,29295,32626
2021-02-12 13:00:00,13055,16818,3331,2021-02-12 13:01:12,2021-02-12 14:00:00,29873,33204
2021-02-12 14:00:00,13185,17122,3331,2021-02-12 14:01:11,2021-02-12 15:00:00,30307,33638
2021-02-12 15:00:00,13250,16871,3331,2021-02-12 15:01:18,2021-02-12 16:00:00,30121,33452
2021-02-12 16:00:00,12778,16440,3331,2021-02-12 16:01:25,2021-02-12 17:00:00,29218,32549
2021-02-12 17:00:00,12648,17025,3331,2021-02-12 17:01:07,2021-02-12 18:00:00,29673,33004
2021-02-12 18:00:00,12718,17025,3331,2021-02-12 18:01:10,2021-02-12 19:00:00,29743,33074
2021-02-12 19:00:00,12636,16998,3331,2021-02-12 19:01:13,2021-02-12 20:00:00,29634,32965
2021-02-12 20:00:00,12896,16998,3331,2021-02-12 20:01:08,2021-02-12 21:00:00,29894,33225
2021-02-12 21:00:00,13105,16998,3331,2021-02-12 21:01:08,2021-02-12 22:00:00,30103,33434
2021-02-12 22:00:00,13509,17195,3331,2021-02-12 22:01:09,2021-02-12 23:00:00,30704,34035
2021-02-12 23:00:00,13452,16818,3214,2021-02-12 23:01:16,2021-02-13 00:00:00,30270,33484
2021-02-13 00:00:00,14064,16997,3349,2021-02-13 00:01:20,2021-02-13 01:00:00,31061,34410
2021-02-13 01:00:00,13823,17160,3323,2021-02-13 01:01:27,2021-02-13 02:00:00,30983,34306
2021-02-13 02:00:00,14148,17160,3323,2021-02-13 02:01:11,2021-02-13 03:00:00,31308,34631
2021-02-13 03:00:00,14379,17160,3323,2021-02-13 03:01:09,2021-02-13 04:00:00,31539,34862
2021-02-13 04:00:00,14333,17160,3323,2021-02-13 04:01:15,2021-02-13 05:00:00,31493,34816
2021-02-13 05:00:00,14333,17160,3323,2021-02-13 05:01:11,2021-02-13 06:00:00,31493,34816
2021-02-13 06:00:00,14056,17105,3323,2021-02-13 06:01:16,2021-02-13 07:00:00,31161,34484
2021-02-13 07:00:00,13861,17123,3323,2021-02-13 07:01:20,2021-02-13 08:00:00,30984,34307
2021-02-13 08:00:00,13075,16701,3323,2021-02-13 08:01:11,2021-02-13 09:00:00,29776,33099
2021-02-13 09:00:00,13214,16748,3323,2021-02-13 09:01:28,2021-02-13 10:00:00,29962,33285
2021-02-13 10:00:00,13377,16748,3323,2021-02-13 10:01:33,2021-02-13 11:00:00,30125,33448
2021-02-13 11:00:00,13362,16604,3323,2021-02-13 11:01:15,2021-02-13 12:00:00,29966,33289
2021-02-13 12:00:00,13398,15982,3323,2021-02-13 12:01:24,2021-02-13 13:00:00,29380,32703
2021-02-13 13:00:00,14127,16583,3323,2021-02-13 13:01:11,2021-02-13 14:00:00,30710,34033
2021-02-13 14:00:00,14032,17472,3323,2021-02-13 14:01:06,2021-02-13 15:00:00,31504,34827
2021-02-13 15:00:00,13814,17529,3323,2021-02-13 15:01:08,2021-02-13 16:00:00,31343,34666
2021-02-13 16:00:00,12982,17743,3388,2021-02-13 16:01:09,2021-02-13 17:00:00,30725,34113
2021-02-13 17:00:00,12955,17693,3388,2021-02-13 17:01:24,2021-02-13 18:00:00,30648,34036
2021-02-13 18:00:00,12544,17831,3388,2021-02-13 18:01:19,2021-02-13 19:00:00,30375,33763
2021-02-13 19:00:00,12647,17814,3388,2021-02-13 19:01:14,2021-02-13 20:00:00,30461,33849
2021-02-13 20:00:00,13283,17314,3388,2021-02-13 20:01:06,2021-02-13 21:00:00,30597,33985
2021-02-13 21:00:00,13639,17283,3388,2021-02-13 21:01:22,2021-02-13 22:00:00,30922,34310
2021-02-13 22:00:00,13673,17014,3388,2021-02-13 22:01:19,2021-02-13 23:00:00,30687,34075
2021-02-13 23:00:00,13480,16847,3388,2021-02-13 23:01:11,2021-02-14 00:00:00,30327,33715
2021-02-14 00:00:00,13624,16811,3388,2021-02-14 00:01:25,2021-02-14 01:00:00,30435,33823
2021-02-14 01:00:00,13816,16711,3388,2021-02-14 01:01:15,2021-02-14 02:00:00,30527,33915
2021-02-14 02:00:00,13752,16711,3400,2021-02-14 02:01:08,2021-02-14 03:00:00,30463,33863
2021-02-14 03:00:00,13824,16641,3400,2021-02-14 03:01:23,2021-02-14 04:00:00,30465,33865
2021-02-14 04:00:00,13746,16517,3400,2021-02-14 04:01:26,2021-02-14 05:00:00,30263,33663
2021-02-14 05:00:00,13817,16781,3400,2021-02-14 05:01:07,2021-02-14 06:00:00,30598,33998
2021-02-14 06:00:00,13948,16429,3400,2021-02-14 06:01:25,2021-02-14 07:00:00,30377,33777
2021-02-14 07:00:00,13362,16598,3400,2021-02-14 07:01:06,2021-02-14 08:00:00,29960,33360
2021-02-14 08:00:00,13108,16851,3400,2021-02-14 08:01:16,2021-02-14 09:00:00,29959,33359
2021-02-14 09:00:00,12987,17535,3400,2021-02-14 09:01:27,2021-02-14 10:00:00,30522,33922
2021-02-14 10:00:00,13377,17257,3400,2021-02-14 10:01:13,2021-02-14 11:00:00,30634,34034
2021-02-14 11:00:00,13931,17138,3400,2021-02-14 11:01:10,2021-02-14 12:00:00,31069,34469
2021-02-14 12:00:00,14403,17475,3400,2021-02-14 12:01:31,2021-02-14 13:00:00,31878,35278
2021-02-14 13:00:00,14272,17682,3400,2021-02-14 13:01:14,2021-02-14 14:00:00,31954,35354
2021-02-14 14:00:00,13698,17650,3400,2021-02-14 14:01:09,2021-02-14 15:00:00,31348,34748
2021-02-14 15:00:00,14188,17841,3400,2021-02-14 15:01:17,2021-02-14 16:00:00,32029,35429
2021-02-14 16:00:00,13951,17255,3400,2021-02-14 16:01:23,2021-02-14 17:00:00,31206,34606
2021-02-14 17:00:00,14587,17480,3400,2021-02-14 17:01:17,2021-02-14 18:00:00,32067,35467
2021-02-14 18:00:00,13849,17844,3403,2021-02-14 18:01:13,2021-02-14 19:00:00,31693,35096
2021-02-14 19:00:00,13856,18011,3403,2021-02-14 19:01:21,2021-02-14 20:00:00,31867,35270
2021-02-14 20:00:00,13708,18355,3403,2021-02-14 20:01:08,2021-02-14 21:00:00,32063,35466
2021-02-14 21:00:00,14158,18577,3403,2021-02-14 21:01:21,2021-02-14 22:00:00,32735,36138
2021-02-14 22:00:00,13327,18504,3403,2021-02-14 22:01:21,2021-02-14 23:00:00,31831,35234
2021-02-14 23:00:00,12743,18311,3403,2021-02-14 23:01:10,2021-02-15 00:00:00,31054,34457
2021-02-15 00:00:00,13983,19488,3403,2021-02-15 00:01:34,2021-02-15 01:00:00,33471,36874
2021-02-15 01:00:00,14987,19954,3403,2021-02-15 01:01:18,2021-02-15 02:00:00,34941,38344
2021-02-15 02:00:00,15365,20477,3403,2021-02-15 02:01:28,2021-02-15 03:00:00,35842,39245
2021-02-15 03:00:00,17903,20705,3403,2021-02-15 03:01:14,2021-02-15 04:00:00,38608,42011
2021-02-15 04:00:00,20693,21212,3403,2021-02-15 04:01:16,2021-02-15 05:00:00,41905,45308
2021-02-15 05:00:00,22664,22200,3403,2021-02-15 05:01:27,2021-02-15 06:00:00,44864,48267
2021-02-15 06:00:00,24369,22431,3403,2021-02-15 06:01:23,2021-02-15 07:00:00,46800,50203
2021-02-15 07:00:00,26646,22480,3403,2021-02-15 07:01:11,2021-02-15 08:00:00,49126,52529
2021-02-15 08:00:00,26783,22193,3403,2021-02-15 08:01:21,2021-02-15 09:00:00,48976,52379
2021-02-15 09:00:00,27557,22200,3403,2021-02-15 09:01:10,2021-02-15 10:00:00,49757,53160
2021-02-15 10:00:00,29465,22190,3403,2021-02-15 10:01:33,2021-02-15 11:00:00,51655,55058
2021-02-15 11:00:00,30486,22026,3403,2021-02-15 11:01:29,2021-02-15 12:00:00,52512,55915
2021-02-15 12:00:00,28280,20828,3403,2021-02-15 12:01:17,2021-02-15 13:00:00,49108,52511
2021-02-15 13:00:00,27821,22567,3403,2021-02-15 13:01:15,2021-02-15 14:00:00,50388,53791
2021-02-15 14:00:00,29000,22388,3403,2021-02-15 14:01:27,2021-02-15 15:00:00,51388,54791
2021-02-15 15:00:00,29730,22434,3403,2021-02-15 15:01:13,2021-02-15 16:00:00,52164,55567
2021-02-15 16:00:00,30707,22108,3403,2021-02-15 16:01:30,2021-02-15 17:00:00,52815,56218
2021-02-15 17:00:00,31777,21864,3403,2021-02-15 17:01:16,2021-02-15 18:00:00,53641,57044
2021-02-15 18:00:00,30461,21712,3403,2021-02-15 18:01:13,2021-02-15 19:00:00,52173,55576
2021-02-15 19:00:00,30887,21971,3403,2021-02-15 19:01:07,2021-02-15 20:00:00,52858,56261
2021-02-15 20:00:00,30918,21608,3282,2021-02-15 20:01:14,2021-02-15 21:00:00,52526,55808
2021-02-15 21:00:00,30808,21693,3282,2021-02-15 21:01:18,2021-02-15 22:00:00,52501,55783
2021-02-15 22:00:00,30250,21701,3282,2021-02-15 22:01:29,2021-02-15 23:00:00,51951,55233
2021-02-15 23:00:00,26888,20929,3282,2021-02-15 23:01:16,2021-02-16 00:00:00,47817,51099
2021-02-16 00:00:00,26747,21104,3282,2021-02-16 00:01:15,2021-02-16 01:00:00,47851,51133
2021-02-16 01:00:00,30907,20931,3302,2021-02-16 01:01:37,2021-02-16 02:00:00,51838,55140
2021-02-16 02:00:00,31219,21044,3302,2021-02-16 02:01:12,2021-02-16 03:00:00,52263,55565
2021-02-16 03:00:00,30765,21008,3302,2021-02-16 03:01:13,2021-02-16 04:00:00,51773,55075
2021-02-16 04:00:00,31478,21233,3302,2021-02-16 04:01:24,2021-02-16 05:00:00,52711,56013
2021-02-16 05:00:00,30957,20856,3302,2021-02-16 05:01:12,2021-02-16 06:00:00,51813,55115
2021-02-16 06:00:00,30931,21159,3302,2021-02-16 06:01:11,2021-02-16 07:00:00,52090,55392
2021-02-16 07:00:00,32379,21122,3302,2021-02-16 07:01:10,2021-02-16 08:00:00,53501,56803
2021-02-16 08:00:00,31600,21224,3302,2021-02-16 08:01:21,2021-02-16 09:00:00,52824,56126
2021-02-16 09:00:00,31411,20380,3302,2021-02-16 09:01:18,2021-02-16 10:00:00,51791,55093
2021-02-16 10:00:00,29947,20053,3282,2021-02-16 10:01:34,2021-02-16 11:00:00,50000,53282
2021-02-16 11:00:00,30335,20063,3282,2021-02-16 11:01:11,2021-02-16 12:00:00,50398,53680
2021-02-16 12:00:00,29939,17507,3210,2021-02-16 12:01:17,2021-02-16 13:00:00,47446,50656
2021-02-16 13:00:00,28876,17229,3210,2021-02-16 13:01:11,2021-02-16 14:00:00,46105,49315
2021-02-16 14:00:00,30184,17763,3210,2021-02-16 14:01:16,2021-02-16 15:00:00,47947,51157
2021-02-16 15:00:00,30684,18716,3282,2021-02-16 15:01:14,2021-02-16 16:00:00,49400,52682
2021-02-16 16:00:00,30863,18180,3282,2021-02-16 16:01:08,2021-02-16 17:00:00,49043,52325
2021-02-16 17:00:00,31815,19841,3282,2021-02-16 17:01:28,2021-02-16 18:00:00,51656,54938
2021-02-16 18:00:00,30981,19775,3282,2021-02-16 18:01:19,2021-02-16 19:00:00,50756,54038
2021-02-16 19:00:00,30714,19724,3282,2021-02-16 19:01:15,2021-02-16 20:00:00,50438,53720
2021-02-16 20:00:00,31601,19777,3282,2021-02-16 20:01:13,2021-02-16 21:00:00,51378,54660
2021-02-16 21:00:00,30593,19830,3282,2021-02-16 21:01:07,2021-02-16 22:00:00,50423,53705
2021-02-16 22:00:00,30860,20031,3282,2021-02-16 22:01:10,2021-02-16 23:00:00,50891,54173
2021-02-16 23:00:00,27260,19529,3282,2021-02-16 23:01:17,2021-02-17 00:00:00,46789,50071
2021-02-17 00:00:00,28850,19761,3282,2021-02-17 00:01:10,2021-02-17 01:00:00,48611,51893
2021-02-17 01:00:00,31279,19641,3282,2021-02-17 01:01:29,2021-02-17 02:00:00,50920,54202
2021-02-17 02:00:00,30204,19379,3282,2021-02-17 02:01:11,2021-02-17 03:00:00,49583,52865
2021-02-17 03:00:00,30198,19641,3282,2021-02-17 03:01:30,2021-02-17 04:00:00,49839,53121
2021-02-17 04:00:00,29959,19457,3282,2021-02-17 04:01:17,2021-02-17 05:00:00,49416,52698
2021-02-17 05:00:00,30542,19678,3282,2021-02-17 05:01:15,2021-02-17 06:00:00,50220,53502
2021-02-17 06:00:00,30757,19742,3282,2021-02-17 06:01:12,2021-02-17 07:00:00,50499,53781
2021-02-17 07:00:00,30855,19976,3282,2021-02-17 07:01:17,2021-02-17 08:00:00,50831,54113
2021-02-17 08:00:00,30547,19780,3282,2021-02-17 08:01:11,2021-02-17 09:00:00,50327,53609
2021-02-17 09:00:00,30016,19780,3282,2021-02-17 09:01:18,2021-02-17 10:00:00,49796,53078
2021-02-17 10:00:00,31703,19182,3282,2021-02-17 10:01:19,2021-02-17 11:00:00,50885,54167
2021-02-17 11:00:00,31558,19634,3276,2021-02-17 11:01:12,2021-02-17 12:00:00,51192,54468
2021-02-17 12:00:00,30011,17647,3204,2021-02-17 12:01:23,2021-02-17 13:00:00,47658,50862
2021-02-17 13:00:00,28540,18720,3276,2021-02-17 13:01:20,2021-02-17 14:00:00,47260,50536
2021-02-17 14:00:00,30258,18441,3060,2021-02-17 14:01:23,2021-02-17 15:00:00,48699,51759
2021-02-17 15:00:00,29527,18523,3276,2021-02-17 15:01:18,2021-02-17 16:00:00,48050,51326
2021-02-17 16:00:00,28191,18042,3276,2021-02-17 16:01:15,2021-02-17 17:00:00,46233,49509
2021-02-17 17:00:00,28032,18773,3276,2021-02-17 17:01:14,2021-02-17 18:00:00,46805,50081
2021-02-17 18:00:00,28071,18353,3276,2021-02-17 18:01:28,2021-02-17 19:00:00,46424,49700
2021-02-17 19:00:00,27046,18516,3276,2021-02-17 19:01:13,2021-02-17 20:00:00,45562,48838
2021-02-17 20:00:00,26755,18406,3276,2021-02-17 20:01:15,2021-02-17 21:00:00,45161,48437
2021-02-17 21:00:00,26445,18417,3276,2021-02-17 21:01:17,2021-02-17 22:00:00,44862,48138
2021-02-17 22:00:00,25996,19000,3276,2021-02-17 22:01:26,2021-02-17 23:00:00,44996,48272
2021-02-17 23:00:00,21825,17701,3276,2021-02-17 23:01:10,2021-02-18 00:00:00,39526,42802
2021-02-18 00:00:00,23562,18626,3276,2021-02-18 00:01:13,2021-02-18 01:00:00,42188,45464
2021-02-18 01:00:00,24363,18621,3276,2021-02-18 01:01:25,2021-02-18 02:00:00,42984,46260
2021-02-18 02:00:00,23750,18012,3276,2021-02-18 02:01:10,2021-02-18 03:00:00,41762,45038
2021-02-18 03:00:00,23379,18129,3276,2021-02-18 03:01:17,2021-02-18 04:00:00,41508,44784
2021-02-18 04:00:00,23512,18945,3276,2021-02-18 04:01:22,2021-02-18 05:00:00,42457,45733
2021-02-18 05:00:00,23538,18898,3276,2021-02-18 05:01:14,2021-02-18 06:00:00,42436,45712
2021-02-18 06:00:00,24359,18898,3276,2021-02-18 06:01:14,2021-02-18 07:00:00,43257,46533
2021-02-18 07:00:00,24544,18199,3276,2021-02-18 07:01:15,2021-02-18 08:00:00,42743,46019
2021-02-18 08:00:00,24889,18027,3276,2021-02-18 08:01:13,2021-02-18 09:00:00,42916,46192
2021-02-18 09:00:00,24011,18077,3276,2021-02-18 09:01:10,2021-02-18 10:00:00,42088,45364
2021-02-18 10:00:00,24463,17845,3276,2021-02-18 10:01:23,2021-02-18 11:00:00,42308,45584
2021-02-18 11:00:00,24726,17836,3276,2021-02-18 11:01:16,2021-02-18 12:00:00,42562,45838
2021-02-18 12:00:00,25005,17106,3276,2021-02-18 12:01:17,2021-02-18 13:00:00,42111,45387
2021-02-18 13:00:00,23835,17927,3276,2021-02-18 13:01:14,2021-02-18 14:00:00,41762,45038
2021-02-18 14:00:00,23575,17863,3276,2021-02-18 14:01:23,2021-02-18 15:00:00,41438,44714
2021-02-18 15:00:00,23756,17987,3276,2021-02-18 15:01:28,2021-02-18 16:00:00,41743,45019
2021-02-18 16:00:00,23366,17322,3276,2021-02-18 16:01:27,2021-02-18 17:00:00,40688,43964
2021-02-18 17:00:00,23000,17120,3276,2021-02-18 17:01:13,2021-02-18 18:00:00,40120,43396
2021-02-18 18:00:00,22988,16567,3276,2021-02-18 18:01:16,2021-02-18 19:00:00,39555,42831
2021-02-18 19:00:00,22639,16820,3276,2021-02-18 19:01:18,2021-02-18 20:00:00,39459,42735
2021-02-18 20:00:00,22186,16691,3276,2021-02-18 20:01:16,2021-02-18 21:00:00,38877,42153
2021-02-18 21:00:00,21546,16873,3276,2021-02-18 21:01:14,2021-02-18 22:00:00,38419,41695
2021-02-18 22:00:00,21114,16873,3276,2021-02-18 22:01:21,2021-02-18 23:00:00,37987,41263
2021-02-18 23:00:00,19699,16044,3276,2021-02-18 23:01:14,2021-02-19 00:00:00,35743,39019
2021-02-19 00:00:00,19748,16397,3247,2021-02-19 00:01:19,2021-02-19 01:00:00,36145,39392
2021-02-19 01:00:00,20691,16718,3247,2021-02-19 01:01:28,2021-02-19 02:00:00,37409,40656
2021-02-19 02:00:00,21346,16575,3247,2021-02-19 02:01:12,2021-02-19 03:00:00,37921,41168
2021-02-19 03:00:00,21346,16542,3247,2021-02-19 03:01:08,2021-02-19 04:00:00,37888,41135
2021-02-19 04:00:00,20281,16448,3247,2021-02-19 04:01:24,2021-02-19 05:00:00,36729,39976
2021-02-19 05:00:00,20932,16294,3247,2021-02-19 05:01:09,2021-02-19 06:00:00,37226,40473
2021-02-19 06:00:00,21277,16088,3247,2021-02-19 06:01:37,2021-02-19 07:00:00,37365,40612
2021-02-19 07:00:00,21204,16285,3247,2021-02-19 07:01:24,2021-02-19 08:00:00,37489,40736
2021-02-19 08:00:00,21160,16250,3247,2021-02-19 08:01:09,2021-02-19 09:00:00,37410,40657
2021-02-19 09:00:00,20831,16214,3247,2021-02-19 09:01:22,2021-02-19 10:00:00,37045,40292
2021-02-19 10:00:00,20228,15967,3247,2021-02-19 10:01:18,2021-02-19 11:00:00,36195,39442
2021-02-19 11:00:00,20410,16057,3247,2021-02-19 11:01:21,2021-02-19 12:00:00,36467,39714
2021-02-19 12:00:00,19699,15085,3247,2021-02-19 12:01:13,2021-02-19 13:00:00,34784,38031
2021-02-19 13:00:00,19985,15050,3175,2021-02-19 13:01:29,2021-02-19 14:00:00,35035,38210
2021-02-19 14:00:00,20097,14642,3175,2021-02-19 14:01:21,2021-02-19 15:00:00,34739,37914
2021-02-19 15:00:00,20125,14051,3175,2021-02-19 15:01:37,2021-02-19 16:00:00,34176,37351
2021-02-19 16:00:00,20520,13080,3175,2021-02-19 16:01:28,2021-02-19 17:00:00,33600,36775
2021-02-19 17:00:00,20423,11982,3175,2021-02-19 17:01:16,2021-02-19 18:00:00,32405,35580
2021-02-19 18:00:00,20121,11344,3175,2021-02-19 18:01:12,2021-02-19 19:00:00,31465,34640
2021-02-19 19:00:00,19738,11661,3175,2021-02-19 19:01:15,2021-02-19 20:00:00,31399,34574
2021-02-19 20:00:00,19793,11095,3175,2021-02-19 20:01:16,2021-02-19 21:00:00,30888,34063
2021-02-19 21:00:00,20076,10982,3175,2021-02-19 21:01:08,2021-02-19 22:00:00,31058,34233
2021-02-19 22:00:00,20644,10310,3175,2021-02-19 22:01:18,2021-02-19 23:00:00,30954,34129
2021-02-19 23:00:00,19334,9763,3175,2021-02-19 23:01:10,2021-02-20 00:00:00,29097,32272
2021-02-20 00:00:00,19396,9889,3175,2021-02-20 00:01:09,2021-02-20 01:00:00,29285,32460
2021-02-20 01:00:00,20135,9453,3175,2021-02-20 01:01:31,2021-02-20 02:00:00,29588,32763
2021-02-20 02:00:00,20135,9451,3175,2021-02-20 02:01:14,2021-02-20 03:00:00,29586,32761
2021-02-20 03:00:00,20012,9451,3175,2021-02-20 03:01:19,2021-02-20 04:00:00,29463,32638
2021-02-20 04:00:00,20066,9444,3175,2021-02-20 04:01:18,2021-02-20 05:00:00,29510,32685
2021-02-20 05:00:00,20066,9249,3175,2021-02-20 05:01:10,2021-02-20 06:00:00,29315,32490
2021-02-20 06:00:00,20176,9241,3175,2021-02-20 06:01:17,2021-02-20 07:00:00,29417,32592
2021-02-20 07:00:00,20226,9120,3175,2021-02-20 07:01:17,2021-02-20 08:00:00,29346,32521
2021-02-20 08:00:00,20992,9160,3175,2021-02-20 08:01:13,2021-02-20 09:00:00,30152,33327
2021-02-20 09:00:00,21255,9160,3257,2021-02-20 09:01:13,2021-02-20 10:00:00,30415,33672
2021-02-20 10:00:00,23217,9140,3257,2021-02-20 10:01:28,2021-02-20 11:00:00,32357,35614
2021-02-20 11:00:00,23217,9105,3257,2021-02-20 11:01:19,2021-02-20 12:00:00,32322,35579
2021-02-20 12:00:00,23777,7676,3257,2021-02-20 12:01:13,2021-02-20 13:00:00,31453,34710
2021-02-20 13:00:00,23270,7685,3257,2021-02-20 13:01:36,2021-02-20 14:00:00,30955,34212
2021-02-20 14:00:00,23234,7919,3257,2021-02-20 14:01:11,2021-02-20 15:00:00,31153,34410
2021-02-20 15:00:00,23337,7632,3175,2021-02-20 15:01:24,2021-02-20 16:00:00,30969,34144
2021-02-20 16:00:00,23810,7494,3175,2021-02-20 16:01:33,2021-02-20 17:00:00,31304,34479
2021-02-20 17:00:00,24099,7146,3175,2021-02-20 17:01:14,2021-02-20 18:00:00,31245,34420
2021-02-20 18:00:00,23626,6933,3175,2021-02-20 18:01:18,2021-02-20 19:00:00,30559,33734
2021-02-20 19:00:00,23435,6762,3175,2021-02-20 19:01:16,2021-02-20 20:00:00,30197,33372
2021-02-20 20:00:00,23435,6351,3175,2021-02-20 20:01:10,2021-02-20 21:00:00,29786,32961
2021-02-20 21:00:00,23120,6074,3175,2021-02-20 21:01:11,2021-02-20 22:00:00,29194,32369
2021-02-20 22:00:00,23167,5348,3175,2021-02-20 22:01:16,2021-02-20 23:00:00,28515,31690
2021-02-20 23:00:00,22089,5430,3175,2021-02-20 23:01:17,2021-02-21 00:00:00,27519,30694
2021-02-21 00:00:00,23447,5430,3175,2021-02-21 00:01:16,2021-02-21 01:00:00,28877,32052
2021-02-21 01:00:00,23447,5439,3175,2021-02-21 01:01:32,2021-02-21 02:00:00,28886,32061
2021-02-21 02:00:00,23447,5612,3175,2021-02-21 02:01:15,2021-02-21 03:00:00,29059,32234
2021-02-21 03:00:00,23447,5723,3175,2021-02-21 03:01:09,2021-02-21 04:00:00,29170,32345
2021-02-21 04:00:00,23447,5673,3175,2021-02-21 04:01:25,2021-02-21 05:00:00,29120,32295
2021-02-21 05:00:00,23447,5688,3175,2021-02-21 05:01:13,2021-02-21 06:00:00,29135,32310
2021-02-21 06:00:00,23447,5688,3175,2021-02-21 06:01:30,2021-02-21 07:00:00,29135,32310
2021-02-21 07:00:00,23937,5961,3175,2021-02-21 07:01:16,2021-02-21 08:00:00,29898,33073
2021-02-21 08:00:00,23937,5961,3175,2021-02-21 08:01:12,2021-02-21 09:00:00,29898,33073
2021-02-21 09:00:00,24489,5883,3175,2021-02-21 09:01:14,2021-02-21 10:00:00,30372,33547
2021-02-21 10:00:00,24118,5937,3175,2021-02-21 10:01:20,2021-02-21 11:00:00,30055,33230
2021-02-21 11:00:00,24245,5937,3175,2021-02-21 11:01:12,2021-02-21 12:00:00,30182,33357
2021-02-21 12:00:00,24066,5327,3175,2021-02-21 12:01:10,2021-02-21 13:00:00,29393,32568
2021-02-21 13:00:00,24142,6065,3175,2021-02-21 13:01:23,2021-02-21 14:00:00,30207,33382
2021-02-21 14:00:00,24782,5926,3175,2021-02-21 14:01:12,2021-02-21 15:00:00,30708,33883
2021-02-21 15:00:00,24599,5686,3175,2021-02-21 15:01:17,2021-02-21 16:00:00,30285,33460
2021-02-21 16:00:00,24599,5530,3175,2021-02-21 16:01:11,2021-02-21 17:00:00,30129,33304
2021-02-21 17:00:00,24599,5480,3175,2021-02-21 17:01:16,2021-02-21 18:00:00,30079,33254
2021-02-21 18:00:00,24289,5403,3175,2021-02-21 18:01:13,2021-02-21 19:00:00,29692,32867
2021-02-21 19:00:00,25291,4874,3175,2021-02-21 19:01:11,2021-02-21 20:00:00,30165,33340
2021-02-21 20:00:00,25087,4602,3065,2021-02-21 20:01:15,2021-02-21 21:00:00,29689,32754
2021-02-21 21:00:00,24856,4602,2955,2021-02-21 21:01:09,2021-02-21 22:00:00,29458,32413
2021-02-21 22:00:00,24963,4536,2955,2021-02-21 22:01:06,2021-02-21 23:00:00,29499,32454
2021-02-21 23:00:00,24177,4757,2955,2021-02-21 23:01:18,2021-02-22 00:00:00,28934,31889
