path,bytes,sha256
.gitignore,207,73faca343af1eee0517accfc1fd1ec5fedc56fcc5628ba7eb9de05060b0390cf
CITATION.cff,1090,662e4df6da6d48ec1837a6a656b3c864fa72104305a0da82bfec919021197b47
LICENSE,1592,a5eee750674d4084d6b3d3aabaaf357cf13f27a8ac4d8a46b4b75ed103b36b8b
README.md,8595,bdf25cdde06e37e26b6f0f7f24198d296232b27abe9ff2bb122679aca0540ade
data/DATA_DICTIONARY.md,10719,80648325caa0a0ce397070d8fbfe3340fe654dac9b444d2a40ff2c77d76f08cb
data/PROVENANCE.md,4840,d89e0ab68c2bf415e9593802277bb273d9257c9bb0ebda3c1b0a7c25b0cd8b7e
data/fuel_panels/elliott_2022_fuel_panel.csv,47037,cf87b3c083049a4a5d36f771d7bcbcde128e654c781ec566ec6a257d4af35c69
data/fuel_panels/january_2025_fuel_panel.csv,15088,5e6de696dd5db7c851d3e4957977e2ce3ba0f3c2035acfa3edb0f8ee5245c2fb
data/fuel_panels/uri_2021_fuel_panel.csv,59116,926c15db393ff18324fea726ef887cbfd3f91b45a45832c843e5f32c79a74808
data/hourly_panels/elliott_2022_hourly_panel.csv,35802,bd0567c231f9d8340ade8e8b4e088f970c0a7b89aadc3b1f091f9df48287f75a
data/hourly_panels/january_2025_hourly_panel.csv,288985,5ab0c6f4d4b9a7759d30767cbee49ccfbb447c4a1733780c3d949d1e4d03b374
data/hourly_panels/uri_2021_hourly_panel.csv,47912,e889f2f80d16abb5b974b69b00eaf708c056d91ced2456b76230986b6b0d6d3c
data/interval_reserve/elliott_2022_interval_reserve.csv,127239,57c632b069eb662be4f8b8077683b755a8f53b2059ba3e5246f3bc992dea97cb
data/interval_reserve/january_2025_interval_reserve.csv,86688,26e77e8d9455115d6a0ded032c170c762f54a6af68798dce193907684e70ced3
data/interval_reserve/uri_2021_interval_reserve.csv,167800,30ffa5d02f49027e8f1b83d3560a8a925c85f233d376de9c653ebaceab01f088
data/outage_panels/elliott_2022_outage_snapshot.csv,18997,03e0cf1945eee4c6bcec41cc034d60b72fa7a2691fec6d813b8aac99cd71a2d6
data/outage_panels/january_2025_outage_snapshot.csv,33733,5f49dc7315190752d70a16a7b99331909def0411559eecd54e838776af99d2e1
data/outage_panels/uri_2021_outage_snapshot.csv,25688,6fa6763a2ea8dc4dbdd087ffc199e85b7a1ed4d6070620aa35e9ed84cb4be63d
data/sensitivity/january_2025_dedup_variants.csv,79127,b754a9bc463c29fb1f57ead1cd30dac312a51a1f8c2b2a99f09b7e663e673a54
data/sensitivity/january_2025_outage_snapshot_variants.csv,42146,fb02a3b7190385e35b3f0acbd6e23d7d2b8d302315c3dc9cc9c81893fd0df959
environment.yml,169,00b1094b99c2fa5220f6589af6ccb6ab6214f9efd25f3c626ba82e2bd87c8dc0
figures/figure1_workflow.png,155856,988fc5c7034269510047438bc163980464251123f3038cf3f959cfbcfd0a5420
figures/figure2_shock_sweep.png,136348,0b6234fc96b32b42ae55a19f786b933c36aafed87632d251d0dcaa9257c39915
figures/figure3_uri_trajectory.png,136652,c17ba3a3008d38b3a40bc6eef5397f939edbe53f78e63a1d973f159023d64205
figures/figureS1_load_prc.png,210378,825d370d243b10d54aaa78a277a26d8db97a6aab0e1679ac4432e289dc44061b
figures/figureS2_residual_rtordpa.png,238289,e8c9849e2e2729a6993bfc835f3bb30f1bc617b4bff6f3083907bf3e810617a5
figures/figureS3_three_event_chi.png,38108,d19021e4f819a56187152b38f146a9c9dea6c498ba70cd57bef0bffb731e5160
figures/figureS4_prc_wind_profiles.png,270915,e4467913acd3acaf6b426ce3abad65bd70f281343c030f0da5179b797f150831
figures/figureS5_peak_fuel.png,37909,f0eb6cc0c2e35e45b8019a97db8b1793e6afded3b5a80b16cbb0d597b4e53e21
figures/figureS6_mc_bridge.png,114155,6bb0f17ceef47ef122ad0c70c336799e2aef11537887f49a99a240855a8da9ed
requirements.txt,165,f6e9a9116dca05d2b439059a7025beabe809543102f185bb6f90879a71420311
results/incidence_depth.csv,97,a0ac1861564cf3262033d050db24b06f78b3635618d20dd4dee99531f04f996c
results/mc_bridge_summary.csv,163,03f5bae0654aa2e0576ed019a6d97401d67507f92882445148b71d87874abfde
results/runtime_report.csv,785,88ff1b215f2808868f5573afb1007af076f68ccc053e59ffe40e71393b0ef5bb
results/sweep_chi_by_shock.csv,5019,1e069e92a5f904223715e3c7c1039f627e7ac5ca45a93bf890a13b7ecd5f5683
results/table3_event_summary.csv,305,19ec081cd8949a29a02b0184b7c4ea951db6c12820d58af836b45f44cd8ed108
results/table4_ree_by_event.csv,564,dc336cb601de83b8cc033e25bc404de5164d67249dd7eed57d7c5f992b604b9a
results/table5_retained_anchor_sweep.csv,645,4c3f81748f497e16f043b13edc117295a65e648ae57e5f154d503e870a440264
results/table6_chi_crossings.csv,305,322488e11a58b5c5fd1267c8bb4aa1a9c01bcea56c6f44870927e77714029a82
results/table7_wind_shocks.csv,414,8b5b5a9cd442c9efd69979483b3fbf70e092851835c66366bd587eb2240f28e7
results/table8_documented_state_alignment.csv,416,318b9856665be3214ae827a6e19fde3f116e3373b230814cfa5ffdada9745f40
results/tableS10_tight_hour_context.csv,460,337be453a171521cb89c55a02179f64398fbe99838b084197b57ddfc13f3f19e
results/tableS11_jan_snapshot_sensitivity.csv,403,aed073e9a2cb311244d0ee34ff3a8491084524614a0eddea9fc34b005a92baa6
results/tableS12_jan_dedup_sensitivity.csv,241,3963c7498478800b9787628d65b01cd8e496b166970ed97268f4f856a3d7dc46
results/tableS13_block_bootstrap_ci.csv,978,b7cd7f5efd8545c38c4e5d484b511de41fc50f2a595c79f070d4ff2e8480024d
results/tableS14_convexity_check.csv,377,50cd714bf4512c8e45e682414b50436effd921d977c9db299816bcee13eb8230
results/tableS15_mc_prob_sensitivity.csv,605,e44ccef252ad6a23f7340c85ba9fbbd983c8450b1b1c9db3dc52359103d38bbf
results/tableS16_wind_buffer_alignment.csv,275,fc2c0f5776821729968075936034ba4998bba5fb6209a0826ea15ff86ebe1b1c
results/tableS2_data_layers.csv,856,0a76d7a65963bb435078a09e33cb22ea4a17a721191526193af3c544dbd6537d
results/tableS3_interval_audit.csv,207,624fc643ef83716e4f43688048e4b73d153432fb3763c4d907ad3b9078cc7ed4
results/tableS5_report_anchors.csv,361,182c4888b0318724a00ef92c30dc53ec912e10c8027423fbdf81d66c11807ade
results/tableS6_scarcity_consistency.csv,972,1663d5e1ebb2e5512bbf97236e6829995caf80bd4d28a7113aa846374c7f1677
results/tableS7_envelope_shocks.csv,327,9c51614c181161b92c82cf52efaa87d291ce33e0fedd8c2f5b37b4bfbaa705f4
results/tableS8_alternative_buffers.csv,492,67d8dbfd4f954d549a8a32a60a55829f7e9df35bef4b509fd57bf7fb85694277
results/tableS9_peak_fuel.csv,292,0efec3a4b9ee4b3af52fdacd602570e3c1d8a01ad10a9ab8791013dfbc727cf7
results/tableS_overstatement.csv,421,57a9beb96df4b25fc7e83eae4838b6c8444c9608b7b37c93b6f4e0c4fd136b5a
results/uri_window_decomposition.csv,149,fd523b5daa48d5b3f21d0bfd6345afe2fd0e4bab0b56874ca059ae56ff0b2412
scripts/01_reserve_exceedance_tables.py,2308,3d61f3d9496dfcf1a03576e22e77f07e6395a3273ca9fd32ac69c0104fbd41c0
scripts/02_shock_sweep_and_crossings.py,2872,12ccf35baedb1f6ea1234ef6f96cd379004d98d0bcf91a47e7fb53002a81d4af
scripts/03_event_specific_and_wind_shocks.py,3490,86bde8f13295e1983f9fbca566722b998c7305e518ae99a110e4775e2c4fa638
scripts/04_alternative_buffers.py,1235,a0c43cc08a641217c80efaba9d0fc579eb879c01acbb11fe5561ac7a6bb75fcf
scripts/05_documented_state_alignment.py,5019,c08a70092b999af143c3db6214cb1f433fe05b57a1fcfea2902ec9e88d583898
scripts/06_mechanism_decomposition.py,3527,f6cee76aff32115c7ac725b0381c3a213dac143593502c7222dc5118bd167852
scripts/07_montecarlo_bridge.py,5238,6628d0efd7c41c6ed9a3e76e774fff5d87cdaefce1a697e9015cb845e1cb04eb
scripts/08_consistency_checks.py,586,9fe5f737ae8b1d70948989a5e792a93a6c2b5b04fb3d601a7954cf4a432df3bb
scripts/09_event_summary_audit.py,2098,399bfed1c2f21e3f73ecd8638a57d8d7a5439ff3dd2b57d4523af33728d75139
scripts/10_supplementary_tables.py,3679,0ecb7aa990fd0ed6a051e98f0832c730af5cdf8ff41e57b29b30a2f89aeccc64
scripts/11_supplementary_figures.py,5274,39fd457c3b3fe9bd06f865f84e3f2b4f120df3d43cc3876d0eff57cf404744b8
scripts/12_workflow_figure.py,2945,a6240ef78f89fc231f9fb29e95b0901ef204b694e8686f9c74de2a903be43d26
scripts/13_bootstrap_ci.py,2801,8c883a9c9e0453dfeecc172e8ba8cc7c3474f4b840dcd56a7457d412ee2545c4
scripts/run_all.py,2355,82ef68de4bd9ab8e270c4c54c99b11866683a43129be04106d672e06e140ff26
scripts/verify_against_manuscript.py,9565,ea06c25a2ce3e57d178c2129f0254d917fff467394bb40b8105342b9692b02cb
src/ree/__init__.py,688,0c5f568ba32f1ab29f31290e039bc42e6fdb984d02630e221e40ecf601bfe270
src/ree/bootstrap.py,5605,686a0e0d5a78ab8d7dbe3d0eeb94eb37bd0db40b970e67c6502aa3be1ec00087
src/ree/config.py,7396,3d71b09de5ad0076e7f3237bc9d6b5f06fb56265c528a6fdb4b9f993c1032dd3
src/ree/consistency.py,3397,f43e81344c5528af1199b265168655517950606a3ab677c3ba064d79ae694f79
src/ree/estimator.py,5889,33d6e046431660647b5639d3d93e37cb25b3a7a130293c1a6aa0e9baf93ac55e
src/ree/io.py,3057,7fac76d1c24408c8110e69501e4c162f90273f0237bcb32ba97441b5aeeeb912
src/ree/montecarlo.py,5648,8cc36f244999dbb2e18141b3e63a536eb6fdc751f095706fad392a3f84ff9bc3
src/ree/shocks.py,2179,26c207ac6fe8258078e6ff9585c0058beb2a1cf4b87ae6598e4c3c2f3c4deeb1
