datetime,load_mw,prc_min_mw,prc_mean_mw,rtordpa_max,rtolhsl_mean,sced_intervals,res_irr_outage_mw,all_outage_mw,wind_mw,solar_mw,gas_mw,coal_mw,nuclear_mw,fuel_total_mw
2021-02-10 00:00:00,40532.93,4050.77,4354.951666666667,0.0,40059.535,12,16443,19974,3411.9710240000004,0.001765,21426.971408,10229.789083,5079.766216,40268.969177
2021-02-10 01:00:00,39972.8,4637.83,4772.865833333333,0.0,39799.69083333333,12,16450,19781,3234.180469,0.0,20943.818023000003,10023.485099,5078.362996999999,39370.273119000005
2021-02-10 02:00:00,39916.97,4338.8,4521.246666666667,0.0,39410.70416666667,12,17254,20585,3224.46013,0.0,20387.282133,10373.590471,5078.921332,39147.285248
2021-02-10 03:00:00,40215.8,3893.47,4084.804166666667,0.0,39079.645,12,17254,20585,2651.837986,0.0,21213.438158,10447.499057,5078.653209,39471.070695
2021-02-10 04:00:00,41203.46,4151.3,4496.4575,0.0,41104.42916666667,12,17244,20575,2319.363244,0.0,22434.102398000003,10650.301554,5078.550379,40564.280454
2021-02-10 05:00:00,43435.56,4209.5,4364.886666666666,0.0,43746.68166666667,12,17244,20575,2143.269182,0.0,24820.110238,10825.467512,5076.949893999999,42944.970357
2021-02-10 06:00:00,46801.06,3878.6,4092.390833333333,0.0,46285.655,12,18297,21628,2211.592228,0.0,28080.203231,10764.741267,5079.215575,46245.361776
2021-02-10 07:00:00,49081.1,3517.59,3637.02,0.0,46452.511666666665,12,18467,21798,1981.001935,2.144026,30397.711598,10859.186447,5078.711419,48428.327026
2021-02-10 08:00:00,49693.42,3450.44,3659.275,0.0,46130.089166666665,12,19280,22611,1966.597009,156.499185,30872.324467,10926.96095,5077.727355,49128.33945399999
2021-02-10 09:00:00,50356.45,3635.4,3789.475,0.0,47834.68083333334,12,22476,25807,2356.039121,590.028358,30782.397219,10940.91588,5080.1246,49871.33326300001
2021-02-10 10:00:00,50992.14,3596.1,3878.768333333333,0.0,48863.9325,12,23259,26590,3126.3013720000004,928.585139,30580.807655,10792.429154,5083.938354,50649.036538
2021-02-10 11:00:00,51226.42,3564.4,3820.736666666666,0.0,49350.1525,12,24042,27373,3608.644629,1269.799014,30100.377357,10837.617649000002,5084.543952999999,51025.097886
2021-02-10 12:00:00,51087.76,3641.47,3799.9841666666666,0.0,49457.79749999999,12,25063,28394,3630.976758,1646.111149,29568.508079,10806.146272999998,5081.386357,50856.80458299999
2021-02-10 13:00:00,51099.76,3640.66,3773.685,0.0,49966.25833333333,12,25446,28777,3866.457952,1900.302691,29073.138264,10860.317553,5076.222372,50842.96786299999
2021-02-10 14:00:00,50950.52,3769.82,3833.5433333333335,0.0,50494.97166666667,12,25679,29010,4338.957668,1780.425181,28593.40848,10837.203464,5074.775105999999,50694.311459
2021-02-10 15:00:00,51000.84,3726.43,3923.598333333333,0.0,50677.86083333333,12,25055,28386,4778.255721,1495.756207,28443.858233000003,10885.090611,5077.239739000001,50754.33219899999
2021-02-10 16:00:00,51584.07,3970.4,4056.8783333333336,0.0,50685.54916666666,12,25604,28935,5229.379565,1041.1628930000002,29010.322075000004,10786.395149,5077.426416,51227.960932
2021-02-10 17:00:00,52633.03,3966.53,4146.839166666667,0.0,51498.3225,12,25631,28962,5447.092951,420.493464,30237.745748999994,10717.46368,5078.441688,51993.81851799999
2021-02-10 18:00:00,53768.02,3850.74,4004.504166666667,0.0,51896.8125,12,26167,29426,5350.81223,20.569938,31890.581015000003,10694.376092,5077.981818,53169.622749
2021-02-10 19:00:00,53812.68,3645.98,3832.464166666666,0.0,51539.92249999999,12,26229,29560,5208.197262,0.0,32193.394023,10747.610863999998,5077.927369999999,53362.285648
2021-02-10 20:00:00,53181.19,3777.88,3878.403333333333,0.0,51849.53916666666,12,26488,29819,5133.489639,4.8e-05,31597.826491,10790.794179,5077.505572,52752.727915
2021-02-10 21:00:00,51804.47,3700.69,3835.4525,0.0,50555.420000000006,12,26449,29780,4625.588470000001,0.0,30676.404703,10845.618628,5078.701548,51355.571287
2021-02-10 22:00:00,49596.51,3783.57,3956.9691666666654,0.0,49204.7925,12,27105,30436,4121.636376,0.0,29076.228077,10783.949577,5078.672914000001,49169.77237300001
2021-02-10 23:00:00,47611.96,3970.09,4092.414166666667,0.0,48090.22916666666,12,26917,30131,3672.141701,0.0,27678.024806,10772.461822,5080.894732000001,47285.551817
2021-02-11 00:00:00,46451.85,3766.64,3996.181666666667,0.0,46791.888333333336,12,27508,30839,3381.854504,0.00051,27512.446020000007,10101.012567,5082.353905999999,46185.288276
2021-02-11 01:00:00,46047.19,4039.41,4172.1125,0.0,46868.41333333333,12,26789,30120,3896.001191,0.0014759999999999,26794.599575,9916.877389,5082.885813000001,45770.754541
2021-02-11 02:00:00,46067.43,3933.53,4099.304166666667,0.0,46822.69,12,26758,30089,3793.607404,0.001764,27199.560444,9747.478749000002,5082.066757,45897.764522000005
2021-02-11 03:00:00,46541.82,3653.2,3876.725833333333,0.0,46655.24333333334,12,27671,31002,3442.41417,0.001934,27727.037728,9866.330763,5076.387787,46192.204733
2021-02-11 04:00:00,47875.61,4075.69,4193.591666666666,0.0,48185.40833333333,12,27853,31184,3644.482315,0.002106,28331.311157,10437.850692,5075.725716,47563.433971
2021-02-11 05:00:00,50416.7,4072.91,4390.7025,0.0,50681.50083333333,12,28194,31525,4252.756788,0.0021799999999999,29987.20226,10565.764293,5075.961188,49964.49325600001
2021-02-11 06:00:00,53839.18,4117.88,4511.8625,0.0,54005.535833333335,12,28364,31695,4516.769015,0.002192,33366.047395,10142.542559,5077.118224,53217.80010299999
2021-02-11 07:00:00,56519.9,3935.93,4128.360833333333,0.0,55597.53166666667,12,28457,31788,4747.384386,2.492896,35656.848591,10206.536363,5078.401488,55812.37213400001
2021-02-11 08:00:00,57807.15,3538.2,3764.405,0.0,55947.91416666666,12,27693,31024,4502.243138,144.990119,37101.931308,10310.811461,5077.428728000001,57317.539477
2021-02-11 09:00:00,58742.6,3666.01,3775.991666666667,0.0,56641.81666666667,12,29153,32484,4331.138702,474.323668,37738.726792,10446.823873,5076.700226,58327.119018
2021-02-11 10:00:00,59443.51,3579.31,3784.469166666667,0.0,56634.7775,12,30086,33417,4226.250272000001,770.585131,38238.469753,10491.6563,5078.272207,59053.12989899999
2021-02-11 11:00:00,59811.6,3649.53,3915.815,0.0,58136.23666666666,12,30420,33751,5552.747187,1271.429622,37009.371857000006,10289.383742,5079.328791,59334.52177100001
2021-02-11 12:00:00,59522.02,3533.75,3711.0,0.0,57474.855,12,28641,31972,5221.235655,1456.211022,36902.228252,10216.530458,5076.961912000001,59105.42991600001
2021-02-11 13:00:00,59231.48,3719.4,3893.87,0.0,56925.66666666666,12,30839,34170,5304.992589,1462.331198,36441.211077,10317.09967,5077.1058920000005,58685.901321
2021-02-11 14:00:00,58841.08,3722.61,3942.475,0.0,57145.9025,12,31245,34576,5004.90935,1219.427968,36479.928641,10441.877744,5077.696133,58300.603745
2021-02-11 15:00:00,58684.25,3856.73,3941.505833333333,0.0,57170.06416666667,12,31951,35282,4274.552864,862.1228300000001,37267.928801,10563.05859,5080.537528,58131.314761
2021-02-11 16:00:00,58885.19,3509.8,3737.553333333333,0.0,56450.49583333333,12,31579,34910,4547.114394,572.223195,37532.536674,10486.690846,5088.132975,58440.812538
2021-02-11 17:00:00,59587.84,3903.07,4102.953333333334,0.0,57518.355,12,31987,35318,4551.053277999999,242.171119,38357.638379,10435.377531,5089.329045,58950.640264
2021-02-11 18:00:00,60748.46,3908.57,4059.995833333333,0.0,58244.35,12,32528,35859,5504.570191,9.546422,38823.79608,10404.68837,5088.771613,60097.341059
2021-02-11 19:00:00,60853.06,3960.55,4080.845833333333,0.0,59057.34333333333,12,33024,36355,6730.180779,0.0,37494.909567,10588.386706,5089.922136,60032.346555
2021-02-11 20:00:00,60345.1,3866.73,4033.4341666666655,0.0,58344.995,12,32135,35466,7200.815179,0.0,36434.832295,10772.377436,5089.926999,59611.756939
2021-02-11 21:00:00,58726.54,3974.42,4156.843333333333,0.0,57448.71166666667,12,32267,35598,6972.321358,0.0,35453.586848,10416.825563,5106.367956,58067.191111
2021-02-11 22:00:00,56508.48,4618.21,4721.606666666667,0.0,56605.435,12,32872,36203,7539.497025000001,0.0,33093.064233000005,9996.50593,5110.307938,55828.19455300001
2021-02-11 23:00:00,54546.6,4544.69,4724.8525,0.0,56413.125,12,30264,33595,7644.3142,0.0,31100.857025,9953.737292,5108.889653,53871.97047000001
2021-02-12 00:00:00,53372.25,4881.6,5001.224999999999,0.0,56659.85,12,31548,34879,7797.120345000001,0.0,29933.727859,9711.176659,5108.649548,52653.847046
2021-02-12 01:00:00,52943.8,4972.64,5149.198333333333,0.0,56184.51083333333,12,31492,34823,7830.557327,0.0,29496.848756,9680.564545,5106.027880000001,52193.626549
2021-02-12 02:00:00,52934.12,4827.63,5050.963333333333,0.0,56359.00166666667,12,30951,34282,7953.429474999999,0.0,29343.105372,9745.59953,5106.318633,52232.036436
2021-02-12 03:00:00,53321.59,4851.01,5041.66,0.0,56572.35,12,30727,34058,8332.198525,0.0,29316.422902,9806.133793,5105.141262,52645.854531
2021-02-12 04:00:00,54455.77,4659.48,5026.510833333333,0.0,57407.91083333333,12,29780,33111,7959.781033,0.0,30744.46768,9870.072188000002,5107.973898,53768.41227
2021-02-12 05:00:00,56680.25,5006.06,5118.941666666667,0.0,59293.49,12,29664,32995,7708.559826,0.0,32758.180227000004,10344.359501,5109.1980490000005,56003.360887
2021-02-12 06:00:00,59848.89,4832.88,5023.449166666666,0.0,61215.345,12,29559,32890,7375.103349,0.0,36009.597071000004,10388.093089,5112.883460999999,58991.64906599999
2021-02-12 07:00:00,62042.08,4206.26,4493.2625,0.0,62149.53833333333,12,29535,32866,6971.492271,3.720814,38557.539486,10391.790582,5113.857876,61154.75103700001
2021-02-12 08:00:00,63027.83,4147.23,4349.234166666666,0.0,62798.69166666667,12,28467,31798,6778.465806,111.682658,39579.770147,10409.724815,5113.708244,62118.99159
2021-02-12 09:00:00,63568.29,3697.51,3890.456666666667,0.0,62133.87833333333,12,28746,32077,6315.240827,329.737271,40144.633829,10607.824254,5111.378572,62661.836112
2021-02-12 10:00:00,63713.03,3658.15,3833.213333333333,0.0,61243.53,12,28769,32100,5836.042424000001,617.0464959999999,40202.663589,10870.964269,5111.721539,62818.84448099999
2021-02-12 11:00:00,63135.39,3448.83,3641.3841666666663,0.0,59798.67166666667,12,29357,32688,4750.148084,915.197065,40630.94936,10713.44694,5110.930805,62421.77840500001
2021-02-12 12:00:00,62437.21,3325.61,3539.1825000000003,0.0,58398.06083333333,12,29295,32626,4046.902003,1180.295416,40280.234264,10841.517703999998,5111.125014,61736.83699699999
2021-02-12 13:00:00,61898.2,3745.73,3881.198333333333,0.0,58689.71666666667,12,29873,33204,3769.583512,1222.423813,40008.919086,10839.158200000002,5110.870198,61096.910441
2021-02-12 14:00:00,61513.54,3845.59,3991.1416666666655,0.0,58815.138333333336,12,30307,33638,4604.890251999999,1066.293333,38794.430542,10942.045802,5110.990922,60598.246811
2021-02-12 15:00:00,61025.9,3845.36,3927.589166666666,0.0,58326.0425,12,30121,33452,4592.008228000001,779.8167129999999,38682.034616,10858.286703,5112.135167,60103.745995
2021-02-12 16:00:00,61088.54,3745.33,4076.8175,0.0,58614.21833333333,12,29218,32549,4248.748295,413.023683,39430.148709,10905.434974,5112.890344,60216.019833
2021-02-12 17:00:00,61777.79,3884.06,4039.963333333333,0.0,59253.3075,12,29673,33004,4086.236702,172.336231,40524.37078900001,10945.049255000002,5114.184671,60972.05235500001
2021-02-12 18:00:00,62716.66,3623.8,3820.058333333333,0.0,59501.62,12,29743,33074,3994.548287000001,15.981659999999998,41710.758328,10949.072604,5111.502021,62027.218926
2021-02-12 19:00:00,62735.7,3646.09,3824.1341666666663,0.0,59864.02416666667,12,29634,32965,4204.804072,3.611039,41416.914652,10980.351666,5111.611145,61911.696778
2021-02-12 20:00:00,62052.49,3494.27,3688.383333333333,0.0,59056.496666666666,12,29894,33225,4231.435542,0.0,40623.215133,11011.45999,5111.41382,61216.981999
2021-02-12 21:00:00,60924.24,3738.22,3936.8841666666663,0.0,58761.72833333333,12,30103,33434,4080.2332929999993,0.0,39892.894173,10990.107897,5111.496917,60211.174767
2021-02-12 22:00:00,59063.4,3881.62,4053.2491666666665,0.0,57298.17416666666,12,30704,34035,4054.02162,0.0,38088.904321,10958.442834,5114.589764,58323.04705800001
2021-02-12 23:00:00,57344.81,4159.43,4243.623333333334,0.0,56497.82333333333,12,30270,33484,3653.516489,0.0,36901.670534,10882.634884,5116.163815,56633.877636
2021-02-13 00:00:00,55825.22,4023.71,4153.093333333333,0.0,55049.36583333334,12,31061,34410,3192.573111,0.0,35792.100342,10884.246754,5117.2876240000005,55164.90859099999
2021-02-13 01:00:00,55143.04,4086.2,4354.389166666667,0.0,55088.565,12,30983,34306,3668.225703,0.0,34710.233501,10871.318653,5116.754576,54556.418205
2021-02-13 02:00:00,54881.47,4079.39,4201.133333333333,0.0,54443.54749999999,12,31308,34631,3488.067622,0.002811,34573.422825,10869.402512,5117.41373,54266.28180800001
2021-02-13 03:00:00,55016.33,4018.57,4147.998333333333,0.0,54399.72583333333,12,31539,34862,3632.983022,0.0,34647.492269,10811.997826,5115.320347,54425.331784
2021-02-13 04:00:00,55665.7,3805.95,3992.6683333333335,0.0,54367.85166666666,12,31493,34816,3782.094089,0.0,35136.850112,10835.715889,5116.885071000001,55104.968302
2021-02-13 05:00:00,56891.43,3979.42,4244.031666666667,0.0,55309.83916666667,12,31493,34816,4200.697635,0.0,36291.425066,10477.173587,5116.983646,56341.422982
2021-02-13 06:00:00,58583.46,4283.67,4376.589166666667,0.0,57537.44416666666,12,31161,34484,4584.81112,0.0,37571.494731,10366.896717,5114.440084000001,57872.528926
2021-02-13 07:00:00,60040.82,3869.82,4211.536666666667,0.0,58554.418333333335,12,30984,34307,4888.278915,5.187463,38673.768028000006,10419.954892999998,5115.737314,59348.952335
2021-02-13 08:00:00,61647.83,2887.98,3450.3058333333333,0.0,57833.61000000001,12,29776,33099,4623.893291,151.645423,40403.771133,10351.107805,5114.875798,60970.35870300001
2021-02-13 09:00:00,63174.04,3195.8,3557.895,0.0,58654.29583333334,12,29962,33285,3940.449853,477.548015,42313.863137,10204.026398,5114.801491,62430.620055
2021-02-13 10:00:00,63686.42,3228.78,3412.2975,0.0,58989.176666666666,12,30125,33448,3632.015555,793.17158,42617.100902,10581.410094,5114.821967,63092.772123
2021-02-13 11:00:00,63170.67,3393.25,3533.633333333333,0.0,59488.34,12,29966,33289,3369.9495370000004,1058.69209,41833.16957699999,10936.65754,5116.694252,62631.54207499999
2021-02-13 12:00:00,61700.72,3744.64,3967.349166666667,0.0,59043.15,12,29380,32703,3491.066676,1164.743902,40139.140872,10901.427524,5115.374497000001,61075.69165400002
2021-02-13 13:00:00,59733.53,3957.41,4073.6883333333335,0.0,58485.27416666667,12,30710,34033,3731.454347,1207.048655,37877.451568,10945.826427,5118.406698,59131.88775799999
2021-02-13 14:00:00,58128.96,4201.29,4487.545833333334,0.0,57782.16583333333,12,31504,34827,3624.383656,1030.236547,36523.146456,10996.112218,5119.511408,57494.93817099999
2021-02-13 15:00:00,57028.12,4579.16,4759.268333333333,0.0,57433.57166666666,12,31343,34666,3758.914254,717.300625,35676.481932,10948.602049,5119.809238,56443.87031300001
2021-02-13 16:00:00,57148.53,4702.06,4780.9525,0.0,58282.95916666667,12,30725,34113,4121.346038000001,415.506449,35692.496083000005,10947.417656,5120.151297,56511.27651900001
2021-02-13 17:00:00,58339.43,4192.4,4628.849999999999,0.0,58497.2275,12,30648,34036,4125.944017,130.92995299999998,37173.882041,10911.555892,5119.886207,57711.08071
2021-02-13 18:00:00,60102.62,4007.85,4087.225833333333,0.0,59832.715,12,30375,33763,4261.761828,6.316347,38888.793734,10907.418053,5119.833288,59450.51044000001
2021-02-13 19:00:00,60341.95,3914.78,3989.945,0.0,60208.19666666666,12,30461,33849,4652.506566,0.0,38706.873413,10879.998125,5119.807301,59664.804663
2021-02-13 20:00:00,59741.66,4004.43,4183.285,0.0,59591.32,12,30597,33985,4899.424188,0.0,37855.743128,10928.403423,5119.388945000001,59128.510345
2021-02-13 21:00:00,58779.04,4389.42,4649.1775,0.0,59435.58416666667,12,30922,34310,4989.565244,0.0,36754.793925,10975.60758,5118.28047,58159.051425
2021-02-13 22:00:00,57207.38,4570.28,4762.925,0.0,58502.78333333333,12,30687,34075,4447.512903000001,4.719028000000001,35783.165111,10961.553605,5118.325278,56633.89559300001
2021-02-13 23:00:00,55902.38,4995.09,5137.573333333333,0.0,58321.1625,12,30327,33715,4540.211047,0.0,34336.304379,10988.139322,5119.700925000001,55251.079733000006
2021-02-14 00:00:00,54898.71,4956.05,5329.86,0.0,57968.45916666667,12,30435,33823,4643.426423,0.0,33185.698267,10953.811205000002,5119.548528,54156.745106
2021-02-14 01:00:00,54381.35,5526.05,5659.072499999999,0.0,58736.145833333336,12,30527,33915,5326.040301,0.0,31955.877416000003,10951.877201,5119.15816,53608.24157600001
2021-02-14 02:00:00,54325.2,5718.59,5798.689166666667,0.0,59562.87833333333,12,30463,33863,5798.004409,0.0,31381.943478,10986.071317000002,5119.361579,53530.152701000006
2021-02-14 03:00:00,54617.81,5623.65,5742.811666666666,0.0,59637.37833333333,12,30465,33865,5850.023978,0.0,31639.142411,10999.668998,5113.02098,53834.64166300001
2021-02-14 04:00:00,55205.74,5587.83,5659.796666666666,0.0,59848.7125,12,30263,33663,5677.713731,0.0,32456.019291,11028.213798,5119.62254,54459.250608
2021-02-14 05:00:00,56241.88,5494.1,5604.982500000001,0.0,60249.22083333333,12,30598,33998,6226.198097,0.0,32945.121003,11031.232374,5120.164929,55502.330413
2021-02-14 06:00:00,57594.66,5233.73,5440.761666666666,0.0,61138.50833333333,12,30377,33777,6769.640098,0.0,33830.282219,10999.732826,5119.851414000001,56900.849835
2021-02-14 07:00:00,59004.06,5386.64,5507.6375,0.0,62669.1775,12,29960,33360,7201.251352,2.4462770000000003,34795.76571,11014.145,5119.884452,58363.667275
2021-02-14 08:00:00,60786.98,4815.63,5139.655,0.0,63546.17333333333,12,29959,33359,7416.879483,76.312973,36292.06567,11036.834555999998,5120.657724,60134.83976199999
2021-02-14 09:00:00,62533.89,4499.03,4561.096666666667,0.0,63249.20916666667,12,30522,33922,7804.882465,284.92973800000004,37384.40446,11088.821882,5120.499864,61942.939294
2021-02-14 10:00:00,63675.36,3989.9,4167.7425,0.0,63478.14833333334,12,30634,34034,8078.244184,568.272107,37922.046606,11110.158294,5120.900673,63051.528861
2021-02-14 11:00:00,64421.05,3717.22,3909.3591666666666,0.0,63353.845,12,31069,34469,8151.343969,869.919054,38236.787007,11126.376541,5121.348203,63702.523069
2021-02-14 12:00:00,64585.25,3765.6,4090.744166666667,0.0,63748.2225,12,31878,35278,8196.43636,901.689558,38389.741287,11077.806476999998,5121.02137,63887.00711399999
2021-02-14 13:00:00,64594.01,4007.63,4294.045833333334,0.0,64260.81333333333,12,31954,35354,8671.36217,1055.153993,38084.195893,10735.291898,5121.473001,63884.998865
2021-02-14 14:00:00,64738.27,3881.98,4152.466666666666,0.0,64054.87,12,31348,34748,8803.034636,1013.636415,38308.803587,10578.346649,5121.156858,64049.510504000005
2021-02-14 15:00:00,65089.99,4006.66,4175.488333333334,0.0,64260.68833333333,12,32029,35429,9096.835295,879.133005,38408.53715,10690.672817,5120.714934,64416.27441300001
2021-02-14 16:00:00,65974.08,3870.07,4107.3425,0.0,64599.68833333333,12,31206,34606,8950.728589,635.0280379999999,39536.863613,10844.400211,5120.947971,65322.468933
2021-02-14 17:00:00,67589.69,3606.97,3824.1141666666663,0.0,65124.5375,12,32067,35467,9002.115291,239.208725,41502.708206,10836.601443,5121.0690540000005,66950.61776499999
2021-02-14 18:00:00,69149.68,3558.68,3748.398333333333,0.0,66073.8525,12,31693,35096,8245.870449,29.251507000000004,43981.619336,10852.182535,5120.988945,68549.95828
2021-02-14 19:00:00,69222.23,3563.55,3710.5483333333336,0.0,66038.66083333333,12,31867,35270,8079.319303,6.46087,44262.387151,10816.164453,5121.286729,68607.731933
2021-02-14 20:00:00,68879.46,3639.67,3736.5441666666666,0.0,65915.71416666666,12,32063,35466,7636.823727999999,0.0,44424.602712,10743.933379,5121.530491,68210.919673
2021-02-14 21:00:00,68027.35,3521.24,3659.3891666666655,0.0,65541.84916666667,12,32735,36138,7075.618682,0.0,44190.6898,10685.138753,5122.726209,67338.982186
2021-02-14 22:00:00,66728.69,3301.49,3535.56,0.0,64057.40333333333,12,31831,35234,6329.581816,0.084199,43687.043401,10691.338804,5124.598243,66088.441906
2021-02-14 23:00:00,65786.41,2484.94,2956.8816666666667,0.0,62550.205,12,31054,34457,5441.521923,0.0,43501.995089,10748.198997,5125.057043,65170.737696
2021-02-15 00:00:00,65268.14,1903.31,2153.320833333333,0.0,61024.29166666666,12,33471,36874,5343.2447,0.0,42824.110014,10821.233144,5126.899928,64649.795775
2021-02-15 01:00:00,63543.67,917.81,1388.2308333333333,1194.728,58715.6625,12,34941,38344,5203.338831,0.0,40842.083836,11068.169131,5134.822271,62785.379893
2021-02-15 02:00:00,54334.91,2068.88,2732.0550000000003,1810.3336,51671.6425,12,35842,39245,5132.642949,0.0,33015.631405,9254.543506,5122.88597,52844.77803
2021-02-15 03:00:00,54154.76,2127.58,2569.3191666666667,3780.8516,51163.3975,12,38608,42011,5207.534641,0.0,33094.997052,9290.779394,5094.180548,52975.893306000005
2021-02-15 04:00:00,54521.03,1021.75,1340.01,0.0,49661.443333333336,12,41905,45308,4822.216143,0.0,33490.793473,9498.283003,5125.866164,53396.190965
2021-02-15 05:00:00,52263.28,834.73,1321.3366666666668,0.0,48093.7825,12,44864,48267,4590.461039,0.0,32538.607019000003,8940.93694,4342.564942999999,50791.068239
2021-02-15 06:00:00,51388.09,941.01,1413.131666666667,0.0,47423.27333333334,12,46800,50203,4261.224006,0.0,33316.589184,8824.166517,3716.791139,50387.108847
2021-02-15 07:00:00,51408.74,888.22,1252.2575,972.3667,47891.138333333336,12,49126,52529,4485.179684,47.249097,33114.359665,8803.310864,3719.356748,50452.177195
2021-02-15 08:00:00,49883.38,1055.22,1558.9399999999998,2613.283,46782.0175,12,48976,52379,4385.401199999999,620.5659609999999,31313.027308,8602.487097000001,3718.268924,48880.343733
2021-02-15 09:00:00,49608.64,1511.47,1788.9425,4111.4873,47311.458333333336,12,49757,53160,4372.851682,1310.471079,30534.438832,8499.782044000001,3718.095229,48679.847392
2021-02-15 10:00:00,48780.34,1854.9,2145.4925,4153.6367,47283.47166666667,12,51655,55058,3941.033043,1982.944992,29713.608836,8249.884616,3718.872685,47851.646366
2021-02-15 11:00:00,47735.04,2353.26,2461.2275,415.8752,46853.9375,12,52512,55915,3115.381914,2423.223878,29464.279113000004,7832.411287,3718.293197,46781.53324599999
2021-02-15 12:00:00,46281.07,2546.15,2686.565,2145.8311,45794.69833333333,12,49108,52511,2535.2409959999995,2830.011979,28616.348351,7633.945022,3719.430135,45550.646912
2021-02-15 13:00:00,45371.95,2687.23,2827.2875,468.9833,45370.67333333333,12,50388,53791,2494.4020530000003,2981.774128,27967.173031,7601.285001,3719.955693,44911.93378399999
2021-02-15 14:00:00,44972.25,2414.12,2862.2899999999995,349.3055,45136.05666666666,12,51388,54791,2323.285377,2880.0205100000003,27676.017638,7616.834421,3721.316371,44392.410284
2021-02-15 15:00:00,45041.87,2217.11,2417.5583333333334,270.4138,43903.55583333334,12,52164,55567,1935.477041,2650.368367,28509.342647,7700.581351999999,3722.301074,44699.04727700001
2021-02-15 16:00:00,45352.72,2090.32,2225.9391666666666,336.5604,43664.41416666666,12,52815,56218,1676.774556,2368.20241,29331.41313,7767.895538,3720.458629,45048.682444
2021-02-15 17:00:00,45487.96,1157.68,1730.9591666666668,516.8341,42390.0075,12,53641,57044,1173.38821,979.822657,30722.321901000003,7907.501882,3720.703649,44709.093648
2021-02-15 18:00:00,45090.76,1017.35,1447.515,0.0,41501.19583333333,12,52173,55576,765.754563,66.10917,31463.083234,8132.48763,3719.795995,44337.273625
2021-02-15 19:00:00,44278.05,1356.79,1986.3433333333328,75.4255,41707.68,12,52858,56261,634.1636609999999,0.0,31017.352973,7992.468421,3715.482148,43533.9973
2021-02-15 20:00:00,44439.03,2191.33,2437.7458333333334,164.2268,42530.5475,12,52526,55808,803.44888,0.0,30843.058339000003,8118.686938,3716.028591,43641.69662500001
2021-02-15 21:00:00,45013.11,1198.05,1734.0816666666667,0.0,42305.33416666667,12,52501,55783,1020.053418,0.0,31189.747403,8058.774433,3717.44274,44163.614413
2021-02-15 22:00:00,44259.19,1247.7,1823.2108333333333,5098.4312,41446.32,12,51951,55233,1222.832382,0.0,30283.108177,7991.846143,3715.967144,43366.95531700001
2021-02-15 23:00:00,43779.98,1876.37,2190.6925,5251.9922,41318.82,12,47817,51099,1479.29561,0.0,29913.006407,7701.110124000001,3715.663385,42972.557604
2021-02-16 00:00:00,44132.16,2224.18,2423.491666666667,6013.7085,41958.85916666667,12,47851,51133,1870.226133,0.0,29796.959622,7749.577407,3714.331663,43291.668858000005
2021-02-16 01:00:00,44653.25,2156.89,2284.2858333333334,5542.7974,42677.324166666665,12,51838,55140,2301.385578,0.0,29838.805904,7735.575181,3714.673022,43745.160251
2021-02-16 02:00:00,45406.2,1812.29,2068.0733333333333,5272.3013,43368.2175,12,52263,55565,3069.830051,0.0,29790.645563,7742.631015999999,3716.610921,44479.609882
2021-02-16 03:00:00,46149.11,1305.78,1633.725,694.1138,43646.60166666666,12,51773,55075,3532.47943,0.0,30062.338355,7854.532204999999,3708.723103,45325.79470599999
2021-02-16 04:00:00,45773.21,812.01,1497.1708333333331,3543.4624,42224.11583333334,12,52711,56013,4084.962512,0.0,29014.906833,7797.214871,3715.357701,44824.860098000005
2021-02-16 05:00:00,45854.72,1633.0,1819.38,3150.0957,42124.60833333333,12,51813,55115,4333.545937,0.0,29026.672916,7665.929843999999,3715.069163,44902.118206
2021-02-16 06:00:00,46532.63,1416.85,1879.4875,3404.4253,42473.775,12,52090,55392,4360.997599,0.0,29980.128684,7580.118702,3715.833185,45795.001692
2021-02-16 07:00:00,46855.17,840.71,1289.2833333333333,32.1236,42823.85833333333,12,53501,56803,4421.647106,77.788373,30844.76895,7500.395237000001,3717.575103,46779.35377100001
2021-02-16 08:00:00,45840.89,747.1,1472.5766666666666,5107.5967,43729.67083333334,12,52824,56126,4228.864394,739.39828,29689.128955,7281.801651,3716.780307,45894.70600599999
2021-02-16 09:00:00,44872.74,1768.98,2172.9958333333334,7442.2417,43983.79916666666,12,51791,55093,3910.38869,1223.433571,28805.649378,7161.581289,3716.444365,44989.57632400001
2021-02-16 10:00:00,44078.71,2274.32,2574.01,8023.019,43937.43166666667,12,50000,53282,4114.241225,1621.710221,27396.380513,7102.445711,3716.063607,44089.63992
2021-02-16 11:00:00,44002.99,2620.04,2840.5,8670.043,43604.70916666667,12,50398,53680,4212.801478,2073.161298,26780.652986,6945.94895,3716.292443,43873.744925
2021-02-16 12:00:00,43929.98,2069.97,2453.068333333333,8857.0508,43111.80583333333,12,47446,50656,4104.650372,2089.450623,26855.516532,6853.603372,3717.063024,43769.325581
2021-02-16 13:00:00,43614.49,2614.12,2984.084166666667,8556.3145,44392.28666666666,12,46105,49315,4322.052105000001,2215.201049,26163.554745,6890.559597,3717.551957,43477.424635
2021-02-16 14:00:00,44873.91,2172.84,2626.460833333333,8703.4414,44897.97666666666,12,47947,51157,4422.296183,1817.713818,27439.571421,7092.714052,3719.119685,44672.997413000005
2021-02-16 15:00:00,45232.99,2044.93,2316.5366666666664,7420.2432,44125.74416666667,12,49400,52682,4415.281387,1415.085815,27971.743496,7072.162367999999,3715.7927,44783.982721
2021-02-16 16:00:00,45836.05,1883.78,2060.749166666667,6826.2544,43520.068333333336,12,49043,52325,4359.743936999999,944.619293,29116.046264,7010.038344,3714.270096,45350.92195900001
2021-02-16 17:00:00,46322.38,1260.45,1730.5358333333334,3505.6472,43006.3675,12,51656,54938,4076.54926,441.56806200000005,30238.823806,7109.059353000001,3714.802692,45789.012389
2021-02-16 18:00:00,45549.6,1417.8,1928.6691666666663,6196.9243,42206.04916666667,12,50756,54038,3819.81397,24.296072,30176.056724999995,7141.055752,3713.206543,45066.348963
2021-02-16 19:00:00,45175.64,2143.41,2367.04,7013.9951,43382.7425,12,50438,53720,3866.201148,0.0,29738.995698,7204.713395000001,3713.328596,44720.314661
2021-02-16 20:00:00,45088.12,2105.02,2187.665833333333,6103.041,43066.41166666667,12,51378,54660,3419.247127,0.0,30004.292527,7189.75612,3713.487955,44524.70475199999
2021-02-16 21:00:00,44255.67,2096.52,2299.268333333333,7648.2202,42611.543333333335,12,50423,53705,3275.28824,0.0,29343.135240000003,7088.215582,3713.367052,43607.381873000006
2021-02-16 22:00:00,43519.58,2340.61,2449.213333333333,7889.7354,41924.795,12,50891,54173,2940.738324,0.0,28791.934371,7113.246776,3714.019097,42752.077085
2021-02-16 23:00:00,42703.51,2556.15,2817.855833333333,8587.5957,42238.785833333335,12,46789,50071,2892.33339,0.0,27962.565363,7145.017933,3711.193734,41907.613430000005
2021-02-17 00:00:00,42717.93,2436.2,2727.508333333333,8264.3232,41152.51416666667,12,48611,51893,3087.198152,0.0,28494.668604,6447.639173,3711.021244,41928.109471
2021-02-17 01:00:00,42517.16,2886.68,3010.736666666666,7958.0547,41868.80333333334,12,50920,54202,3288.764471,0.0,28436.396188,6234.772234,3712.132868,41860.71108100001
2021-02-17 02:00:00,42926.53,2725.32,2883.813333333333,7642.6704,41759.2675,12,49583,52865,2911.967754,0.0,29082.688174,6356.379266,3712.362853,42253.063483
2021-02-17 03:00:00,42983.51,2686.51,2792.2075,7726.6978,41423.5175,12,49839,53121,2410.354969,0.0,29467.180127,6535.555607,3707.161523,42305.722004
2021-02-17 04:00:00,43050.26,2251.88,2501.0941666666668,7256.8481,40686.37,12,49416,52698,2093.551641,0.0,29699.191641,6673.22889,3714.293771,42364.470994
2021-02-17 05:00:00,43227.47,1942.0,2095.543333333333,1329.3778,39854.7525,12,50220,53502,1574.239559,0.0,30169.550276,6890.632581999999,3713.777206,42532.754581
2021-02-17 06:00:00,43794.0,1431.88,1531.4033333333334,802.6826,39746.84666666667,12,50499,53781,1164.552558,0.0,30964.168359,7065.283533999999,3714.071175,43129.964301
2021-02-17 07:00:00,44180.36,1214.81,1408.4883333333337,1343.896,40018.555,12,50831,54113,901.179373,16.021056,31726.4888,7231.669808,3714.942992,43769.014766
2021-02-17 08:00:00,43896.56,1603.86,1775.1616666666666,4734.522,40788.130833333336,12,50327,53609,695.682309,477.698431,31477.024005,7349.56634,3716.407605,43883.795012
2021-02-17 09:00:00,44457.58,2057.43,2258.1875,6410.3271,42397.13583333333,12,49796,53078,1052.144538,1845.698727,30330.45492,7355.0659,3716.995652,44456.272726
2021-02-17 10:00:00,45167.87,2079.48,2319.295,6773.3569,43972.63583333333,12,50885,54167,1420.7660970000002,2049.975964,30426.502803,7429.721898,3716.606628,45202.674272
2021-02-17 11:00:00,45028.94,2826.13,3149.2033333333334,8922.9736,45653.73666666666,12,51192,54468,2015.401323,2627.964724,28875.963386,7676.662437999999,3715.955224,45061.96390499999
2021-02-17 12:00:00,45064.01,3581.92,3771.5716666666663,8924.9521,47428.72,12,47658,50862,2768.126301,3343.998701,27507.957717,7703.157514,3716.535569,45199.950983
2021-02-17 13:00:00,45246.27,3841.45,3947.3608333333336,8882.6709,47739.79,12,47260,50536,2756.173107,3590.722772,27216.116575,7747.852414999999,3716.772493,45201.58315500001
2021-02-17 14:00:00,45011.11,3963.87,4271.808333333333,8935.8955,48151.90416666667,12,48699,51759,2858.578687,3352.2967780000004,26971.395276000003,7344.147699999999,3717.543688,44427.675016
2021-02-17 15:00:00,44863.55,4202.55,4539.729166666667,8934.5391,48543.92333333333,12,48050,51326,2847.964113,3004.556321,27084.57832,7346.39731,3720.93835,44193.743997000005
2021-02-17 16:00:00,45201.91,3517.38,4107.3983333333335,8927.5986,48155.175833333335,12,46233,49509,2747.5954320000005,2205.578417,28165.897367,7551.827609,3720.850449,44578.452925
2021-02-17 17:00:00,46990.04,3041.94,3312.254166666667,8824.749,48362.081666666665,12,46805,50081,2999.899025,1103.998903,30656.404176,7785.346691000001,3721.389771,46454.440147
2021-02-17 18:00:00,48776.65,2704.33,2904.6866666666665,7230.4155,48892.79666666666,12,46424,49700,3437.749965,69.289513,33063.804781,7826.470310999999,3721.418327,48315.691328000015
2021-02-17 19:00:00,49103.22,2485.5,2729.5258333333336,7939.0264,49399.28916666666,12,45562,48838,3784.399993,0.0,33553.406982,7864.350226,3721.42918,49118.98969
2021-02-17 20:00:00,49251.67,2819.16,2952.875833333333,7903.4341,49488.885,12,45161,48437,3641.98478,0.0,33658.505787,7752.114238,3721.237619,48961.791376
2021-02-17 21:00:00,48980.93,2963.01,3082.3350000000005,8756.7568,49534.62833333333,12,44862,48138,3795.306913,0.0,33097.397355,7734.118471,3819.307184,48639.683781
2021-02-17 22:00:00,48524.07,3006.26,3220.501666666667,8923.5137,49379.801666666666,12,44996,48272,3742.982605,0.0,32657.243999,7634.297307,3889.760811,48118.40208099999
2021-02-17 23:00:00,48092.21,3175.75,3352.988333333333,8924.4531,49319.043333333335,12,39526,42802,3651.067066000001,0.0,32130.371703,7641.410108,3925.698693,47539.950432
2021-02-18 00:00:00,47932.91,3192.41,3365.2675,8864.8643,49651.81666666667,12,42188,45464,4101.760887,0.0,31757.001718,7598.747331,3923.214193,47580.31245699999
2021-02-18 01:00:00,47761.14,3435.66,3533.4733333333334,8876.1396,49945.72916666666,12,42984,46260,3915.203351,0.0,31733.757328,7531.503533,3978.726372,47359.34159299999
2021-02-18 02:00:00,47765.92,3770.91,4074.6075,8951.5605,51000.085,12,41762,45038,4693.410208,0.0,30889.182850000005,7542.649890000001,4056.258577,47383.58276200001
2021-02-18 03:00:00,47935.87,4047.63,4161.191666666667,8946.7598,51339.18166666667,12,41508,44784,5245.561958,0.0,30643.881798,7383.475241,4101.975494,47575.48746
2021-02-18 04:00:00,48539.61,3823.29,3995.080833333333,8886.7891,51592.75083333333,12,42457,45733,5413.061976999999,0.0,30892.202134,7575.318407999999,4141.407384,48218.24672499999
2021-02-18 05:00:00,49825.54,3392.27,3664.536666666667,8767.7471,51927.55333333334,12,42436,45712,5614.411613,0.0,31973.090568,7555.563677,4191.572164,49527.26063999999
2021-02-18 06:00:00,51470.41,3000.2,3188.183333333333,7515.1079,51864.42833333334,12,43257,46533,5517.420257,0.0,33584.705744000006,7603.180757,4268.827277,51171.587333
2021-02-18 07:00:00,52652.07,2664.01,2925.11,8542.1182,52391.214166666665,12,42743,46019,5639.740209,25.710626,34555.349619,7653.05877,4276.701218,52350.85869899999
2021-02-18 08:00:00,53802.49,2635.23,2703.5158333333334,6354.9028,53316.29416666667,12,42916,46192,5879.130179,319.642303,35062.621525,7799.559853000001,4272.4796830000005,53536.273738
2021-02-18 09:00:00,54974.42,2447.05,2573.6333333333337,7178.6094,54160.8,12,42088,45364,6738.328472,775.9011760000001,34692.699107,7920.506769,4339.904584,54671.102086000006
2021-02-18 10:00:00,55425.81,2574.95,2827.7958333333336,7552.167,54706.763333333336,12,42308,45584,6625.9818510000005,1219.410309,34522.667119,8055.399773,4468.668721,55094.273614000005
2021-02-18 11:00:00,55188.08,3048.85,3539.208333333333,8920.8486,55695.94833333333,12,42562,45838,6890.745852,1739.7694849999998,32803.028409,8460.286612,4606.023206,54696.72446099999
2021-02-18 12:00:00,53959.6,4240.56,4945.493333333333,8960.8594,58330.4275,12,42111,45387,6891.143437,2313.327723,30968.282989,8411.606369000001,4702.338577,53481.089394
2021-02-18 13:00:00,52281.59,5463.05,5745.7733333333335,8977.6641,58584.74083333334,12,41762,45038,6638.814965,2340.737516,29783.595841,8119.247506,4712.712672,51800.64924600001
2021-02-18 14:00:00,50906.66,6084.53,6307.921666666666,8982.4492,59378.68583333333,12,41438,44714,6858.809093999999,2713.240948,28522.34801,7381.222619,4779.540198,50460.382533
2021-02-18 15:00:00,50081.24,6074.99,6522.593333333333,8989.7891,59169.41166666666,12,41743,45019,6751.914251,2832.2166660000003,28290.544254,6595.767979,4914.404567,49622.704145
2021-02-18 16:00:00,50165.39,6803.92,6917.033333333333,8993.6045,59881.0225,12,40688,43964,6709.800756000001,2735.951471,28233.033325,6756.5179020000005,5046.145237,49725.599837
2021-02-18 17:00:00,51465.71,5556.77,6308.155833333333,8979.9014,58870.13583333333,12,40120,43396,6548.775891,1320.188528,29433.198485,8428.988232,5094.072848,51044.645892
2021-02-18 18:00:00,54144.28,4120.48,4701.320833333333,8944.2578,57610.12083333333,12,39555,42831,6132.810806999999,109.029888,32705.618919,9411.270907,5093.679482,53686.16001199999
2021-02-18 19:00:00,54948.12,4045.03,4200.420833333334,8671.8477,58253.00666666666,12,39459,42735,5964.263985,0.0,33296.18238,9822.62647,5102.9657,54422.662526
2021-02-18 20:00:00,54621.04,4306.19,4384.0391666666665,8828.5488,58698.28416666667,12,38877,42153,5742.8315,0.0,33379.059006,9746.40834,5120.671267,54225.397195
2021-02-18 21:00:00,53923.91,4446.97,4641.320833333333,8931.6035,58485.65416666667,12,38419,41695,5525.759883000001,0.0,32920.811773,9719.456455,5121.155887,53527.475817
2021-02-18 22:00:00,52738.52,4927.48,5199.929166666667,8963.4717,58406.386666666665,12,37987,41263,5557.382116000001,0.0,31596.868806,9822.203623,5121.089544,52337.873302
2021-02-18 23:00:00,51799.67,4963.0,5156.180833333333,8971.8447,57591.77583333334,12,35743,39019,5615.86752,0.0,31104.725024,9325.074688,5119.723792999999,51408.251564
2021-02-19 00:00:00,51238.27,5321.2,5521.735000000001,8972.3154,57427.2375,12,36145,39392,5548.721611999999,0.0,30756.701735,9049.555307,5120.649912999999,50723.184269000005
2021-02-19 01:00:00,51269.81,5522.22,5622.420833333334,8970.5527,57727.19166666667,12,37409,40656,5417.566121,0.0,30766.8329,9224.161239,5119.897808,50776.932231
2021-02-19 02:00:00,51613.85,5232.54,5413.408333333334,8970.3916,57866.15583333333,12,37921,41168,5212.545868,0.0,31199.038287,9403.213136,5121.244096,51185.878728
2021-02-19 03:00:00,52223.87,4846.36,5059.836666666667,8949.8662,57591.29416666667,12,37888,41135,4982.948994,0.0,31893.165000999998,9491.711819,5119.613524,51738.286723
2021-02-19 04:00:00,53298.03,4082.45,4355.5775,8917.0205,56679.90083333334,12,36729,39976,4641.190664,0.0,33675.766414,9155.101502,5121.589673,52843.813642
2021-02-19 05:00:00,54996.93,3432.64,3808.5825,7920.4106,56324.4775,12,37226,40473,4579.241702,0.0,35490.580349,9120.597026,5122.754486,54560.839383
2021-02-19 06:00:00,57241.27,2705.91,2883.91,6254.3003,55997.72333333333,12,37365,40612,4184.587857,0.0,38023.404041,9238.348228,5121.320067000001,56804.191023
2021-02-19 07:00:00,58407.12,2806.11,2956.310833333333,7520.7007,57252.168333333335,12,37489,40736,4477.392125,194.826359,38334.650284,9514.115321,5122.400193,57874.74445500001
2021-02-19 08:00:00,57019.41,3232.78,4140.700833333333,8925.8994,59256.0375,12,37410,40657,4299.789485,2116.338055,34956.086827,9742.874982,5121.521833,56455.788458
2021-02-19 09:00:00,54396.22,4948.41,5514.729166666667,8931.6279,60766.42166666667,12,37045,40292,3974.048186,3393.685878,31302.805284999995,9876.480342,5121.485354,53814.623515
2021-02-19 10:00:00,51598.33,5871.7,6107.434166666667,13.1948,59448.69833333333,12,36195,39442,3399.007051,4382.375109,28075.216718,9906.22912,5122.441812,51010.135899
2021-02-19 11:00:00,48746.5,6051.07,6391.743333333333,5.4666,58188.625,12,36467,39714,3906.333461,4589.156244,24831.776337,9739.927011,5123.190955,48314.778099
2021-02-19 12:00:00,46022.05,6949.84,7176.219166666667,11.2401,58153.55416666667,12,34784,38031,4319.575789,4213.586558,23238.579102,8619.370081,5124.22735,45616.32475700001
2021-02-19 13:00:00,43594.62,7403.27,7734.778333333333,9.7612,57747.7625,12,35035,38210,5140.311810000001,3304.038367,21975.795485,7566.028415999999,5124.848784,43212.228054
2021-02-19 14:00:00,41470.87,8030.5,8118.250833333333,0.687,57401.90833333333,12,34739,37914,5652.746127,2931.12807,20943.648589,6289.768508000001,5125.849018,41055.40611
2021-02-19 15:00:00,40038.54,8118.89,8287.5825,0.7951,56873.97833333333,12,34176,37351,5807.094719000001,2637.302272,20274.622929,5723.221809,5126.312608,39683.357458
2021-02-19 16:00:00,39522.56,8110.71,8338.3175,0.881,56240.29,12,33600,36775,6303.080874,2307.0312750000003,19681.066247,5613.287699,5126.092851,39181.518695000006
2021-02-19 17:00:00,40623.9,7135.63,7681.129166666667,0.0,52919.68666666667,12,32405,35580,6191.768405000001,2312.42772,19466.492688,7047.954339999999,5126.527306,40292.861025000006
2021-02-19 18:00:00,44090.21,4903.16,5534.009999999999,0.0,49961.301666666666,12,31465,34640,7152.184619,207.265451,21564.194998,9601.649492,5123.912356,43795.197585
2021-02-19 19:00:00,46789.81,4827.42,5029.796666666666,0.0,52683.99833333333,12,31399,34574,8967.080817,0.0,22266.476546,9862.625883,5123.147384,46333.424703
2021-02-19 20:00:00,47823.57,4985.28,5267.300833333334,0.0,54404.01666666666,12,30888,34063,10657.881523,0.0,21735.453159,9687.788108,5123.60598,47317.878075
2021-02-19 21:00:00,48199.11,5549.9,5753.905833333333,0.0,55887.60416666666,12,31058,34233,11806.718058000002,0.0,21062.325253,9573.925449,5123.891104,47682.043729
2021-02-19 22:00:00,47764.78,5818.93,5901.861666666667,0.0,55980.41,12,30954,34129,12113.396659000002,0.0,20332.179774,9547.979703,5122.125446,47229.14455299999
2021-02-19 23:00:00,47200.13,6184.8,6319.7475,0.0,56021.5525,12,29097,32272,12092.708454,0.0,20375.634498,8961.518918,5123.288861999999,46666.31911
2021-02-20 00:00:00,46837.25,6268.64,6431.2725,0.0,55843.05666666667,12,29285,32460,11860.829965,0.0,20472.809737,8853.023849000001,5122.034205,46379.58190899999
2021-02-20 01:00:00,46877.61,6059.68,6186.439166666667,0.0,55425.456666666665,12,29588,32763,11623.096603000002,0.0,20561.298732000003,9145.971234,5121.531121,46518.74688400001
2021-02-20 02:00:00,47303.39,5398.36,5744.249166666667,0.0,54822.12916666667,12,29586,32761,11145.246283,0.0,21128.628768,9525.290151,5121.092957999999,46988.411611
2021-02-20 03:00:00,47822.4,4602.17,5012.8533333333335,0.0,53457.91916666667,12,29463,32638,10400.776689,0.0,22032.955552,10071.501966,5119.958951,47695.043152
2021-02-20 04:00:00,48701.92,4189.99,4372.3741666666665,0.0,52351.98666666666,12,29510,32685,9506.389919,2.3534360000000003,23566.696402,10271.105242,5120.382399,48537.62957800001
2021-02-20 05:00:00,49985.1,4189.58,4282.9225,0.0,52704.48583333333,12,29315,32490,8982.128305,4.821468,25193.017559,10467.134914,5119.496604,49840.712065
2021-02-20 06:00:00,51694.39,3476.37,3831.6666666666665,0.0,53387.8425,12,29417,32592,8676.19558,3.645294,26893.041266,10647.95029,5121.163539,51413.617163
2021-02-20 07:00:00,52559.94,3444.43,3616.869166666667,0.0,53616.85083333333,12,29346,32521,8604.193276999998,245.041388,27524.348149,10627.726792,5120.561226,52190.516683
2021-02-20 08:00:00,50952.66,4113.23,4602.264166666667,0.0,54614.5275,12,30152,33327,7444.385796,2862.6836540000004,24810.963655,10261.898929,5120.342529,50597.318143
2021-02-20 09:00:00,47910.59,4346.19,4564.0216666666665,0.0,52195.638333333336,12,30415,33672,6102.709121,4305.664457999999,21861.318425,10157.630667,5121.903339,47647.990294
2021-02-20 10:00:00,44646.98,4964.3,5567.833333333333,0.0,51689.415,12,32357,35614,6484.743491,4485.922904,18749.360456,9524.003874,5122.9316690000005,44426.030982
2021-02-20 11:00:00,41670.18,6421.12,6843.099166666667,0.0,52465.255,12,32322,35579,7550.697973,4735.102242,17055.717534,6956.606034,5122.622122000001,41508.869802
2021-02-20 12:00:00,38890.84,7118.78,7362.058333333333,0.0,52752.715,12,31453,34710,9537.039944,2447.3565780000004,15967.195733,5589.229158,5124.101847,38745.43138600001
2021-02-20 13:00:00,36653.23,7513.14,7725.256666666667,0.0,52822.089166666665,12,30955,34212,10330.777834,1013.23044,14763.349968,5184.670823,5126.291319,36484.124437000006
2021-02-20 14:00:00,34898.87,7978.15,8424.64,0.0,54612.575833333336,12,31153,34410,9898.970862,605.559039,13961.739504,5050.128717,5129.859907999999,34712.326088
2021-02-20 15:00:00,33865.88,8756.49,9047.775833333331,0.0,56977.4175,12,30969,34144,8891.169685,472.640669,13992.424375,5113.533814,5128.961614,33662.300499000004
2021-02-20 16:00:00,33664.45,9111.92,9316.281666666668,0.0,57640.75,12,31304,34479,8833.908683000001,396.8232880000001,13846.70544,5171.479723,5122.867297999999,33437.492254
2021-02-20 17:00:00,34589.34,8452.33,9011.936666666666,0.0,57351.67416666666,12,31245,34420,10022.471827,255.898286,13596.776906,5268.647342,5125.162998,34331.486616999995
2021-02-20 18:00:00,37178.9,6946.01,7584.029166666667,0.0,54325.13916666667,12,30559,33734,13351.16884,19.563173,13167.425731,5294.4617180000005,5125.470114,37024.08193
2021-02-20 19:00:00,38991.43,6953.38,7079.5275,0.0,54267.192500000005,12,30197,33372,16071.505439,0.0,12671.86454,5063.823324,5124.557228,38996.867187
2021-02-20 20:00:00,39307.09,7073.63,7178.408333333333,0.0,55180.69166666667,12,29786,32961,16950.169672,0.0,12526.400022999998,4506.420555000001,5125.403118,39175.143902
2021-02-20 21:00:00,39071.98,7062.13,7158.0025,0.0,55326.51833333333,12,29194,32369,16589.005939000002,0.0,12646.459149,4478.432054999999,5124.559502,38906.544882
2021-02-20 22:00:00,38200.54,7227.54,7287.427500000001,0.0,55227.3975,12,28515,31690,15549.575125,0.0,12587.759558000002,4518.724141,5124.230087,37846.855681
2021-02-20 23:00:00,37155.79,7387.36,7616.205833333333,0.0,55765.107500000006,12,27519,30694,14803.562847,0.0,12497.338107,4530.766374000001,5124.925683,37024.281726
2021-02-21 00:00:00,36244.57,7850.65,7965.414166666666,0.0,55527.74583333333,12,28877,32052,14453.482393,0.0,12449.404059,4502.288382,5124.850547,36626.295126
2021-02-21 01:00:00,35712.13,7952.15,8001.096666666667,0.0,55344.238333333335,12,28886,32061,14127.37404,0.0,12165.042299,4444.146769,5124.471711,35933.148760000004
2021-02-21 02:00:00,35380.52,7945.81,8021.709166666666,0.0,55175.86916666667,12,29059,32234,14050.308445,0.0,12178.799871,4448.113573,5124.077327,35873.85209
2021-02-21 03:00:00,35272.63,7946.29,8008.814166666667,0.0,54919.89916666667,12,29170,32345,13862.693579,0.0,12065.918532,4438.016732,5142.806156000001,35584.463561000004
2021-02-21 04:00:00,35327.61,7732.94,7854.468333333333,0.0,54320.37833333333,12,29120,32295,13942.057374,0.0,12054.433249000002,4452.100991,5124.185123,35647.682109
2021-02-21 05:00:00,35702.57,7505.6,7585.4175,0.0,53085.5925,12,29135,32310,14263.275777,0.0,12085.693251,4457.6663260000005,5124.731444999999,36006.746978
2021-02-21 06:00:00,36504.37,7025.79,7225.596666666667,0.0,52022.82833333334,12,29135,32310,15149.589086,0.0012,11984.264506999998,4449.097338,5124.522908,36801.41234899999
2021-02-21 07:00:00,37097.46,6809.24,6909.804166666666,0.0,50770.10916666667,12,29898,33073,15603.188193000002,84.62739,11999.92575,4450.264809,5125.245782,37360.954312
2021-02-21 08:00:00,37228.26,6739.11,6848.935,0.0,49904.48,12,29898,33073,14202.596759,1730.696552,11955.65283,4490.006654000001,5126.182108,37638.477991
2021-02-21 09:00:00,36791.47,6906.79,7017.793333333334,0.0,49885.5625,12,30372,33547,13027.433261,2593.973837,11781.540277,4454.945655,5126.197657,37124.885593
2021-02-21 10:00:00,35706.89,7386.57,7551.62,0.0,51504.18666666667,12,30055,33230,12900.024824,1765.8671989999998,11772.300865,4441.723946,5125.540776,36108.929916
2021-02-21 11:00:00,34408.83,7758.06,7823.331666666666,0.0,52076.15083333334,12,30182,33357,12473.621811,965.756656,11698.409074,4461.178124,5124.545438,34793.364099
2021-02-21 12:00:00,33178.98,7943.06,7978.730833333334,0.0,51550.08666666667,12,29393,32568,11549.237806,771.285942,11714.006165,4447.945293000001,5124.74917,33669.839006999995
2021-02-21 13:00:00,32153.77,7855.85,7920.490833333333,0.0,50470.305,12,30207,33382,10972.546233,576.131,11566.433101,4456.094385,5124.774011,32759.687348
2021-02-21 14:00:00,31367.69,7643.77,7784.505,0.0,49180.464166666665,12,30708,33883,10112.383873,706.203035,11547.766823,4467.468255,5124.841623,32022.337419
2021-02-21 15:00:00,31167.5,7472.57,7601.745,0.0,47920.395833333336,12,30285,33460,9668.678752,825.183751,11543.714721,4528.0024570000005,5124.363919,31755.588882
2021-02-21 16:00:00,31364.63,7391.98,7476.478333333333,0.0,47418.08666666667,12,30129,33304,9802.033347,790.230099,11572.758185,4522.406166,5124.024742,31878.667093
2021-02-21 17:00:00,32117.22,6411.01,6923.350833333333,0.0,45037.74,12,30079,33254,10071.718970000002,1225.5208659999998,11639.369757,4421.548233,5122.795774,32546.26042
2021-02-21 18:00:00,33769.95,4971.23,5428.723333333333,0.0,40445.92333333333,12,29692,32867,9022.775023,222.477252,13613.433888,6215.072214,5122.475151,34258.936331
2021-02-21 19:00:00,35007.03,4581.27,4745.116666666667,0.0,40047.84166666667,12,30165,33340,8725.190813,0.0,13991.937996,7545.414084,5121.05824,35449.314959
2021-02-21 20:00:00,34770.38,4681.21,4799.343333333333,0.0,40285.83,12,29689,32754,8862.390172,0.0,13795.832062,7354.464705,5120.487891000001,35198.017112
2021-02-21 21:00:00,34011.51,4572.64,4847.599166666667,0.0,39726.5,12,29458,32413,8111.107093999999,2.6316680000000003,13622.954438999996,7590.145184,5119.949265,34519.945005
2021-02-21 22:00:00,32602.08,5041.58,5160.841666666666,0.0,39021.7075,12,29499,32454,7139.551095999999,2.641291,13446.856805999998,7311.09094,5117.635301,33089.84992899999
2021-02-21 23:00:00,31164.47,5215.04,5276.175833333334,0.0,38318.895,12,28934,31889,5652.846600999999,0.660216,13631.434915999998,7301.467102999999,5115.156143,31770.708571
