datetime,Biomass,Coal,Gas,Gas-CC,Hydro,Nuclear,Other,Solar,WSL,Wind,gas_mw,wind_mw,solar_mw,coal_mw,nuclear_mw,fuel_total_mw
2022-12-20 00:00:00,67.325588,7821.940528999999,1412.075734,16347.675696,22.67386,5107.598395,36.075521,0.0,-44.04581,11685.662021,17759.75143,11685.662021,0.0,7821.940528999999,5107.598395,42456.981534
2022-12-20 01:00:00,67.303449,7731.677355,1294.778966,15624.647621,7.078068999999999,5107.843077,19.728052,0.0,-42.872637,11812.672203,16919.426587,11812.672203,0.0,7731.677355,5107.843077,41622.856155
2022-12-20 02:00:00,67.262625,7566.187927000001,1247.353861,14840.723064,5.224494,5107.599018,18.700601,0.0,-23.782215,12176.959451,16088.076925,12176.959451,0.0,7566.187927000001,5107.599018,41006.228826000006
2022-12-20 03:00:00,67.230552,7433.173567,1208.252556,13826.512679,5.205792,5106.584711,8.379113,0.0,-21.407262,13211.281224,15034.765235,13211.281224,0.0,7433.173567,5106.584711,40845.212932
2022-12-20 04:00:00,67.35311899999999,7214.680143,1214.390954,14414.900577,5.087483,5102.155877,22.507477,0.0,-28.847487,13928.307936,15629.291531,13928.307936,0.0,7214.680143,5102.155877,41940.536079
2022-12-20 05:00:00,67.37191,7804.052723000001,1464.1723980000002,15527.448159,6.104436,5102.670647999999,52.432267,0.0,-33.314827,14127.3847,16991.620557000002,14127.3847,0.0,7804.052723000001,5102.670647999999,44118.32241400001
2022-12-20 06:00:00,67.111853,8700.133309,1772.202103,17585.857085000003,23.736114,5102.783982000001,41.241832,0.0,-83.31266699999999,13770.663367,19358.059188000003,13770.663367,0.0,8700.133309,5102.783982000001,46980.41697800001
2022-12-20 07:00:00,67.196438,8870.583139,2022.514865,19998.171195000003,62.160726,5103.0486,165.616422,28.150002,-20.084444,12744.394407,22020.686060000004,12744.394407,28.150002,8870.583139,5103.0486,49041.751350000006
2022-12-20 08:00:00,67.241033,8788.902485999999,2315.398014,20831.582944,50.411265,5101.824001000001,52.60138499999999,1911.416272,-55.975641,10788.112642,23146.980958,10788.112642,1911.416272,8788.902485999999,5101.824001000001,49851.51440100001
2022-12-20 09:00:00,66.964269,8764.741586,2251.9957700000004,20500.643018,23.02566,5103.157509999999,21.517884,4903.083966,-165.753827,8371.556834,22752.638788,8371.556834,4903.083966,8764.741586,5103.157509999999,49840.93267
2022-12-20 10:00:00,66.11657,8784.898105,2299.8585740000003,20863.011151,4.611787,5102.681236,59.032996,5637.953244,-45.317432,6603.672447999999,23162.869725,6603.672447999999,5637.953244,8784.898105,5102.681236,49376.51867899999
2022-12-20 11:00:00,66.920129,8794.327727,2126.348785,21245.580481,4.598554,5103.088686,67.641377,5933.116478,-52.737612,5360.022783,23371.929266,5360.022783,5933.116478,8794.327727,5103.088686,48648.907388
2022-12-20 12:00:00,66.811712,8717.989946,2057.018416,21013.651224,4.641368,5103.332075,29.16974,6019.659315999999,-67.50116,4762.301017,23070.66964,4762.301017,6019.659315999999,8717.989946,5103.332075,47707.07365399999
2022-12-20 13:00:00,67.13299799999999,8465.748781,2013.656836,20531.510303000003,4.20905,5103.902162,45.353727000000006,6096.387092,-51.598665,4507.021486,22545.167139000005,4507.021486,6096.387092,8465.748781,5103.902162,46783.32377
2022-12-20 14:00:00,65.75489300000001,8300.753370999999,2073.065197,20009.310526,4.235864,5104.052161999999,32.91613,6099.062718,-82.139675,4343.841844,22082.375723,4343.841844,6099.062718,8300.753370999999,5104.052161999999,45950.85303
2022-12-20 15:00:00,80.128981,8241.588233000002,2225.484765,20436.905575,29.44174,5104.218756,45.40681,5365.034942,-87.634663,4250.944203,22662.39034,4250.944203,5365.034942,8241.588233000002,5104.218756,45691.519342
2022-12-20 16:00:00,103.750767,8407.881648,2709.621,22518.393815,4.419573,5105.164615,103.665833,2738.232746,-28.908681,4303.391374,25228.014815,4303.391374,2738.232746,8407.881648,5105.164615,45965.61269
2022-12-20 17:00:00,117.723736,8802.999665,3973.607543,24399.888456,4.51003,5105.526608,206.542226,264.483963,-47.93387499999999,4607.783093999999,28373.495999,4607.783093999999,264.483963,8802.999665,5105.526608,47435.13144599999
2022-12-20 18:00:00,117.931929,9170.856649,4423.998368999999,24554.197061,5.554616,5105.646857000001,171.624795,0.000706,-12.046715,5702.15791,28978.19543,5702.15791,0.000706,9170.856649,5105.646857000001,49239.92217700001
2022-12-20 19:00:00,118.185213,9423.449403,4212.2519520000005,24637.503919,5.620252,5104.96918,58.97732799999999,0.000673,-34.28128,6060.699976,28849.755871,6060.699976,0.000673,9423.449403,5104.96918,49587.37661600001
2022-12-20 20:00:00,117.985284,9268.389618,4136.928882,24992.759714,5.641432,5105.125674,55.663341,0.001303,-23.032518,5878.988509,29129.688596,5878.988509,0.001303,9268.389618,5105.125674,49538.451239
2022-12-20 21:00:00,116.350613,8868.949324,3949.29209,25103.598783,5.636062,5106.349939,31.076087,0.001285,-107.44058900000002,5764.806997000001,29052.890873,5764.806997000001,0.001285,8868.949324,5106.349939,48838.620591
2022-12-20 22:00:00,100.949441,8727.041628,3274.279222,24730.407314,6.222160999999999,5108.075521000001,74.21912599999999,0.001237,-127.080675,5474.948256,28004.686536,5474.948256,0.001237,8727.041628,5108.075521000001,47369.06323099999
2022-12-20 23:00:00,77.152791,8614.314357000001,2661.226816,23995.275829,6.095665,5109.258632,33.466544,0.001151,-85.45914,5482.617801,26656.502645,5482.617801,0.001151,8614.314357000001,5109.258632,45893.950446
2022-12-21 00:00:00,68.36032300000001,7697.031914,2225.117532,23970.306259,6.059340000000001,5109.206733999999,35.926269000000005,0.001124,-50.995625,5798.419016000001,26195.423791,5798.419016000001,0.001124,7697.031914,5109.206733999999,44859.432886
2022-12-21 01:00:00,68.155521,7535.005772,1840.266187,23725.282638000004,5.059531000000001,5105.909327,23.996449,0.0011149999999999,-77.20607799999999,6303.191711,25565.548825000005,6303.191711,0.0011149999999999,7535.005772,5105.909327,44529.662173
2022-12-21 02:00:00,68.077678,7508.901491,1533.063899,23652.611887,4.728073,5102.571055,25.566822,0.001142,-52.670777,6601.052756,25185.675786,6601.052756,0.001142,7508.901491,5102.571055,44443.904026
2022-12-21 03:00:00,81.774353,7648.360277,1590.800265,23935.325951,4.622751,5102.812718,52.117818,0.000237,-32.399478,6670.967365,25526.126216,6670.967365,0.000237,7648.360277,5102.812718,45054.382257
2022-12-21 04:00:00,107.055187,8414.957541,2088.489202,24240.814338,4.421904,5104.01141,22.515153,0.000798,-69.08261,6572.910980999999,26329.30354,6572.910980999999,0.000798,8414.957541,5104.01141,46486.093904
2022-12-21 05:00:00,118.035923,8675.245975,2738.006504,24958.876865,4.016439,5104.5724390000005,52.305890000000005,0.010371,-51.709818000000006,7297.817485,27696.883369,7297.817485,0.010371,8675.245975,5104.5724390000005,48897.178073
2022-12-21 06:00:00,117.87651,8708.967406,4027.621686,25949.619116,3.978086,5104.011023,242.640846,0.011589,-54.717189,7768.773717,29977.240802,7768.773717,0.011589,8708.967406,5104.011023,51868.78279
2022-12-21 07:00:00,115.434016,8566.837441,4611.299334,26717.117951,69.03196000000001,5104.258826,287.757437,85.207821,-14.614490000000002,8207.990291,31328.417285,8207.990291,85.207821,8566.837441,5104.258826,53750.320587
2022-12-21 08:00:00,112.933254,8415.99512,4645.216887,26194.517024,3.996433,5104.146297,135.33068300000002,967.279424,-126.910567,8633.067251,30839.733911,8633.067251,967.279424,8415.99512,5104.146297,54085.571806
2022-12-21 09:00:00,98.107262,8196.523725,3160.871088,25218.011006,4.343949,5104.314592000001,39.311375,2115.416005,-233.357112,9958.072877,28378.882094,9958.072877,2115.416005,8196.523725,5104.314592000001,53661.614767
2022-12-21 10:00:00,74.48425999999999,8091.379921,2231.9301,22849.193188,4.089864,5105.163357,6.11202,3611.24023,-154.237437,10539.356782,25081.123288000003,10539.356782,3611.24023,8091.379921,5105.163357,52358.712285
2022-12-21 11:00:00,67.65265199999999,7781.297146,1813.053054,19416.824914,4.038553,5111.324358,32.711614,5180.321532,-91.553009,11420.920131,21229.877968,11420.920131,5180.321532,7781.297146,5111.324358,50736.590945
2022-12-21 12:00:00,67.799709,6703.554425999999,1629.883729,16537.656605,4.035526,5110.491253,37.349188,5655.661584,-171.95044,13440.856323,18167.540334,13440.856323,5655.661584,6703.554425999999,5110.491253,49015.337903
2022-12-21 13:00:00,68.97726700000001,6025.369761,1538.61557,15530.779199,4.117687999999999,5105.511144,99.165074,5948.149833,-139.89758999999998,13828.621546,17069.394769,13828.621546,5948.149833,6025.369761,5105.511144,48009.409492000006
2022-12-21 14:00:00,68.988316,5859.297167,1512.081247,14728.930018,4.8518870000000005,5105.434654000001,55.458914,6240.195554999999,-221.95733,13627.838997,16241.011265,13627.838997,6240.195554999999,5859.297167,5105.434654000001,46981.119425
2022-12-21 15:00:00,82.84984,5774.130671999999,1506.156116,14600.351659,22.73838,5105.72237,52.115105,6339.041383,-210.172492,13419.457465,16106.507775,13419.457465,6339.041383,5774.130671999999,5105.72237,46692.390498
2022-12-21 16:00:00,106.955506,6616.96638,1684.5114009999998,16203.009692,23.313486,5105.152545,122.132628,4136.747987,-67.619358,12990.260429,17887.521093,12990.260429,4136.747987,6616.96638,5105.152545,46921.430696
2022-12-21 17:00:00,118.804375,8212.530169,1892.0570740000005,19650.515008,24.500317000000003,5104.560611000001,129.295888,577.2075169999999,-37.687885,12717.174767,21542.572082,12717.174767,577.2075169999999,8212.530169,5104.560611000001,48388.95784100001
2022-12-21 18:00:00,118.967134,8412.558001,1914.173446,19831.147462,24.500591,5104.426737,59.38166700000001,0.000754,-75.083043,15265.381644,21745.320908,15265.381644,0.000754,8412.558001,5104.426737,50655.45439300001
2022-12-21 19:00:00,119.039819,7865.021962,1883.860706,17678.715707,24.520829,5105.090456,85.296048,0.003086,-31.803214,18199.57523,19562.576413,18199.57523,0.003086,7865.021962,5105.090456,50929.320629
2022-12-21 20:00:00,117.433949,7636.582190999999,1797.1722519999998,16396.617142,5.600963999999999,5104.5607740000005,44.078304,0.011753,-72.245874,20142.044955,18193.789394,20142.044955,0.011753,7636.582190999999,5104.5607740000005,51171.85640999999
2022-12-21 21:00:00,92.964043,7593.534218,1621.290611,15518.573124,6.19283,5103.80307,30.447863,0.0,-110.07468,20770.060699,17139.863735,20770.060699,0.0,7593.534218,5103.80307,50626.791778
2022-12-21 22:00:00,70.42978,7005.233805000001,1504.816316,14926.562289,6.122658,5104.314074,99.030432,0.004578,-70.40365,20609.593194,16431.378604999998,20609.593194,0.004578,7005.233805000001,5104.314074,49255.703476
2022-12-21 23:00:00,69.292368,6445.338092999999,1488.71455,13870.964024,5.798836,5103.779549000001,29.609036000000003,9.5e-05,-122.628689,20595.496755,15359.678574,20595.496755,9.5e-05,6445.338092999999,5103.779549000001,47486.364617
2022-12-22 00:00:00,67.267525,5845.221422,1437.187082,13216.749541,21.96146,5103.172418,29.282706,0.0,-75.72341499999999,20291.769764,14653.936623,20291.769764,0.0,5845.221422,5103.172418,45936.888503
2022-12-22 01:00:00,65.824051,5465.381815000001,1436.972934,13176.629994,6.718413,5102.489143999999,32.565249,0.0,-52.219133,19931.316012,14613.602927999998,19931.316012,0.0,5465.381815000001,5102.489143999999,45165.678479
2022-12-22 02:00:00,65.817118,5131.598262,1438.69135,13178.548744,4.615327000000001,5102.724066000001,26.799828,0.0,-45.936981,19395.384999,14617.240094,19395.384999,0.0,5131.598262,5102.724066000001,44298.242713
2022-12-22 03:00:00,65.848959,4935.524915,1490.633827,13244.155386,4.021934,5102.965119,33.644695,0.0,-32.528426,19207.440116,14734.789212999998,19207.440116,0.0,4935.524915,5102.965119,44051.706525
2022-12-22 04:00:00,65.803785,5052.5563170000005,1591.299278,13487.989926,4.208457,5103.698772,30.463257,0.0,-51.474847,19253.066444,15079.289204,19253.066444,0.0,5052.5563170000005,5103.698772,44537.611389
2022-12-22 05:00:00,65.768899,5837.62978,1767.342299,14389.31347,22.162436,5103.302009999999,53.177116,0.0,-88.818811,18704.914248,16156.655769,18704.914248,0.0,5837.62978,5103.302009999999,45854.791447
2022-12-22 06:00:00,65.67861,6027.517394,1883.141286,15688.253451,22.024116000000003,5103.599212,120.175581,0.0,-58.515686,19147.451479,17571.394737000002,19147.451479,0.0,6027.517394,5103.599212,47999.325443
2022-12-22 07:00:00,66.023399,6102.675147000001,2303.241778,16371.814644,60.499026,5104.022409,359.597947,44.798832,-21.973134,19724.982866,18675.056422,19724.982866,44.798832,6102.675147000001,5104.022409,50115.682914000005
2022-12-22 08:00:00,66.098126,5936.792281,3167.86646,17010.422037000004,22.45261,5103.377493,79.21919899999999,1511.389375,-72.79218399999999,19164.262828,20178.288497000005,19164.262828,1511.389375,5936.792281,5103.377493,51989.08822500001
2022-12-22 09:00:00,66.107305,5667.2601,3874.316704,17640.935198,7.332913,5103.229359,43.11484,1999.174148,-209.347653,20015.456617,21515.251902,20015.456617,1999.174148,5667.2601,5103.229359,54207.579531
2022-12-22 10:00:00,66.21073200000001,5560.90966,4356.255999,17697.394515,3.71064,5102.631937,14.263821,2383.05316,-169.269472,20696.265035,22053.650514,20696.265035,2383.05316,5560.90966,5102.631937,55711.42602700001
2022-12-22 11:00:00,66.716367,5535.488192,4627.222041,18068.990835,3.804066,5102.317026,28.909836,3178.267436,-173.819523,20313.504338,22696.212876,20313.504338,3178.267436,5535.488192,5102.317026,56751.400614
2022-12-22 12:00:00,68.621859,5724.658034,4671.315398999999,18870.128526,3.791115,5102.541603000001,48.144961,3137.384814,-138.407075,20115.349163,23541.443925,20115.349163,3137.384814,5724.658034,5102.541603000001,57603.52839899999
2022-12-22 13:00:00,68.699761,6283.805249000001,4676.510009,19624.122364,3.872482,5102.150374,18.775728,2791.576052,-125.854347,20290.383826,24300.632373,20290.383826,2791.576052,6283.805249000001,5102.150374,58734.04149799999
2022-12-22 14:00:00,68.884648,6745.924585,4768.742019,20224.805867,5.035292999999999,5101.742541,32.777135,2779.100637,-106.703526,20215.775272,24993.547886,20215.775272,2779.100637,6745.924585,5101.742541,59836.084471
2022-12-22 15:00:00,80.252165,7532.030414999999,4800.360828999999,20647.797002,60.419806,5101.617795,18.166405,2691.007498,-96.297752,20637.760448,25448.157831,20637.760448,2691.007498,7532.030414999999,5101.617795,61473.114611
2022-12-22 16:00:00,109.242708,7744.499704,5318.73934,21156.431931,112.910754,5100.881819,71.83686499999999,1772.997544,-38.360253,22208.648977,26475.171271,22208.648977,1772.997544,7744.499704,5100.881819,63557.82938899999
2022-12-22 17:00:00,117.980736,9008.766773,5541.349196,23286.299049,113.718574,5101.846747,50.367698,247.151868,-51.626305,24231.699262,28827.648245,24231.699262,247.151868,9008.766773,5101.846747,67647.553598
2022-12-22 18:00:00,117.569955,9603.892585,6161.160058,25442.950044000005,113.651936,5102.8734,134.183633,0.0,-21.624952,24742.950697,31604.11010200001,24742.950697,0.0,9603.892585,5102.8734,71397.60735600001
2022-12-22 19:00:00,116.780861,9680.008648,6736.8092,27087.012229,112.321987,5103.724753,78.95514,0.005268,-48.875734,24237.522495,33823.821429,24237.522495,0.005268,9680.008648,5103.724753,73104.264847
2022-12-22 20:00:00,115.807076,9700.25031,7184.954208,28049.703837,94.254038,5103.984388000001,44.941852,0.0031659999999999,-87.715283,23954.151587,35234.658045000004,23954.151587,0.0031659999999999,9700.25031,5103.984388000001,74160.33517900002
2022-12-22 21:00:00,115.621668,9900.939747,7623.741946999999,28197.939728,93.104718,5102.880466,35.000955,0.0,-148.216183,23482.859377,35821.681675,23482.859377,0.0,9900.939747,5102.880466,74403.87242300002
2022-12-22 22:00:00,115.597639,10051.843377,7929.88433,27582.254476,92.95237,5101.875462,64.881519,0.0,-86.199027,22750.310429,35512.138806,22750.310429,0.0,10051.843377,5101.875462,73603.40057499999
2022-12-22 23:00:00,115.548944,10059.671688,7871.549284000001,27726.893905,92.955227,5101.841251,21.013521,0.0,-40.454611,21653.986174,35598.443189,21653.986174,0.0,10059.671688,5101.841251,72603.005383
2022-12-23 00:00:00,115.7546,10221.3571,8266.666291,27849.881312,93.132608,5103.532515999999,49.479456,0.004872,-40.88029,20100.79294,36116.547603,20100.79294,0.004872,10221.3571,5103.532515999999,71759.72140499999
2022-12-23 01:00:00,115.542037,10448.706815,9770.169981,27575.919476,111.291722,5103.3517010000005,33.86386,0.017984,-46.633754,18184.793443,37346.089457,18184.793443,0.017984,10448.706815,5103.3517010000005,71297.023265
2022-12-23 02:00:00,114.550493,10241.302299,10498.287388,27916.472662,92.88240799999998,5104.9750810000005,38.552195,0.000998,-26.475131,16759.920906,38414.76005,16759.920906,0.000998,10241.302299,5104.9750810000005,70740.469299
2022-12-23 03:00:00,117.434791,9903.081432,11793.922165999998,28126.79038,92.41436000000002,5104.754057,92.517484,0.009376,-127.761809,15621.850296,39920.712546,15621.850296,0.009376,9903.081432,5104.754057,70725.012533
2022-12-23 04:00:00,118.697285,9598.362667,12322.532966,28259.276316,92.169114,5104.263774,50.924707,0.006724,-81.374908,15184.433313,40581.809282,15184.433313,0.006724,9598.362667,5104.263774,70649.29195799999
2022-12-23 05:00:00,118.720079,9451.035278,13760.108998000002,28265.645952,92.179064,5105.107318,172.46899000000002,0.000102,-32.199774000000005,14427.977356,42025.75495,14427.977356,0.000102,9451.035278,5105.107318,71361.043363
2022-12-23 06:00:00,118.532439,9664.76569,14591.734571,29053.171814,94.754483,5104.484799,294.74548400000003,0.000874,-34.650847,13577.390581,43644.906385,13577.390581,0.000874,9664.76569,5104.484799,72464.92988799998
2022-12-23 07:00:00,66.810416,9406.489893,15829.045573,29983.245362,111.460017,5104.789089,535.14648,165.16813100000002,-42.117828,12214.810174,45812.290935,12214.810174,165.16813100000002,9406.489893,5104.789089,73374.847307
2022-12-23 08:00:00,47.944818,9284.951749,15727.130768,29873.073956,111.156035,5105.606353,260.528199,2419.695797,-52.889092,10507.155679,45600.204724,10507.155679,2419.695797,9284.951749,5105.606353,73284.35426200001
2022-12-23 09:00:00,57.070076,9042.307454,13373.0405,28598.736761,110.811295,5105.264332,17.121104000000003,6393.877321,-284.663933,10541.669519,41971.777261,10541.669519,6393.877321,9042.307454,5105.264332,72955.23442899999
2022-12-23 10:00:00,71.904019,8823.037439,11835.003306,28440.292974,109.94353,5105.773535,12.169187999999998,7566.301222,-180.259932,10048.590334,40275.29628,10048.590334,7566.301222,8823.037439,5105.773535,71832.755615
2022-12-23 11:00:00,90.761498,8909.8565,10756.922803,28376.228326,92.068207,5106.360209,14.536642,7597.35341,-198.036653,9338.060145,39133.151129,9338.060145,7597.35341,8909.8565,5106.360209,70084.11108699998
2022-12-23 12:00:00,113.404246,8628.874933,9966.816229,27342.544833,91.849018,5106.164905,3.148897,7732.734476,-195.761017,8701.558931,37309.361062,8701.558931,7732.734476,8628.874933,5106.164905,67491.33545099999
2022-12-23 13:00:00,116.370823,8181.718068000001,9731.41256,26358.250435,91.744295,5106.016668,12.205277,7737.317207999999,-191.03202,8377.546794,36089.662995000006,8377.546794,7737.317207999999,8181.718068000001,5106.016668,65521.55010800001
2022-12-23 14:00:00,117.084613,8144.079153000001,9031.10621,26311.843658,91.588569,5105.178938,18.579215,7442.133388,-123.80834,7347.273606,35342.949868,7347.273606,7442.133388,8144.079153000001,5105.178938,63485.05901
2022-12-23 15:00:00,120.026644,8251.133223,8643.550792,26994.497245,117.747261,5106.984549,32.372535,7240.182847999999,-43.77085600000001,6498.381391999999,35638.048037,6498.381391999999,7240.182847999999,8251.133223,5106.984549,62961.10563299999
2022-12-23 16:00:00,122.976458,8840.19144,10590.559974,28864.668613,136.251652,5107.597202,54.677035,3891.989846,-31.187231,5789.048319,39455.228587000005,5789.048319,3891.989846,8840.19144,5107.597202,63366.773308
2022-12-23 17:00:00,122.960338,9307.526082,14781.112634,31201.748175,112.168037,5107.575552,179.284605,452.294617,-70.907091,4563.947074,45982.860809000005,4563.947074,452.294617,9307.526082,5107.575552,65757.710023
2022-12-23 18:00:00,123.10785,9459.304979,16855.442994,31727.095463,112.151225,5107.956593,298.20221200000003,0.0,-13.260806,3569.3885390000005,48582.538457,3569.3885390000005,0.0,9459.304979,5107.956593,67239.389049
2022-12-23 19:00:00,122.68586,9447.210414,17187.946047999998,31760.725555,112.151891,5107.853113,454.528157,0.0,-19.057585,3067.670597,48948.671603,3067.670597,0.0,9447.210414,5107.853113,67241.71405
2022-12-23 20:00:00,121.826552,9481.24856,17163.32374,31934.308434,111.13782799999998,5108.287355,398.924921,0.0,-18.642488,2732.888997,49097.632174,2732.888997,0.0,9481.24856,5108.287355,67033.30389899999
2022-12-23 21:00:00,121.78755,9665.202503,16833.818137,31863.957214,93.510419,5108.500517,91.889577,0.0,-104.35356,2683.82238,48697.775351,2683.82238,0.0,9665.202503,5108.500517,66358.13473699999
2022-12-23 22:00:00,121.748923,9906.730454,16117.074355,31674.378097,93.586254,5108.05789,8.790689,0.0,-393.122457,2606.77995,47791.452452,2606.77995,0.0,9906.730454,5108.05789,65244.02415500001
2022-12-23 23:00:00,121.803714,9792.154698,15188.610250000002,31418.057619,93.402097,5108.403993,5.681964000000001,0.0,-249.697602,2758.658535,46606.667869,2758.658535,0.0,9792.154698,5108.403993,64237.07526800001
2022-12-24 00:00:00,121.799225,9615.450693,13925.522557,30923.003999,93.173675,5108.350597,11.894913,0.0,-77.042886,3402.989222,44848.526556,3402.989222,0.0,9615.450693,5108.350597,63125.14199499998
2022-12-24 01:00:00,121.826033,9627.595809,12760.985873,30525.900774,110.458048,5109.084056,5.748541,0.0,-48.723955,4160.993273,43286.886647,4160.993273,0.0,9627.595809,5109.084056,62373.868452
2022-12-24 02:00:00,121.828876,9622.01249,12546.231433,30060.608702,92.156292,5109.509048,18.219345,0.0,-57.153712,4409.660164,42606.840135000006,4409.660164,0.0,9622.01249,5109.509048,61923.072638
2022-12-24 03:00:00,121.766926,9844.18198,12438.070024,29892.990253,92.015175,5109.775721,16.237273000000002,0.0,-45.104214000000006,4568.28955,42331.060277,4568.28955,0.0,9844.18198,5109.775721,62038.222688
2022-12-24 04:00:00,121.80016,10072.259875,12452.314823,29777.731198,91.459127,5109.542203,13.899563,0.0,-37.335557,4760.255412,42230.046021,4760.255412,0.0,10072.259875,5109.542203,62361.926804
2022-12-24 05:00:00,121.611279,10116.495767,12784.924736,30085.478574,91.329826,5108.818443,4.240582000000001,0.0,-40.68347,4656.254356,42870.40331,4656.254356,0.0,10116.495767,5108.818443,62928.47009299999
2022-12-24 06:00:00,121.619706,10160.813751000002,13276.864124,30362.855574,91.525255,5108.71863,14.445237,0.0,-15.024624,4790.122506,43639.719698,4790.122506,0.0,10160.813751000002,5108.71863,63911.940159000005
2022-12-24 07:00:00,121.269533,10371.918451,13430.803198,30624.020446,110.164458,5108.530658,35.469734,128.712997,-13.907218,4928.298352999999,44054.823644,4928.298352999999,128.712997,10371.918451,5108.530658,64845.28061
2022-12-24 08:00:00,120.456691,9958.786188000002,11281.544949,29886.627202,110.080329,5108.873159,54.883118,3246.652734,-61.375849,4900.472394,41168.172151,4900.472394,3246.652734,9958.786188000002,5108.873159,64607.00091500001
2022-12-24 09:00:00,120.29593,9335.217891,8609.320577,28141.036966,109.841057,5108.400403000001,134.814278,7601.888836,-40.660449,4489.56604,36750.357543,4489.56604,7601.888836,9335.217891,5108.400403000001,63609.72152899999
2022-12-24 10:00:00,120.362598,9061.667635,7219.559897,26042.712431,110.07073,5109.238473,70.41114,8677.730143,-59.009316,4832.248676,33262.272328,4832.248676,8677.730143,9061.667635,5109.238473,61184.992407
2022-12-24 11:00:00,120.203381,8711.336965,6525.858469000001,24482.800532,90.756842,5108.637476,44.388675000000006,8558.350626,-87.391764,4755.76236,31008.659001,4755.76236,8558.350626,8711.336965,5108.637476,58310.70356200001
2022-12-24 12:00:00,120.46255,8504.473084000001,6083.844862,22646.998302,5.17959,5109.891969,3.001513,8400.823002,-87.18492,4476.443798,28730.843164,4476.443798,8400.823002,8504.473084000001,5109.891969,55263.93375
2022-12-24 13:00:00,120.522924,8183.728383999999,5532.295009,21380.076800000003,3.907664,5109.695019,5.362252000000001,8603.512369,-56.451833,3650.960835,26912.371809000004,3650.960835,8603.512369,8183.728383999999,5109.695019,52533.609423
2022-12-24 14:00:00,120.572174,7433.728532999999,5228.807337,20783.268972,3.992859,5110.307594,5.860309,8921.85442,-62.956383,2936.686162,26012.076309,2936.686162,8921.85442,7433.728532999999,5110.307594,50482.121977
2022-12-24 15:00:00,120.591024,7296.043298,5249.823258,20638.8092,29.236522,5109.849053,6.460849,8709.0005,-55.574217,2470.3013520000004,25888.632458,2470.3013520000004,8709.0005,7296.043298,5109.849053,49574.54083900001
2022-12-24 16:00:00,120.573895,8076.761420000001,5887.633583000001,23159.150116,29.589137,5109.525670000001,73.668064,5679.344732,-6.789052,1834.796145,29046.783699,1834.796145,5679.344732,8076.761420000001,5109.525670000001,49964.25371
2022-12-24 17:00:00,120.661074,8849.343308,8061.797703,28059.775325,112.622557,5112.130944,70.131326,697.610354,-28.634418,1632.981911,36121.573028,1632.981911,697.610354,8849.343308,5112.130944,52688.420084
2022-12-24 18:00:00,120.507582,9863.777767,9882.93965,28885.497977,112.540343,5111.955809,46.027149,8.4e-05,-29.878682,1635.083635,38768.437627,1635.083635,8.4e-05,9863.777767,5111.955809,55628.451314
2022-12-24 19:00:00,120.46968099999998,10089.509639,10026.762578000002,29008.78809,112.321159,5111.087916,29.874761,0.0,-18.575671,2140.546707,39035.550668,2140.546707,0.0,10089.509639,5111.087916,56620.78486
2022-12-24 20:00:00,120.517507,10209.22175,9928.849857,28928.729599,112.4133,5111.11788,59.763586,0.0,-38.797948000000005,2653.53256,38857.579456,2653.53256,0.0,10209.22175,5111.11788,57085.348091
2022-12-24 21:00:00,120.494168,10185.63611,9365.830218,28867.377003,97.866444,5110.495858,10.469483,0.0,-33.147291,3704.813813,38233.207221,3704.813813,0.0,10185.63611,5110.495858,57429.835806
2022-12-24 22:00:00,120.664413,9876.547231,8418.509638,28327.730975,93.769379,5109.989012,2.856501,0.0,-27.771041,5354.31016,36746.240613,5354.31016,0.0,9876.547231,5109.989012,57276.606268
2022-12-24 23:00:00,120.628261,9830.555984,7774.937741000001,27658.030206,91.621677,5110.003736000001,7.175053999999999,0.0,-32.025076,6418.426235,35432.967947,6418.426235,0.0,9830.555984,5110.003736000001,56979.353818
2022-12-25 00:00:00,118.743899,10097.030826,7301.025925,27225.582475,6.517843,5109.871559,26.380472,0.011251,-15.06843,7267.923659,34526.6084,7267.923659,0.011251,10097.030826,5109.871559,57138.019479
2022-12-25 01:00:00,117.861935,10049.937524,7071.665106,26941.666568,5.379864,5109.580319,2.453503,0.0,-31.686641,7959.927506,34013.331674,7959.927506,0.0,10049.937524,5109.580319,57226.785684
2022-12-25 02:00:00,117.843545,9901.570705,7164.343211,27008.844372,23.428327,5109.862387,14.404917,0.0,-11.398841,8067.368627999999,34173.187583,8067.368627999999,0.0,9901.570705,5109.862387,57396.267251
2022-12-25 03:00:00,117.769169,9832.272546,7153.12536,27043.720252,8.773365,5110.237091,5.030928,0.0,-12.868196,8117.699136,34196.845612,8117.699136,0.0,9832.272546,5110.237091,57375.759651
2022-12-25 04:00:00,117.924637,9871.195546,7135.386795,27390.563748,92.24481,5109.467777,16.555934999999998,0.0,-9.225348,7936.422062,34525.950543,7936.422062,0.0,9871.195546,5109.467777,57660.535962
2022-12-25 05:00:00,117.930113,10039.992752000002,7660.166597,28207.124751,92.399364,5110.152186,55.706766,0.0,-6.10724,7271.506685,35867.291348,7271.506685,0.0,10039.992752000002,5110.152186,58548.871974
2022-12-25 06:00:00,117.968437,10096.592076,8625.076768,28915.55539,92.142129,5110.902344,209.539897,0.0,-17.648791,6477.844906,37540.632158,6477.844906,0.0,10096.592076,5110.902344,59627.97315600001
2022-12-25 07:00:00,117.895781,10183.58788,9404.710448,29350.28826,105.280569,5110.167751999999,231.731541,177.22931,-18.512176,5835.804471,38754.998708,5835.804471,177.22931,10183.58788,5110.167751999999,60498.18383600001
2022-12-25 08:00:00,117.749915,9697.928696,7600.527290999999,27926.048711,108.883363,5109.5457910000005,22.156131,3549.8559560000003,-98.463687,5207.52998,35526.576002,5207.52998,3549.8559560000003,9697.928696,5109.5457910000005,59241.762147
2022-12-25 09:00:00,117.94341799999998,9349.511656,5793.353657000001,24306.79005,24.497564,5109.500785,1.947848,8318.979414000001,-208.323371,3060.034478,30100.143707,3060.034478,8318.979414000001,9349.511656,5109.500785,55874.235499
2022-12-25 10:00:00,117.873428,9102.747116,4914.208581,22051.363737,23.900674,5110.48154,1.290607,8799.93621,-204.088272,2025.286194,26965.572318,2025.286194,8799.93621,9102.747116,5110.48154,51942.999815
2022-12-25 11:00:00,117.789383,7951.418072,4428.891609,19553.811419,11.917168,5111.0498210000005,1.147711,8455.49452,-200.4243,2887.976998,23982.703028,2887.976998,8455.49452,7951.418072,5111.0498210000005,48319.072401
2022-12-25 12:00:00,102.40516,6467.2843,3484.319462,18172.349277,4.101831,5110.441989,0.2402849999999999,7203.826234,-97.853525,4934.992313,21656.668739,4934.992313,7203.826234,6467.2843,5110.441989,45382.107326000005
2022-12-25 13:00:00,72.94535,5932.982445000001,2899.324144,17851.005511,4.099392,5111.709327,0.789285,4769.855687,-19.77996,6319.593400000001,20750.329655,6319.593400000001,4769.855687,5932.982445000001,5111.709327,42942.524581
2022-12-25 14:00:00,63.486398,5638.614081999999,2888.472086,17549.939228,29.811277,5111.999335,1.55522,3226.780395,-30.867809,6670.819352,20438.411314,6670.819352,3226.780395,5638.614081999999,5111.999335,41150.60956399999
2022-12-25 15:00:00,63.471979,5512.591259999999,2849.896592,17633.50752,29.936304000000003,5112.034736,2.1881310000000003,2167.974964,-18.160811,7031.718193000001,20483.404112,7031.718193000001,2167.974964,5512.591259999999,5112.034736,40385.15886799999
2022-12-25 16:00:00,63.55333,5499.935990999999,2809.003468,17571.151794,55.847472,5111.778424,26.250724,1885.601333,-8.914919000000001,7766.427292,20380.155262,7766.427292,1885.601333,5499.935990999999,5111.778424,40780.634909
2022-12-25 17:00:00,47.092635,6653.337955,3228.031106,18664.773715,23.693539,5111.653182,32.848825,459.26356,-17.097671,9341.265322,21892.804821,9341.265322,459.26356,6653.337955,5111.653182,43544.862168
2022-12-25 18:00:00,12.775836,6989.619688999999,2963.370354,17814.066300000002,24.598905,5111.982446,7.919640999999999,0.0,-11.451357,13691.322989,20777.436654,13691.322989,0.0,6989.619688999999,5111.982446,46604.204803
2022-12-25 19:00:00,12.778937,6704.673449,2932.893124,17205.835809,24.747225,5112.230248,30.021854,0.0,-17.139863000000002,16059.008589,20138.728933,16059.008589,0.0,6704.673449,5112.230248,48065.049372
2022-12-25 20:00:00,12.793738,6805.996705,2952.85033,17288.882064,23.069575,5112.060481,44.431913,0.0,-30.032792,16965.526372,20241.732394,16965.526372,0.0,6805.996705,5112.060481,49175.578386
2022-12-25 21:00:00,12.798978,7010.335133,2912.739365,17548.147358000002,5.577646,5109.791395,60.74141399999999,0.000222,-25.5953,17159.547475000003,20460.886723000003,17159.547475000003,0.000222,7010.335133,5109.791395,49794.083686000005
2022-12-25 22:00:00,12.793055,6963.544486,2418.607847,17215.981035999997,6.078018999999999,5107.513118000001,13.800414000000002,0.000226,-30.323906,18030.132166,19634.588883,18030.132166,0.000226,6963.544486,5107.513118000001,49738.126461
2022-12-25 23:00:00,12.796141,6622.296238000001,2207.925547,16907.166248,5.0063960000000005,5109.796478,13.143916,0.0,-79.91377500000002,18761.629746,19115.091795,18761.629746,0.0,6622.296238000001,5109.796478,49559.846935
2022-12-26 00:00:00,12.788733,6899.228901,2013.577657,17005.682225,6.066121000000001,5111.617183,21.884158,0.000247,-30.922638000000003,18340.885829,19019.259882,18340.885829,0.000247,6899.228901,5111.617183,49380.808416
2022-12-26 01:00:00,12.768967999999996,7235.522099000001,1855.451389,17585.469814,23.000036,5110.366612,6.128088,0.0,-38.247974,17597.081105999998,19440.921203,17597.081105999998,0.0,7235.522099000001,5110.366612,49387.540138
2022-12-26 02:00:00,12.777552,8040.381227,1915.507658,18921.095596,4.860393,5110.901593,23.309812,0.0,-21.138603,15520.529979,20836.603254,15520.529979,0.0,8040.381227,5110.901593,49528.225207
2022-12-26 03:00:00,12.768495,8592.134418,2084.931568,20691.224347,4.784905999999999,5110.310156,11.926601,0.0,-25.498957,13374.267595,22776.155915,13374.267595,0.0,8592.134418,5110.310156,49856.849129
2022-12-26 04:00:00,12.774914,8649.184075000001,2246.12709,22156.4361,4.623637,5110.121083,10.998942,0.0,-11.573351,12296.784479999998,24402.56319,12296.784479999998,0.0,8649.184075000001,5110.121083,50475.47696999999
2022-12-26 05:00:00,21.607049,8865.164003,2648.534394,24364.869844,4.132308,5110.652132,18.472706,0.0,-36.864539,10802.794459,27013.404238000003,10802.794459,0.0,8865.164003,5110.652132,51799.362356
2022-12-26 06:00:00,43.420012,8893.000776,2985.541098,25258.738458,4.132503,5110.721325,162.628701,0.0,-23.887511,10699.950796,28244.279556,10699.950796,0.0,8893.000776,5110.721325,53134.246158
2022-12-26 07:00:00,61.925597,8876.896606,2852.085021,24552.573618,14.72337,5110.959378,139.39739699999998,136.857845,-6.4388060000000005,12401.898412,27404.658639,12401.898412,136.857845,8876.896606,5110.959378,54140.878438
2022-12-26 08:00:00,62.98561,8349.701049000001,2398.782211,20441.777882,22.849291,5111.079152,22.077278,3231.270302,-131.44037500000002,13985.848318,22840.560093,13985.848318,3231.270302,8349.701049000001,5111.079152,53494.930718
2022-12-26 09:00:00,62.749718,6670.444352,2151.6887380000003,17757.2103,23.041707,5111.459712,22.425606,7356.111049999999,-184.285536,12811.829386,19908.899038,12811.829386,7356.111049999999,6670.444352,5111.459712,51782.67503300001
2022-12-26 10:00:00,62.482106,5783.790387000001,2031.467825,16577.18035,23.336433,5112.529965,5.069878,6816.33164,-104.229561,13839.770935,18608.648175,13839.770935,6816.33164,5783.790387000001,5112.529965,50147.729958
2022-12-26 11:00:00,61.95936,5468.791805000001,2013.700925,16384.679254,4.397391,5112.94231,17.854607,3668.026616,-47.132575,15710.565032,18398.380179,15710.565032,3668.026616,5468.791805000001,5112.94231,48395.784725
2022-12-26 12:00:00,62.415288,5364.136416,1991.3981,16277.857147,4.115145999999999,5111.780476,14.126521,2040.8677350000005,-47.430606,15227.228244000002,18269.255247,15227.228244000002,2040.8677350000005,5364.136416,5111.780476,46046.494467
2022-12-26 13:00:00,63.044018,5233.232014000001,1956.737695,16119.59207,4.191157,5111.265188,18.907895,1432.645116,-45.106283000000005,13803.134024,18076.329765,13803.134024,1432.645116,5233.232014000001,5111.265188,43697.642894
2022-12-26 14:00:00,63.493236,5052.819664000001,1920.894264,16129.237198,4.252246,5111.860869,29.897363,1400.623235,-17.308635,12187.408591,18050.131462,12187.408591,1400.623235,5052.819664000001,5111.860869,41883.178031
2022-12-26 15:00:00,63.096553,5032.334034,1929.057818,16256.486285,29.34488,5112.391747000001,23.283716,2715.431155,-66.099923,10086.331152,18185.544103,10086.331152,2715.431155,5032.334034,5112.391747000001,41181.657417
2022-12-26 16:00:00,62.977042,5139.152693,2247.003352,16838.366815,49.027113,5111.583600999999,78.225832,3679.413243,-39.885296,8212.92756,19085.370167,8212.92756,3679.413243,5139.152693,5111.583600999999,41378.79195500001
2022-12-26 17:00:00,63.19362,7296.295672,3072.4517840000003,21281.889065,25.673134,5111.877441,155.30885999999998,689.8386330000001,-36.49474,6227.093402,24354.340849,6227.093402,689.8386330000001,7296.295672,5111.877441,43887.12687099999
2022-12-26 18:00:00,62.644561,8665.182595,3390.5061210000003,23391.886405,25.740564,5112.774542,175.531271,0.0,-26.820121,5893.8172620000005,26782.392526,5893.8172620000005,0.0,8665.182595,5112.774542,46691.2632
2022-12-26 19:00:00,62.408733,8783.049633,3360.338481,23663.506747000003,25.587276000000003,5111.983665,171.824926,0.0,-31.57018,5941.171888000001,27023.845228,5941.171888000001,0.0,8783.049633,5111.983665,47088.301169
2022-12-26 20:00:00,62.017731,8805.066569999999,3408.659359,24462.256558,26.001992,5113.499549,99.648276,0.013842,-36.070681,5862.897898,27870.915917,5862.897898,0.013842,8805.066569999999,5113.499549,47803.991094000005
2022-12-26 21:00:00,62.214515,8722.413927000001,3446.583062,25320.319085,10.363121,5112.406176,83.34708499999999,0.0,-37.419757,5490.64168,28766.902147,5490.64168,0.0,8722.413927000001,5112.406176,48210.86889400001
2022-12-26 22:00:00,62.238119,8741.821616000001,3282.645411,25188.026898,5.193629,5109.811491,105.568504,0.0,-186.669586,5284.372328,28470.672309,5284.372328,0.0,8741.821616000001,5109.811491,47593.00841
2022-12-26 23:00:00,62.292034,8932.631217,3303.08476,24574.571861,5.179824999999999,5109.456869000001,33.38524099999999,0.0,-205.804805,5335.750895,27877.656621,5335.750895,0.0,8932.631217,5109.456869000001,47150.547897
2022-12-27 00:00:00,62.345905,9077.855207,2323.532494,24467.269336,5.099738,5110.655930999999,61.484383,0.000263,-50.338926,5460.499615,26790.80183,5460.499615,0.000263,9077.855207,5110.655930999999,46518.40394600001
2022-12-27 01:00:00,62.254735,9083.584757,1903.832329,24514.897629000003,5.027561,5110.320341000001,25.403295,0.0,-69.254108,6234.697011,26418.729958000004,6234.697011,0.0,9083.584757,5110.320341000001,46870.76355
2022-12-27 02:00:00,62.250692,9028.75036,1922.442297,24166.323108,4.934066,5110.591200000001,16.662865,0.0,-85.07737999999999,7307.3164,26088.765405,7307.3164,0.0,9028.75036,5110.591200000001,47534.193608
2022-12-27 03:00:00,62.16007,8993.10169,1793.678412,23543.788706,4.366631,5109.62651,17.236435,0.0,-87.899025,8982.616993,25337.467118,8982.616993,0.0,8993.10169,5109.62651,48418.67642199999
2022-12-27 04:00:00,62.110448,8974.699665,1631.2131520000005,23145.937708,4.178413,5109.612725999999,31.034319,0.0,-54.090784,11212.689309,24777.15086,11212.689309,0.0,8974.699665,5109.612725999999,50117.384956
2022-12-27 05:00:00,62.163217,8896.002608,2180.170646,22952.893223000003,4.154674,5109.873441,19.849886,0.0,-73.7712,13554.366582,25133.063869,13554.366582,0.0,8896.002608,5109.873441,52705.703077
2022-12-27 06:00:00,61.91309199999999,8815.092757,2566.6677680000003,22960.445008,4.07983,5109.489957,43.023664,0.0,-62.350764,16188.346119,25527.112776,16188.346119,0.0,8815.092757,5109.489957,55686.707431
2022-12-27 07:00:00,61.989482,8602.88595,2627.565441,22327.530643,71.14439,5109.470592,40.395685,155.695169,-13.901719,18785.392008,24955.096084,18785.392008,155.695169,8602.88595,5109.470592,57768.16764099999
2022-12-27 08:00:00,62.472750000000005,8438.541101,2214.307953,19520.19043,4.061787,5109.385837,46.294788,3279.778178,-55.33435299999999,19088.930372,21734.498383,19088.930372,3279.778178,8438.541101,5109.385837,57708.628843
2022-12-27 09:00:00,62.805127,8283.602771,2297.839651,16745.030664,3.928566,5109.663544,72.236827,6442.647712999999,-152.108987,16647.508464,19042.870315,16647.508464,6442.647712999999,8283.602771,5109.663544,55513.15434
2022-12-27 10:00:00,63.969553,8245.31716,2085.185651,14451.85842,3.955756,5109.673027,17.043903,6595.017425,-81.00766999999999,16317.349561,16537.044070999997,16317.349561,6595.017425,8245.31716,5109.673027,52808.362786
2022-12-27 11:00:00,64.429508,7397.093718999999,1971.08341,12585.018787,3.96045,5109.953877,30.225591,5855.210244,-80.437506,17231.881408,14556.102197,17231.881408,5855.210244,7397.093718999999,5109.953877,50168.41948799999
2022-12-27 12:00:00,65.176448,6659.80109,1460.547479,11256.445611,3.964008,5111.102141,48.000913,5000.518183,-110.655052,18229.938662,12716.99309,18229.938662,5000.518183,6659.80109,5111.102141,47724.839483
2022-12-27 13:00:00,65.854257,5845.973241,1291.794776,10774.039966,3.95586,5111.443813,29.858555000000003,4461.934049,-55.550627,18375.192108000003,12065.834742,18375.192108000003,4461.934049,5845.973241,5111.443813,45904.495998
2022-12-27 14:00:00,65.646823,5693.965751,1299.866019,10753.74558,5.333783,5111.783600999999,46.074305,3147.021759,-43.946246,18593.3787,12053.611599,18593.3787,3147.021759,5693.965751,5111.783600999999,44672.870075
2022-12-27 15:00:00,65.349346,5551.863265,1324.9844489999998,10744.987967,48.88957,5111.554534,20.526196,2561.111085,-73.513811,18670.744808,12069.972416,18670.744808,2561.111085,5551.863265,5111.554534,44026.497409
2022-12-27 16:00:00,65.440325,5394.401187,1307.183223,10883.745212000002,56.322387,5111.897283,85.314906,1787.161403,-17.803672000000002,19640.516919,12190.928435000002,19640.516919,1787.161403,5394.401187,5111.897283,44314.179173
2022-12-27 17:00:00,65.39347,6478.26594,1372.1199479999998,12405.47271,23.597133,5111.798674,76.53817000000001,224.772986,-33.388443,21000.562313,13777.592658,21000.562313,224.772986,6478.26594,5111.798674,46725.132901
2022-12-27 18:00:00,65.699457,7855.509222000001,1434.290522,12936.372029000002,23.770702,5111.674926000001,76.209898,0.0,-25.313943,22061.483286,14370.662551,22061.483286,0.0,7855.509222000001,5111.674926000001,49539.69609900001
2022-12-27 19:00:00,66.837688,8194.900127,1356.4995709999998,12535.437867,23.927325,5111.874275,43.813576,0.005731,-49.099185,22859.052534,13891.937438,22859.052534,0.005731,8194.900127,5111.874275,50143.249509
2022-12-27 20:00:00,66.93256299999999,8296.236420000001,1320.554658,12357.550933,7.792542999999999,5110.796331,27.709735,0.00558,-34.72662,22989.274398,13678.105591,22989.274398,0.00558,8296.236420000001,5110.796331,50142.126541
2022-12-27 21:00:00,66.918623,8000.396807,1298.590195,11933.903693,6.178688,5111.108573,21.321761,0.0,-133.698953,23150.23672,13232.493888,23150.23672,0.0,8000.396807,5111.108573,49454.956107000005
2022-12-27 22:00:00,66.926152,7502.71362,1303.207578,10658.797287,5.138028,5111.332493,77.865038,0.00137,-59.204779,23370.615948,11962.004865,23370.615948,0.00137,7502.71362,5111.332493,48037.392735
2022-12-27 23:00:00,66.83240699999999,6507.260066999999,1294.952365,9582.311526,5.114547,5111.350884,37.376909,0.001737,-96.185796,24108.87852,10877.263891,24108.87852,0.001737,6507.260066999999,5111.350884,46617.893166
2022-12-28 00:00:00,66.92508799999999,5701.386923000001,1075.653094,9531.426985000002,23.22197,5110.706794000001,54.799144,0.001424,-56.532661,24658.978848,10607.080079,24658.978848,0.001424,5701.386923000001,5110.706794000001,46166.567609000005
2022-12-28 01:00:00,67.16494,5400.28574,734.9216270000001,9181.024719,5.925824,5110.359624,16.017618,0.0,-64.278226,25085.563116,9915.946346,25085.563116,0.0,5400.28574,5110.359624,45536.984982
2022-12-28 02:00:00,66.96026899999998,5135.75719,709.5484869999999,9179.507722,4.903715,5110.144544,30.792306,0.0,-44.429225,25218.173415,9889.056209,25218.173415,0.0,5135.75719,5110.144544,45411.358423
2022-12-28 03:00:00,66.99568199999999,5436.706746,705.762084,9231.164736,4.416525,5109.882683,17.963875,0.0,-52.597538,25193.355205,9936.92682,25193.355205,0.0,5436.706746,5109.882683,45713.64999799999
2022-12-28 04:00:00,66.823548,5626.076472,699.863122,9862.601035,4.366655,5110.366744,30.277793,0.0,-53.008619,25242.771388,10562.464157,25242.771388,0.0,5626.076472,5110.366744,46590.138138
2022-12-28 05:00:00,66.261002,5832.474834000001,701.6812319999999,11311.898786,4.748314,5105.475649,38.810079,0.0,-48.857839,25274.316222,12013.580018,25274.316222,0.0,5832.474834000001,5105.475649,48286.808279
2022-12-28 06:00:00,65.247998,6413.828364000001,710.0633939999999,12486.576699,22.459200000000003,5106.966695,46.406469,0.0,-62.45520500000001,25306.689997,13196.640093000002,25306.689997,0.0,6413.828364000001,5106.966695,50095.783611000006
2022-12-28 07:00:00,65.31575899999999,6880.600092000001,813.106287,12660.058488,88.82034000000002,5108.260849,70.981114,121.697796,-26.479492,25368.111457,13473.164775,25368.111457,121.697796,6880.600092000001,5108.260849,51150.47269
2022-12-28 08:00:00,65.30701400000001,6385.508213,772.2388420000001,11379.257404,22.98837,5108.427041000001,60.249095,2096.789788,-122.209712,24781.77589,12151.496246,24781.77589,2096.789788,6385.508213,5108.427041000001,50550.331945
2022-12-28 09:00:00,63.83858599999999,5811.113042,689.586812,9099.77744,23.06327,5110.566155,111.010568,3993.645017,-140.84729299999998,23577.76083,9789.364252,23577.76083,3993.645017,5811.113042,5110.566155,48339.514427
2022-12-28 10:00:00,61.44958,5563.234622,679.941715,6797.410037000001,6.6768730000000005,5112.68391,51.764301,4066.194416,-98.78110399999998,23545.419228,7477.351752,23545.419228,4066.194416,5563.234622,5112.68391,45785.993578
2022-12-28 11:00:00,58.016738,5034.651467,676.7517389999999,6198.991518,4.156736,5117.658187,27.826564,3134.794396,-85.935982,23541.369502,6875.743257,23541.369502,3134.794396,5034.651467,5117.658187,43708.28086500001
2022-12-28 12:00:00,26.109496,4762.965962,711.3260439999999,6093.427077,4.128796,5117.597745,54.97832199999999,3088.22922,-51.083951,22722.72137,6804.753121,22722.72137,3088.22922,4762.965962,5117.597745,42530.400081
2022-12-28 13:00:00,13.526568,4792.68954,647.717324,6090.362942,4.1518440000000005,5112.461078,35.183049999999994,3284.0755550000003,-56.660522,22019.643101,6738.080266,22019.643101,3284.0755550000003,4792.68954,5112.461078,41943.15048
2022-12-28 14:00:00,10.99382,4945.863868,563.410218,6128.455689999999,5.522328,5111.253139,46.716316000000006,3560.4192980000003,-54.982293000000006,21199.071914,6691.865907999999,21199.071914,3560.4192980000003,4945.863868,5111.253139,41516.724298
2022-12-28 15:00:00,16.822978,5058.79937,517.317719,6238.807077,30.418663,5112.772767,78.27033500000002,3798.159089,-54.585464,20635.04578,6756.124795999999,20635.04578,3798.159089,5058.79937,5112.772767,41431.828314
2022-12-28 16:00:00,17.149532,5518.418696,587.760178,7265.287856,29.972501,5112.31875,209.588815,2082.150555,-80.005812,20609.973064,7853.048033999999,20609.973064,2082.150555,5518.418696,5112.31875,41352.614135
2022-12-28 17:00:00,16.645758999999998,6662.456358,613.53609,8085.077337,5.673708,5112.733800999999,273.576615,180.15278300000003,-45.369833,21417.78153,8698.613427,21417.78153,180.15278300000003,6662.456358,5112.733800999999,42322.264148
2022-12-28 18:00:00,16.666582000000002,6552.988662,683.011816,7133.857168,6.336664,5113.090416,170.995033,0.002943,-57.22194,24170.550274,7816.868984,24170.550274,0.002943,6552.988662,5113.090416,43790.27761799999
2022-12-28 19:00:00,16.665844,5927.664706,713.711688,6365.265104,6.135101000000001,5111.893429,82.20224400000001,0.0,-32.069223,25477.61909,7078.976792,25477.61909,0.0,5927.664706,5111.893429,43669.087983000005
2022-12-28 20:00:00,16.668062,5839.091125,701.518193,6063.626488,6.203488999999999,5111.922163,46.421965,0.002283,-64.525778,25182.599148,6765.144681,25182.599148,0.002283,5839.091125,5111.922163,42903.527138000005
2022-12-28 21:00:00,16.663240000000002,5464.106897000001,693.508415,6020.995546,5.09676,5111.715021,43.966418,0.0,-162.98037499999998,24859.488922,6714.503961,24859.488922,0.0,5464.106897000001,5111.715021,42052.560844
2022-12-28 22:00:00,16.674674,5255.535572,556.8424729999999,6014.407168,5.057417,5112.655307,64.23645,0.0,-230.33821,23674.161234,6571.249640999999,23674.161234,0.0,5255.535572,5112.655307,40469.232085
2022-12-28 23:00:00,16.671112,4972.1250390000005,535.505737,5821.417832,5.030392,5111.2505,52.742547,0.0,-257.468583,21716.402326,6356.9235690000005,21716.402326,0.0,4972.1250390000005,5111.2505,37973.67690200001
