datetime,wind_mw,solar_mw,gas_mw,coal_mw,nuclear_mw,fuel_total_mw
2025-01-19 00:00:00,27152.884863,0.043585,19070.555271999998,4949.590269,5110.044831,56283.118819999996
2025-01-19 01:00:00,27186.590919000002,0.012613000000000001,19302.140209,5085.901524,5109.810082,56684.455346999996
2025-01-19 02:00:00,26756.351229,0.017251,20021.350969,5653.051431000001,5111.132557999999,57541.903437999994
2025-01-19 03:00:00,25705.235045,0.0009760000000000001,20989.32525,6853.256598,5110.675542,58658.493410999996
2025-01-19 04:00:00,23832.95375,0.000981,22182.365492,8869.206918,5109.588474,59994.115615
2025-01-19 05:00:00,22068.03509,0.00094,24344.333044,10263.59167,5109.6899570000005,61785.650701000006
2025-01-19 06:00:00,20421.899269,0.119879,26670.204692,11003.149883,5108.902773,63204.276496000006
2025-01-19 07:00:00,17577.485995000003,519.392625,28994.250833000002,11614.469651,5109.366053,63814.965157
2025-01-19 08:00:00,14156.81148,9157.394015,27361.223044,11267.025291,5108.8566980000005,67051.310528
2025-01-19 09:00:00,13809.882108000002,18908.248331,21568.103223000002,8944.620034,5108.853356,68339.707052
2025-01-19 10:00:00,11821.749948,20824.764945,20413.275909,7911.987262000001,5109.572195,66081.350259
2025-01-19 11:00:00,9159.332961,20896.231622000003,20505.119472,7708.650285000001,5109.253751,63378.58809100001
2025-01-19 12:00:00,7093.06958,20827.809672,20543.744094,7739.834992,5110.385764000001,61314.844101999995
2025-01-19 13:00:00,5836.491864999999,21299.471211,20081.866762,7161.780580999999,5110.204472,59489.814891
2025-01-19 14:00:00,5528.739146,21098.388183000003,19845.715674,6594.2501950000005,5110.728603,58177.821801
2025-01-19 15:00:00,5144.732818,20902.069137,20256.342425,5518.545741,5110.435161,56932.125282
2025-01-19 16:00:00,5304.575323,16685.277587,22984.909277000002,7098.977054000001,5110.583124000001,57184.322365
2025-01-19 17:00:00,5256.975994,3660.95614,33186.206372,10838.7399,5110.341583,58053.219989000005
2025-01-19 18:00:00,5940.179976,10.993754,37611.589028,11606.741579000001,5109.919382,60279.423719000006
2025-01-19 19:00:00,8410.562394,0.097804,37988.981169000006,11631.696211,5109.3648729999995,63140.702451000005
2025-01-19 20:00:00,11269.877889,0.018372,37606.100793000005,11608.984755000001,5109.494705,65594.47651400001
2025-01-19 21:00:00,12913.162699,0.00519,36484.368023999996,11576.505056999998,5109.921866,66083.962836
2025-01-19 22:00:00,13843.611951,0.000823,35083.325708000004,11613.919241,5109.440709,65650.29843200001
2025-01-19 23:00:00,11033.359435999999,0.000594,26284.752953,8771.285067,3832.674172,49922.072222
2025-01-20 00:00:00,15416.652122,0.000821,32865.973895,11854.304241,5109.599058,65246.530137
2025-01-20 01:00:00,15274.347156,0.001678,33472.932870000004,11908.175477,5109.700992,65765.158173
2025-01-20 02:00:00,15790.329739,0.001767,33419.864155,11914.298567999998,5109.71377,66234.207999
2025-01-20 03:00:00,15929.906736,0.000861,33889.588685,11922.30591,5109.7091439999995,66851.511336
2025-01-20 04:00:00,15884.793844,0.0008290000000000001,33846.029551,11899.744698999999,5109.682694,66740.251617
2025-01-20 05:00:00,15692.674915000001,0.0039629999999999995,35445.67477,11902.496222999998,5110.478965,68151.328836
2025-01-20 06:00:00,15377.310568,0.057200999999999995,37399.730164,11916.427529999999,5110.070835999999,69803.596299
2025-01-20 07:00:00,15210.913151,222.710765,37633.949843,11835.675593,5109.930758,70013.18011
2025-01-20 08:00:00,14300.259915999999,4643.823004,36540.844592,11617.710676,5109.589725,72212.227913
2025-01-20 09:00:00,15649.697466999998,10354.357501,32283.230000000003,11549.2007,5110.460302,74946.94597
2025-01-20 10:00:00,15092.391349,12068.419914,30391.257709000005,11286.180077,5109.957807,73948.206856
2025-01-20 11:00:00,12358.491259999999,12628.922572,31450.850067,11295.943178000001,5110.549101,72844.756178
2025-01-20 12:00:00,10222.55672,12447.326216000001,32166.304532000002,11373.707339,5110.708928,71320.60373500001
2025-01-20 13:00:00,8698.213142999999,11650.280711000001,32961.963887000005,11447.433664999999,5110.541018,69868.432424
2025-01-20 14:00:00,8478.507576,10319.942393000001,34093.659852,11316.581976,5110.853945,69319.545742
2025-01-20 15:00:00,9442.044499,8194.429151999999,35961.623376,11572.622956,5111.221733,70281.941716
2025-01-20 16:00:00,11899.320899999999,6036.91472,35861.023022,11617.824596,5111.812433,70526.895671
2025-01-20 17:00:00,13845.935976,1770.3389670000001,38084.656417000006,11649.22109,5111.724162,70461.87661200001
2025-01-20 18:00:00,15459.009656000002,61.33511,39118.969244,11610.717817,5111.433331,71361.465158
2025-01-20 19:00:00,17601.975399000003,0.001001,37710.83463900001,11647.465737999999,5111.170144,72071.44692100001
2025-01-20 20:00:00,19122.563022000002,0.000946,36465.860117000004,11644.486578999999,5111.565053,72344.47571700001
2025-01-20 21:00:00,19627.813006000004,0.000891,35332.225816,11619.447777000001,5110.834527,71690.322017
2025-01-20 22:00:00,20467.84824,0.000838,32975.069121,11547.524005000001,5111.389779,70101.831983
2025-01-20 23:00:00,15685.455966000001,0.0005610000000000001,23752.517822,8417.191832,3833.512058,51688.67823900001
2025-01-21 00:00:00,20228.592223,0.000819,31569.074142999998,11238.064049999999,5111.105589,68146.836824
2025-01-21 01:00:00,19141.898495,0.003289,32015.903089,11351.3523,5111.8420750000005,67620.99924800001
2025-01-21 02:00:00,17918.899852,0.000874,33510.057785,11571.803709,5110.226640999999,68110.98886099999
2025-01-21 03:00:00,16248.73001,0.0008810000000000001,35148.359854,11579.445902,5110.433682,68086.970329
2025-01-21 04:00:00,14398.61456,0.007739,37630.370591,11463.029421000001,5110.586534,68602.608845
2025-01-21 05:00:00,12870.381986999999,0.001724,40492.553522,11445.393478,5110.715442999999,69919.046154
2025-01-21 06:00:00,12124.017295000001,0.003614,42688.665106,11618.737617,5110.309679,71541.733311
2025-01-21 07:00:00,10027.837328000001,131.343636,43972.791919999996,11607.589233,5110.050411,70849.612528
2025-01-21 08:00:00,7985.752427,4427.74074,43210.382249,11576.596795000001,5110.111161000001,72310.583372
2025-01-21 09:00:00,6004.097068,12696.407066,38787.657124000005,11554.168904,5109.964876,74152.29503800001
2025-01-21 10:00:00,5932.961339,15717.674557,34933.94514,11330.633888,5109.438379,73024.653303
2025-01-21 11:00:00,6584.0713989999995,16703.902567,32005.832512,11386.438375,5108.668825,71788.913678
2025-01-21 12:00:00,7805.656303,17500.447168000002,28495.501766,11126.111746,5109.52931,70037.246293
2025-01-21 13:00:00,9125.852991000002,18655.896348000002,24894.640163000004,9774.731386,5109.40825,67560.52913800001
2025-01-21 14:00:00,9490.072658000001,20053.275057,23620.88429,6821.240955,5109.581774,65095.054734
2025-01-21 15:00:00,9819.147653,18813.152968,23630.058292,5492.900199,5109.959269,62865.218381
2025-01-21 16:00:00,10732.719675,15691.351787,24829.470111,5599.655848,5111.791319,61964.98874
2025-01-21 17:00:00,12068.279686999998,4027.8593510000005,33761.401933999994,9048.323654,5112.431417,64018.296042999995
2025-01-21 18:00:00,12997.462409,19.499813,38737.153256000005,10691.817418999999,5111.479813,67557.41271
2025-01-21 19:00:00,16045.124291,0.045086,37747.213814999996,10934.837092000002,5111.439613,69838.65989699999
2025-01-21 20:00:00,19560.300757999998,0.0009040000000000001,35759.475115,11082.904394,5110.466416,71513.147587
2025-01-21 21:00:00,22369.679455999998,0.151712,33642.360674999996,11115.221907000001,5111.84403,72239.25777999999
2025-01-21 22:00:00,23148.335102999998,0.17911300000000002,31274.810193999998,11115.671945999999,5110.94879,70649.94514599998
2025-01-21 23:00:00,17379.123564,0.0405,22671.030623,8225.380818,3833.076246,52108.65175099999
2025-01-22 00:00:00,23627.346724,0.056125999999999995,30547.270186,10112.442923999999,5111.227932,69398.34389199999
2025-01-22 01:00:00,23702.35747,0.06627,30350.196571,9953.992974,5110.626505,69117.23978999999
2025-01-22 02:00:00,23623.965627999998,0.02049,30482.263150000002,10010.322956,5110.770018,69227.342242
2025-01-22 03:00:00,23515.612698,0.066661,31000.814745,10102.663047,5111.912268,69731.069419
2025-01-22 04:00:00,23465.793259000002,0.24940400000000001,32288.897850999998,10156.628598000001,5112.195985,71023.765097
2025-01-22 05:00:00,23084.581159999998,0.122521,34694.140092,10189.298948,5112.096015,73080.238736
2025-01-22 06:00:00,22113.285682,0.256935,37510.949567,9858.846551999999,5111.2615510000005,74594.60028700001
2025-01-22 07:00:00,21218.731162,623.019744,38908.610388,9681.111193,5111.838272999999,75543.31076000001
2025-01-22 08:00:00,20009.207663,9885.188294,31629.796761999998,9087.205063,5111.323593,75722.721375
2025-01-22 09:00:00,15395.992170000001,19995.404322,24897.320498,6863.987073,5111.411061,72264.115124
2025-01-22 10:00:00,12644.879062,21299.839096,23344.778592000002,5912.333407,5112.526519999999,68314.356677
2025-01-22 11:00:00,11794.760544,20581.591201000003,22372.829404999997,5020.98942,5112.832652,64883.003222
2025-01-22 12:00:00,11027.576706000002,19369.393809,21263.335526000003,4581.951258,5111.84956,61354.10685900001
2025-01-22 13:00:00,11115.090749,16764.627081,20821.880865,4395.5118489999995,5113.36079,58210.471334
2025-01-22 14:00:00,9966.955868000001,16157.30823,19925.91507,4123.982695999999,5113.665282,55287.827146
2025-01-22 15:00:00,9098.351043,15858.219763,19663.848367000002,4123.765286,5113.235144,53857.419603
2025-01-22 16:00:00,9330.346231,13700.670002,20443.865712,5144.769426,5113.98622,53733.637591
2025-01-22 17:00:00,9028.922224999998,3358.1834110000004,29686.80486,7656.385848,5113.782219,54844.078562999995
2025-01-22 18:00:00,9891.351049,6.034299,33678.352045,9214.410783000001,5114.284876,57904.433052
2025-01-22 19:00:00,12409.7133,0.050397000000000004,33404.048396,9391.975816,5113.540044000001,60319.327953
2025-01-22 20:00:00,15001.607367,0.005647,31917.035616,9350.609727,5113.545174,61382.803531
2025-01-22 21:00:00,16077.52249,0.00095,30895.039588,9278.032717000002,5113.291244,61363.886989
2025-01-22 22:00:00,16246.188282000003,0.000968,29986.673806,9092.553376999998,5113.842681,60439.259114
2025-01-22 23:00:00,11074.682601,0.000728,22579.431617000002,6830.657266,3835.407642,44320.179854
2025-01-23 00:00:00,12804.565015,0.001745,30901.951407,9040.348931,5114.441561,57861.308659
2025-01-23 01:00:00,12184.709421,0.00098,31630.270664000003,9119.686299,5114.805545,58049.472909000004
2025-01-23 02:00:00,12341.121433,0.000816,31951.491599999998,9331.801781,5114.45888,58738.87451
2025-01-23 03:00:00,12712.916109,0.007905,32555.081178999997,9314.151289000001,5113.5164669999995,59695.672949
2025-01-23 04:00:00,12951.342885,0.002821,33697.847358,9393.801689,5112.969292,61155.964045
2025-01-23 05:00:00,12998.460126,0.007036000000000001,35812.976705,9516.983524000001,5112.489275,63440.916666000005
2025-01-23 06:00:00,13644.618758,26.308586,37196.277714,9672.370649,5112.119516000001,65651.69522300002
2025-01-23 07:00:00,13718.3923,481.357016,37111.073556999996,9727.725662,5110.940676,66149.489211
2025-01-23 08:00:00,12392.563157,8469.612155,31451.543916000002,9439.806344,5110.441285,66863.96685699999
2025-01-23 09:00:00,8103.65132,17798.192888999998,23858.208713,8730.826432,5108.586614,63599.465968000004
2025-01-23 10:00:00,8185.792229000001,19913.736746,19524.18648,7774.618415999999,5110.711495,60509.04536599999
2025-01-23 11:00:00,11054.538601,20243.560253,16670.261999000002,5770.016396,5111.834316,58850.211565000005
2025-01-23 12:00:00,11406.005737,19913.110727,15852.708068999998,4511.113499,5112.708571,56795.646603
2025-01-23 13:00:00,10808.82282,18797.667598,15788.407037,4393.365663999999,5111.898937,54900.162055999994
2025-01-23 14:00:00,10438.230728,16868.371721000003,15949.422191,4384.548782000001,5112.7822240000005,52753.355646
2025-01-23 15:00:00,10490.824660999999,15255.551583,16316.74315,4261.344653,5112.726092,51437.190139
2025-01-23 16:00:00,10470.612511,13291.990306,17790.923194,4413.027966,5114.202872,51080.756849
2025-01-23 17:00:00,9227.440934,3809.5037829999997,27387.217265,7008.539336,5114.526635,52547.227953
2025-01-23 18:00:00,7416.534455,22.442567,33042.312849,8846.343394,5113.738089,54441.371353999995
2025-01-23 19:00:00,7231.5289250000005,0.04000000000000001,35551.802144,8941.981989,5113.941448,56839.294506
2025-01-23 20:00:00,5977.622169,0.0070290000000000005,36664.362324,9170.125849,5113.695654,56925.813025
2025-01-23 21:00:00,4913.345521,0.007725,37558.977405,9552.174414000001,5113.588949,57138.094013999995
2025-01-23 22:00:00,4498.925635,0.342165,38004.037943,9464.239275,5113.141798,57080.686816
2025-01-23 23:00:00,3650.207303,0.000138,28014.286069,6994.473044,3834.810078,42493.776632
2025-01-24 00:00:00,6476.037934,0.003982,35472.622869,9312.411789000002,5112.520264999999,56373.596839000005
2025-01-24 01:00:00,8949.926401,0.011164,33952.04602,9242.916965,5113.046244,57257.946794
2025-01-24 02:00:00,11757.245953,0.009051,32281.396276000003,9200.124338,5112.51259,58351.288208000005
2025-01-24 03:00:00,14967.386811,0.004775,30667.314942999998,9220.081987000001,5112.420139999999,59967.208656
2025-01-24 04:00:00,17403.675295999998,0.004484,30545.791602000005,9219.350165,5112.458417000001,62281.279964
2025-01-24 05:00:00,19420.045556,0.153489,31049.496293,9155.17582,5113.177972,64738.04913000001
2025-01-24 06:00:00,21023.414248,0.413236,31790.474917,9206.662927,5112.837592,67133.80292
2025-01-24 07:00:00,22072.169247,708.512195,31149.374408,9195.618185,5112.720696,68238.39473100001
2025-01-24 08:00:00,21592.557576,10585.30708,22925.222392,7942.779144,5113.195912,68159.062104
2025-01-24 09:00:00,17138.020265,20893.659639999998,14105.991004,6707.3595860000005,5115.053496,63960.08399099999
2025-01-24 10:00:00,17802.272,20691.701414000003,10018.219305999999,6369.290089,5115.63885,59997.12165900001
2025-01-24 11:00:00,19096.025497,18946.964222,7991.147659,5641.542524,5115.66151,56791.341412
2025-01-24 12:00:00,18898.242066000003,18392.064168999997,7770.388013000001,4482.803367,5116.616026,54660.113641
2025-01-24 13:00:00,19002.845993,17737.599333,7423.909896,3947.9037579999995,5115.649020000001,53227.907999999996
2025-01-24 14:00:00,19015.378146000003,17016.969766,7303.408549999999,3929.459268,5116.122458999999,52381.338188999995
2025-01-24 15:00:00,19164.659664,15573.895978999999,7262.684969,3929.513695,5115.613322,51046.367629
2025-01-24 16:00:00,20237.622573,12456.333528,7819.663885,4046.857258,5116.870504,49677.34774799999
2025-01-24 17:00:00,22704.809707,3561.1287369999995,12026.495540999998,6609.05699,5116.576102999999,50018.06707799999
2025-01-24 18:00:00,24989.974166,31.561782,13682.496473,8695.219118,5117.048982,52516.300521
2025-01-24 19:00:00,25819.439902,0.247227,14164.623004,9109.439203,5116.510095000001,54210.259431
2025-01-24 20:00:00,26486.302804,0.121978,14528.274357,9155.734672999999,5116.02742,55286.461231999994
2025-01-24 21:00:00,26636.448915,0.25617,14705.571115,9133.008582,5115.155546,55590.440328000004
2025-01-24 22:00:00,26503.977653,0.205896,14622.271428,9085.720304999999,5114.948009,55327.123290999996
2025-01-24 23:00:00,20028.854861,0.082508,10473.502421,6720.7656050000005,3838.062981,41061.268376
