datetime,Biomass,Coal,Gas,Gas-CC,Hydro,Nuclear,Other,Solar,Wind,gas_mw,wind_mw,solar_mw,coal_mw,nuclear_mw,fuel_total_mw
2021-02-10 00:00:00,32.01563,10229.789083,2811.128997,18615.842411,80.854866,5079.766216,7.599185,0.001765,3411.9710240000004,21426.971408,3411.9710240000004,0.001765,10229.789083,5079.766216,40268.969177
2021-02-10 01:00:00,32.014768000000004,10023.485099,2866.085813,18077.73221,56.407204,5078.362996999999,2.004559,0.0,3234.180469,20943.818023000003,3234.180469,0.0,10023.485099,5078.362996999999,39370.273119000005
2021-02-10 02:00:00,31.952353,10373.590471,2187.152651,18200.129482,56.271516,5078.921332,-5.192687,0.0,3224.46013,20387.282133,3224.46013,0.0,10373.590471,5078.921332,39147.285248
2021-02-10 03:00:00,32.00693,10447.499057,2094.747149,19118.691009,55.364469,5078.653209,-7.729114000000001,0.0,2651.837986,21213.438158,2651.837986,0.0,10447.499057,5078.653209,39471.070695
2021-02-10 04:00:00,32.002638,10650.301554,1416.290732,21017.811666,55.403353,5078.550379,-5.443112,0.0,2319.363244,22434.102398000003,2319.363244,0.0,10650.301554,5078.550379,40564.280454
2021-02-10 05:00:00,31.975373,10825.467512,1827.606327,22992.503911,55.576976,5076.949893999999,-8.378818,0.0,2143.269182,24820.110238,2143.269182,0.0,10825.467512,5076.949893999999,42944.970357
2021-02-10 06:00:00,32.222052,10764.741267,2961.53457,25118.668661,78.147897,5079.215575,-0.7604740000000001,0.0,2211.592228,28080.203231,2211.592228,0.0,10764.741267,5079.215575,46245.361776
2021-02-10 07:00:00,31.959017,10859.186447,4345.8512,26051.860398,77.30403999999999,5078.711419,0.308544,2.144026,1981.001935,30397.711598,1981.001935,2.144026,10859.186447,5078.711419,48428.327026
2021-02-10 08:00:00,30.581447,10926.96095,5097.898306,25774.426161,76.594669,5077.727355,21.054372,156.499185,1966.597009,30872.324467,1966.597009,156.499185,10926.96095,5077.727355,49128.33945399999
2021-02-10 09:00:00,30.805917,10940.91588,5118.290655000001,25664.106564,77.10711500000001,5080.1246,13.915053,590.028358,2356.039121,30782.397219,2356.039121,590.028358,10940.91588,5080.1246,49871.33326300001
2021-02-10 10:00:00,30.662757000000003,10792.429154,5274.545982000001,25306.261673,111.050569,5083.938354,-4.738462,928.585139,3126.3013720000004,30580.807655,3126.3013720000004,928.585139,10792.429154,5083.938354,50649.036538
2021-02-10 11:00:00,31.938795,10837.617649000002,5606.671594,24493.705763,96.378385,5084.543952999999,-4.2018960000000005,1269.799014,3608.644629,30100.377357,3608.644629,1269.799014,10837.617649000002,5084.543952999999,51025.097886
2021-02-10 12:00:00,32.366870000000006,10806.146272999998,5395.465014,24173.043065,93.293755,5081.386357,-1.984658,1646.111149,3630.976758,29568.508079,3630.976758,1646.111149,10806.146272999998,5081.386357,50856.80458299999
2021-02-10 13:00:00,32.209618,10860.317553,4499.11614,24574.022124,53.108357000000005,5076.222372,-18.788944,1900.302691,3866.457952,29073.138264,3866.457952,1900.302691,10860.317553,5076.222372,50842.96786299999
2021-02-10 14:00:00,32.521111,10837.203464,4074.477931,24518.930549,53.11748299999999,5074.775105999999,-16.097034,1780.425181,4338.957668,28593.40848,4338.957668,1780.425181,10837.203464,5074.775105999999,50694.311459
2021-02-10 15:00:00,32.279018,10885.090611,4412.211926999999,24031.646306,54.750699,5077.239739000001,-12.898029,1495.756207,4778.255721,28443.858233000003,4778.255721,1495.756207,10885.090611,5077.239739000001,50754.33219899999
2021-02-10 16:00:00,32.603178,10786.395149,4981.216712,24029.105363,56.472718,5077.426416,-5.801061999999999,1041.1628930000002,5229.379565,29010.322075000004,5229.379565,1041.1628930000002,10786.395149,5077.426416,51227.960932
2021-02-10 17:00:00,32.166352,10717.46368,5835.2843840000005,24402.461365,56.490639,5078.441688,3.923995000000001,420.493464,5447.092951,30237.745748999994,5447.092951,420.493464,10717.46368,5078.441688,51993.81851799999
2021-02-10 18:00:00,32.012247,10694.376092,7225.686109,24664.894906,56.457564000000005,5077.981818,46.831845,20.569938,5350.81223,31890.581015000003,5350.81223,20.569938,10694.376092,5077.981818,53169.622749
2021-02-10 19:00:00,31.640147,10747.610863999998,6848.850559,25344.543464,99.256514,5077.927369999999,4.259467999999999,0.0,5208.197262,32193.394023,5208.197262,0.0,10747.610863999998,5077.927369999999,53362.285648
2021-02-10 20:00:00,31.185535,10790.794179,5918.868224,25678.958267,125.28726,5077.505572,-3.360809,4.8e-05,5133.489639,31597.826491,5133.489639,4.8e-05,10790.794179,5077.505572,52752.727915
2021-02-10 21:00:00,31.152045,10845.618628,5040.055417,25636.349286,101.40493399999998,5078.701548,-3.299041,0.0,4625.588470000001,30676.404703,4625.588470000001,0.0,10845.618628,5078.701548,51355.571287
2021-02-10 22:00:00,31.454947,10783.949577,3912.761433,25163.466644,74.290132,5078.672914000001,3.54035,0.0,4121.636376,29076.228077,4121.636376,0.0,10783.949577,5078.672914000001,49169.77237300001
2021-02-10 23:00:00,31.185008,10772.461822,3232.563097,24445.461709,57.140179,5080.894732000001,-6.296431,0.0,3672.141701,27678.024806,3672.141701,0.0,10772.461822,5080.894732000001,47285.551817
2021-02-11 00:00:00,31.258365,10101.012567,3039.6678070000003,24472.778213000005,80.66023100000001,5082.353905999999,-4.297827,0.00051,3381.854504,27512.446020000007,3381.854504,0.00051,10101.012567,5082.353905999999,46185.288276
2021-02-11 01:00:00,31.192359,9916.877389,2904.033168,23890.566407,56.287995,5082.885813000001,-7.091257,0.0014759999999999,3896.001191,26794.599575,3896.001191,0.0014759999999999,9916.877389,5082.885813000001,45770.754541
2021-02-11 02:00:00,30.067978,9747.478749000002,3150.746116,24048.814328,56.244747,5082.066757,-11.263321,0.001764,3793.607404,27199.560444,3793.607404,0.001764,9747.478749000002,5082.066757,45897.764522000005
2021-02-11 03:00:00,32.483953,9866.330763,3308.906763,24418.130965,56.126662,5076.387787,-8.578264,0.001934,3442.41417,27727.037728,3442.41417,0.001934,9866.330763,5076.387787,46192.204733
2021-02-11 04:00:00,30.738236,10437.850692,3551.714519,24779.596638,54.472998,5075.725716,-11.149249,0.002106,3644.482315,28331.311157,3644.482315,0.002106,10437.850692,5075.725716,47563.433971
2021-02-11 05:00:00,30.197703,10565.764293,4965.746644999999,25021.455615000003,53.798226,5075.961188,-1.1893820000000002,0.0021799999999999,4252.756788,29987.20226,4252.756788,0.0021799999999999,10565.764293,5075.961188,49964.49325600001
2021-02-11 06:00:00,30.180486,10142.542559,7468.343564999999,25897.70383,75.10446800000001,5077.118224,10.035764,0.002192,4516.769015,33366.047395,4516.769015,0.002192,10142.542559,5077.118224,53217.80010299999
2021-02-11 07:00:00,30.324325,10206.536363,8949.131395,26707.717196,78.32115,5078.401488,12.062935,2.492896,4747.384386,35656.848591,4747.384386,2.492896,10206.536363,5078.401488,55812.37213400001
2021-02-11 08:00:00,30.942753,10310.811461,9930.245025,27171.686283,78.340287,5077.428728000001,70.85168300000001,144.990119,4502.243138,37101.931308,4502.243138,144.990119,10310.811461,5077.428728000001,57317.539477
2021-02-11 09:00:00,29.52749,10446.823873,10423.495983,27315.230809,79.505668,5076.700226,150.372599,474.323668,4331.138702,37738.726792,4331.138702,474.323668,10446.823873,5076.700226,58327.119018
2021-02-11 10:00:00,29.899475,10491.6563,10468.647652,27769.822101,114.996337,5078.272207,103.00042399999998,770.585131,4226.250272000001,38238.469753,4226.250272000001,770.585131,10491.6563,5078.272207,59053.12989899999
2021-02-11 11:00:00,30.034892,10289.383742,10142.968658000002,26866.403199,98.833117,5079.328791,3.392563,1271.429622,5552.747187,37009.371857000006,5552.747187,1271.429622,10289.383742,5079.328791,59334.52177100001
2021-02-11 12:00:00,31.876421,10216.530458,10422.929677,26479.298575,63.547249,5076.961912000001,136.83894700000002,1456.211022,5221.235655,36902.228252,5221.235655,1456.211022,10216.530458,5076.961912000001,59105.42991600001
2021-02-11 13:00:00,31.70782,10317.09967,10446.898416,25994.312661,55.895069,5077.1058920000005,-4.441993999999999,1462.331198,5304.992589,36441.211077,5304.992589,1462.331198,10317.09967,5077.1058920000005,58685.901321
2021-02-11 14:00:00,31.593513,10441.877744,10282.282542,26197.646099,57.04865,5077.696133,-11.878254,1219.427968,5004.90935,36479.928641,5004.90935,1219.427968,10441.877744,5077.696133,58300.603745
2021-02-11 15:00:00,31.989847,10563.05859,10450.79248,26817.136321,57.00908200000001,5080.537528,-5.884781,862.1228300000001,4274.552864,37267.928801,4274.552864,862.1228300000001,10563.05859,5080.537528,58131.314761
2021-02-11 16:00:00,31.77943,10486.690846,10729.552918,26802.983756,57.017523,5088.132975,125.317501,572.223195,4547.114394,37532.536674,4547.114394,572.223195,10486.690846,5088.132975,58440.812538
2021-02-11 17:00:00,31.662616,10435.377531,11008.962479,27348.6759,56.670279,5089.329045,186.738017,242.171119,4551.053277999999,38357.638379,4551.053277999999,242.171119,10435.377531,5089.329045,58950.640264
2021-02-11 18:00:00,30.34836,10404.68837,11052.171449,27771.624631,56.590891,5088.771613,179.02913199999998,9.546422,5504.570191,38823.79608,5504.570191,9.546422,10404.68837,5088.771613,60097.341059
2021-02-11 19:00:00,30.858209,10588.386706,10242.132079,27252.777488000003,85.27394,5089.922136,12.815218,0.0,6730.180779,37494.909567,6730.180779,0.0,10588.386706,5089.922136,60032.346555
2021-02-11 20:00:00,31.62965,10772.377436,8942.335702,27492.496593,83.99439100000001,5089.926999,-1.819011,0.0,7200.815179,36434.832295,7200.815179,0.0,10772.377436,5089.926999,59611.756939
2021-02-11 21:00:00,31.659307,10416.825563,8107.271467,27346.315381,99.457593,5106.367956,-13.027514,0.0,6972.321358,35453.586848,6972.321358,0.0,10416.825563,5106.367956,58067.191111
2021-02-11 22:00:00,31.500058000000003,9996.50593,6903.151115,26189.913118000004,72.403589,5110.307938,-15.084219999999998,0.0,7539.497025000001,33093.064233000005,7539.497025000001,0.0,9996.50593,5110.307938,55828.19455300001
2021-02-11 23:00:00,31.50789,9953.737292,5406.940064,25693.916961,54.790223,5108.889653,-22.125813,0.0,7644.3142,31100.857025,7644.3142,0.0,9953.737292,5108.889653,53871.97047000001
2021-02-12 00:00:00,31.515697,9711.176659,4673.534786,25260.193073,78.425346,5108.649548,-6.768408,0.0,7797.120345000001,29933.727859,7797.120345000001,0.0,9711.176659,5108.649548,52653.847046
2021-02-12 01:00:00,31.536509,9680.564545,4446.035524,25050.813232,54.129761,5106.027880000001,-6.038229,0.0,7830.557327,29496.848756,7830.557327,0.0,9680.564545,5106.027880000001,52193.626549
2021-02-12 02:00:00,31.500567,9745.59953,4245.101094000001,25098.004278,55.857679000000005,5106.318633,-3.77482,0.0,7953.429474999999,29343.105372,7953.429474999999,0.0,9745.59953,5106.318633,52232.036436
2021-02-12 03:00:00,31.566689,9806.133793,4180.950234,25135.472668,56.524573,5105.141262,-2.133213,0.0,8332.198525,29316.422902,8332.198525,0.0,9806.133793,5105.141262,52645.854531
2021-02-12 04:00:00,31.783154000000003,9870.072188000002,4473.745293,26270.722387,56.448643,5107.973898,-2.114326,0.0,7959.781033,30744.46768,7959.781033,0.0,9870.072188000002,5107.973898,53768.41227
2021-02-12 05:00:00,31.739807,10344.359501,5425.354101000001,27332.826126000004,56.343407,5109.1980490000005,-5.01993,0.0,7708.559826,32758.180227000004,7708.559826,0.0,10344.359501,5109.1980490000005,56003.360887
2021-02-12 06:00:00,31.603846,10388.093089,7783.676081,28225.92099,74.27026000000001,5112.883460999999,0.09799,0.0,7375.103349,36009.597071000004,7375.103349,0.0,10388.093089,5112.883460999999,58991.64906599999
2021-02-12 07:00:00,31.810896,10391.790582,9468.847459,29088.692027,81.528429,5113.857876,3.010683,3.720814,6971.492271,38557.539486,6971.492271,3.720814,10391.790582,5113.857876,61154.75103700001
2021-02-12 08:00:00,31.734765,10409.724815,10343.678171,29236.091976,81.186684,5113.708244,12.718471,111.682658,6778.465806,39579.770147,6778.465806,111.682658,10409.724815,5113.708244,62118.99159
2021-02-12 09:00:00,26.644849,10607.824254,11149.983183,28994.650646,107.012136,5111.378572,19.364374,329.737271,6315.240827,40144.633829,6315.240827,329.737271,10607.824254,5111.378572,62661.836112
2021-02-12 10:00:00,26.695412000000005,10870.964269,11817.650514,28385.013074999995,134.572297,5111.721539,19.138455,617.0464959999999,5836.042424000001,40202.663589,5836.042424000001,617.0464959999999,10870.964269,5111.721539,62818.84448099999
2021-02-12 11:00:00,31.093607,10713.44694,11941.375081,28689.574279,103.00697200000002,5110.930805,167.005572,915.197065,4750.148084,40630.94936,4750.148084,915.197065,10713.44694,5110.930805,62421.77840500001
2021-02-12 12:00:00,31.117558,10841.517703999998,11433.831346,28846.402918,96.498986,5111.125014,149.146052,1180.295416,4046.902003,40280.234264,4046.902003,1180.295416,10841.517703999998,5111.125014,61736.83699699999
2021-02-12 13:00:00,31.71121,10839.158200000002,10932.466038,29076.453048000003,63.848365,5110.870198,50.396057,1222.423813,3769.583512,40008.919086,3769.583512,1222.423813,10839.158200000002,5110.870198,61096.910441
2021-02-12 14:00:00,32.148878,10942.045802,10418.872465,28375.558077,56.311554,5110.990922,-8.864472,1066.293333,4604.890251999999,38794.430542,4604.890251999999,1066.293333,10942.045802,5110.990922,60598.246811
2021-02-12 15:00:00,28.729527,10858.286703,10683.146121,27998.888495,55.697648,5112.135167,-4.962607,779.8167129999999,4592.008228000001,38682.034616,4592.008228000001,779.8167129999999,10858.286703,5112.135167,60103.745995
2021-02-12 16:00:00,26.900576,10905.434974,10667.410488,28762.738221,53.859279,5112.890344,25.013973,413.023683,4248.748295,39430.148709,4248.748295,413.023683,10905.434974,5112.890344,60216.019833
2021-02-12 17:00:00,28.447637,10945.049255000002,11394.261353000002,29130.109436,53.51667,5114.184671,47.9104,172.336231,4086.236702,40524.37078900001,4086.236702,172.336231,10945.049255000002,5114.184671,60972.05235500001
2021-02-12 18:00:00,32.25012,10949.072604,12417.84703,29292.911298000003,53.592666,5111.502021,159.51324,15.981659999999998,3994.548287000001,41710.758328,3994.548287000001,15.981659999999998,10949.072604,5111.502021,62027.218926
2021-02-12 19:00:00,32.311088,10980.351666,12225.09935,29191.815302,96.344385,5111.611145,65.74873099999999,3.611039,4204.804072,41416.914652,4204.804072,3.611039,10980.351666,5111.611145,61911.696778
2021-02-12 20:00:00,32.291073,11011.45999,11693.992549,28929.222584,123.169019,5111.41382,83.997422,0.0,4231.435542,40623.215133,4231.435542,0.0,11011.45999,5111.41382,61216.981999
2021-02-12 21:00:00,32.305498,10990.107897,10952.878781,28940.015392,100.564441,5111.496917,3.5725480000000003,0.0,4080.2332929999993,39892.894173,4080.2332929999993,0.0,10990.107897,5111.496917,60211.174767
2021-02-12 22:00:00,32.305323,10958.442834,9648.99061,28439.913711,72.91618199999999,5114.589764,1.867014,0.0,4054.02162,38088.904321,4054.02162,0.0,10958.442834,5114.589764,58323.04705800001
2021-02-12 23:00:00,32.308897,10882.634884,8764.877741999999,28136.792792,55.02406500000001,5116.163815,-7.441048,0.0,3653.516489,36901.670534,3653.516489,0.0,10882.634884,5116.163815,56633.877636
2021-02-13 00:00:00,32.323818,10884.246754,8453.654075,27338.446267,80.503112,5117.2876240000005,65.87383,0.0,3192.573111,35792.100342,3192.573111,0.0,10884.246754,5117.2876240000005,55164.90859099999
2021-02-13 01:00:00,32.342933,10871.318653,7899.133941,26811.09956,56.862632000000005,5116.754576,100.680207,0.0,3668.225703,34710.233501,3668.225703,0.0,10871.318653,5116.754576,54556.418205
2021-02-13 02:00:00,32.371608,10869.402512,7891.905835,26681.51699,56.5458,5117.41373,129.05489999999998,0.002811,3488.067622,34573.422825,3488.067622,0.002811,10869.402512,5117.41373,54266.28180800001
2021-02-13 03:00:00,32.370834,10811.997826,8084.073629,26563.41864,56.873055,5115.320347,128.294431,0.0,3632.983022,34647.492269,3632.983022,0.0,10811.997826,5115.320347,54425.331784
2021-02-13 04:00:00,32.362242,10835.715889,8029.563834,27107.286278,57.391738,5116.885071000001,143.66916099999997,0.0,3782.094089,35136.850112,3782.094089,0.0,10835.715889,5116.885071000001,55104.968302
2021-02-13 05:00:00,32.327748,10477.173587,8172.387572,28119.037494,93.709317,5116.983646,129.10598299999998,0.0,4200.697635,36291.425066,4200.697635,0.0,10477.173587,5116.983646,56341.422982
2021-02-13 06:00:00,32.292894,10366.896717,8991.795672999999,28579.699058,118.29483,5114.440084000001,84.29855,0.0,4584.81112,37571.494731,4584.81112,0.0,10366.896717,5114.440084000001,57872.528926
2021-02-13 07:00:00,32.311387,10419.954892999998,9701.804214,28971.963814,119.602773,5115.737314,94.111562,5.187463,4888.278915,38673.768028000006,4888.278915,5.187463,10419.954892999998,5115.737314,59348.952335
2021-02-13 08:00:00,32.325361,10351.107805,10766.41328,29637.357853,120.509767,5114.875798,172.23012500000002,151.645423,4623.893291,40403.771133,4623.893291,151.645423,10351.107805,5114.875798,60970.35870300001
2021-02-13 09:00:00,32.2744,10204.026398,12574.527482,29739.335655,120.292661,5114.801491,227.3641,477.548015,3940.449853,42313.863137,3940.449853,477.548015,10204.026398,5114.801491,62430.620055
2021-02-13 10:00:00,32.271223,10581.410094,12765.609187,29851.491715,154.17135000000002,5114.821967,167.80945200000002,793.17158,3632.015555,42617.100902,3632.015555,793.17158,10581.410094,5114.821967,63092.772123
2021-02-13 11:00:00,32.309692,10936.65754,12352.098204999998,29481.071372,135.098304,5116.694252,148.971083,1058.69209,3369.9495370000004,41833.16957699999,3369.9495370000004,1058.69209,10936.65754,5116.694252,62631.54207499999
2021-02-13 12:00:00,32.318484,10901.427524,10652.154547,29486.986325,137.281448,5115.374497000001,94.338251,1164.743902,3491.066676,40139.140872,3491.066676,1164.743902,10901.427524,5115.374497000001,61075.69165400002
2021-02-13 13:00:00,32.279373,10945.826427,8682.111261,29195.340307,145.220444,5118.406698,74.20024599999999,1207.048655,3731.454347,37877.451568,3731.454347,1207.048655,10945.826427,5118.406698,59131.88775799999
2021-02-13 14:00:00,32.377595,10996.112218,7848.146837,28674.999619,144.15495,5119.511408,25.015341,1030.236547,3624.383656,36523.146456,3624.383656,1030.236547,10996.112218,5119.511408,57494.93817099999
2021-02-13 15:00:00,33.219668,10948.602049,7190.987478,28485.494454,143.92379599999998,5119.809238,45.618751,717.300625,3758.914254,35676.481932,3758.914254,717.300625,10948.602049,5119.809238,56443.87031300001
2021-02-13 16:00:00,32.24293,10947.417656,7162.628962999999,28529.867120000003,143.532937,5120.151297,38.583129,415.506449,4121.346038000001,35692.496083000005,4121.346038000001,415.506449,10947.417656,5120.151297,56511.27651900001
2021-02-13 17:00:00,32.227076000000004,10911.555892,8230.410311,28943.47173,143.725695,5119.886207,72.929829,130.92995299999998,4125.944017,37173.882041,4125.944017,130.92995299999998,10911.555892,5119.886207,57711.08071
2021-02-13 18:00:00,32.194177,10907.418053,9252.81981,29635.973924,144.483066,5119.833288,89.709947,6.316347,4261.761828,38888.793734,4261.761828,6.316347,10907.418053,5119.833288,59450.51044000001
2021-02-13 19:00:00,32.18296,10879.998125,9418.782807,29288.090606,186.295329,5119.807301,87.140969,0.0,4652.506566,38706.873413,4652.506566,0.0,10879.998125,5119.807301,59664.804663
2021-02-13 20:00:00,32.195453,10928.403423,9076.404462,28779.338666000003,171.945667,5119.388945000001,121.409541,0.0,4899.424188,37855.743128,4899.424188,0.0,10928.403423,5119.388945000001,59128.510345
2021-02-13 21:00:00,32.202428999999995,10975.60758,8526.132496,28228.661429,163.229909,5118.28047,125.371868,0.0,4989.565244,36754.793925,4989.565244,0.0,10975.60758,5118.28047,58159.051425
2021-02-13 22:00:00,32.176351000000004,10961.553605,8321.226337,27461.938774,145.04089499999998,5118.325278,141.402422,4.719028000000001,4447.512903000001,35783.165111,4447.512903000001,4.719028000000001,10961.553605,5118.325278,56633.89559300001
2021-02-13 23:00:00,32.210648000000006,10988.139322,7721.856153,26614.448226,144.278061,5119.700925000001,90.235351,0.0,4540.211047,34336.304379,4540.211047,0.0,10988.139322,5119.700925000001,55251.079733000006
2021-02-14 00:00:00,32.245915,10953.811205000002,7309.090255999999,25876.608011,145.16970600000002,5119.548528,76.84506200000001,0.0,4643.426423,33185.698267,4643.426423,0.0,10953.811205000002,5119.548528,54156.745106
2021-02-14 01:00:00,32.250789999999995,10951.877201,6823.254045000001,25132.623371,187.367328,5119.15816,35.67038,0.0,5326.040301,31955.877416000003,5326.040301,0.0,10951.877201,5119.15816,53608.24157600001
2021-02-14 02:00:00,32.24389,10986.071317000002,6711.098346000001,24670.845132,219.210396,5119.361579,-6.682368,0.0,5798.004409,31381.943478,5798.004409,0.0,10986.071317000002,5119.361579,53530.152701000006
2021-02-14 03:00:00,32.311541,10999.668998,6645.481650999999,24993.66076,205.617465,5113.02098,-5.14371,0.0,5850.023978,31639.142411,5850.023978,0.0,10999.668998,5113.02098,53834.64166300001
2021-02-14 04:00:00,32.308637000000004,11028.213798,6763.536447,25692.482844,154.246175,5119.62254,-8.873564,0.0,5677.713731,32456.019291,5677.713731,0.0,11028.213798,5119.62254,54459.250608
2021-02-14 05:00:00,32.275932,11031.232374,6734.878277,26210.242726,146.82511300000002,5120.164929,0.512965,0.0,6226.198097,32945.121003,6226.198097,0.0,11031.232374,5120.164929,55502.330413
2021-02-14 06:00:00,32.251929000000004,10999.732826,7017.9383,26812.343919,146.66909900000002,5119.851414000001,2.42225,0.0,6769.640098,33830.282219,6769.640098,0.0,10999.732826,5119.851414000001,56900.849835
2021-02-14 07:00:00,32.249222,11014.145,7596.273371,27199.492339,146.89617,5119.884452,51.029092,2.4462770000000003,7201.251352,34795.76571,7201.251352,2.4462770000000003,11014.145,5119.884452,58363.667275
2021-02-14 08:00:00,32.265854000000004,11036.834555999998,8269.474554,28022.591116,147.77058599999998,5120.657724,12.052916,76.312973,7416.879483,36292.06567,7416.879483,76.312973,11036.834555999998,5120.657724,60134.83976199999
2021-02-14 09:00:00,32.251193,11088.821882,8542.015875,28842.388585,147.12852800000002,5120.499864,80.021164,284.92973800000004,7804.882465,37384.40446,7804.882465,284.92973800000004,11088.821882,5120.499864,61942.939294
2021-02-14 10:00:00,32.241224,11110.158294,9087.410284,28834.636322,147.26628499999998,5120.900673,72.399488,568.272107,8078.244184,37922.046606,8078.244184,568.272107,11110.158294,5120.900673,63051.528861
2021-02-14 11:00:00,32.232513999999995,11126.376541,9332.912558,28903.874449,147.216375,5121.348203,17.299406,869.919054,8151.343969,38236.787007,8151.343969,869.919054,11126.376541,5121.348203,63702.523069
2021-02-14 12:00:00,32.241722,11077.806476999998,9635.760739,28753.980548,151.542428,5121.02137,16.527912,901.689558,8196.43636,38389.741287,8196.43636,901.689558,11077.806476999998,5121.02137,63887.00711399999
2021-02-14 13:00:00,32.269915999999995,10735.291898,9621.459839,28462.736054,150.505865,5121.473001,34.746129,1055.153993,8671.36217,38084.195893,8671.36217,1055.153993,10735.291898,5121.473001,63884.998865
2021-02-14 14:00:00,32.283939,10578.346649,9890.951289,28417.852298,150.61048599999998,5121.156858,41.637934,1013.636415,8803.034636,38308.803587,8803.034636,1013.636415,10578.346649,5121.156858,64049.510504000005
2021-02-14 15:00:00,32.246430999999994,10690.672817,9953.806216,28454.730934,150.219602,5120.714934,37.915179,879.133005,9096.835295,38408.53715,9096.835295,879.133005,10690.672817,5120.714934,64416.27441300001
2021-02-14 16:00:00,32.232478,10844.400211,10811.075872,28725.787741,150.342416,5120.947971,51.925617,635.0280379999999,8950.728589,39536.863613,8950.728589,635.0280379999999,10844.400211,5120.947971,65322.468933
2021-02-14 17:00:00,32.250327,10836.601443,12412.661227,29090.046979,149.359628,5121.0690540000005,67.305091,239.208725,9002.115291,41502.708206,9002.115291,239.208725,10836.601443,5121.0690540000005,66950.61776499999
2021-02-14 18:00:00,32.378283,10852.182535,14462.757317,29518.862019,148.60469799999998,5120.988945,139.062527,29.251507000000004,8245.870449,43981.619336,8245.870449,29.251507000000004,10852.182535,5120.988945,68549.95828
2021-02-14 19:00:00,32.119463,10816.164453,14794.165142000002,29468.222009,148.244765,5121.286729,141.74919899999998,6.46087,8079.319303,44262.387151,8079.319303,6.46087,10816.164453,5121.286729,68607.731933
2021-02-14 20:00:00,31.674633,10743.933379,14558.029383,29866.573329,148.65883399999998,5121.530491,103.695896,0.0,7636.823727999999,44424.602712,7636.823727999999,0.0,10743.933379,5121.530491,68210.919673
2021-02-14 21:00:00,31.749831,10685.138753,14183.405963,30007.283837,149.73857299999997,5122.726209,83.32033799999999,0.0,7075.618682,44190.6898,7075.618682,0.0,10685.138753,5122.726209,67338.982186
2021-02-14 22:00:00,30.675022,10691.338804,13816.132578,29870.910823,113.627444,5124.598243,111.492977,0.084199,6329.581816,43687.043401,6329.581816,0.084199,10691.338804,5124.598243,66088.441906
2021-02-14 23:00:00,26.118263,10748.198997,14299.744486,29202.250603,189.209301,5125.057043,138.63708,0.0,5441.521923,43501.995089,5441.521923,0.0,10748.198997,5125.057043,65170.737696
2021-02-15 00:00:00,26.187532,10821.233144,14545.688032,28278.421982,341.44783300000006,5126.899928,166.67262399999998,0.0,5343.2447,42824.110014,5343.2447,0.0,10821.233144,5126.899928,64649.795775
2021-02-15 01:00:00,23.112895,11068.169131,13971.942953,26870.140883,346.993792,5134.822271,166.85913699999998,0.0,5203.338831,40842.083836,5203.338831,0.0,11068.169131,5134.822271,62785.379893
2021-02-15 02:00:00,12.44979,9254.543506,12164.033270999998,20851.598134,247.809103,5122.88597,58.815307,0.0,5132.642949,33015.631405,5132.642949,0.0,9254.543506,5122.88597,52844.77803
2021-02-15 03:00:00,15.054743,9290.779394,12404.092616,20690.904436,158.602529,5094.180548,114.74439900000002,0.0,5207.534641,33094.997052,5207.534641,0.0,9290.779394,5094.180548,52975.893306000005
2021-02-15 04:00:00,15.326057000000002,9498.283003,13154.83644,20335.957033,299.62854200000004,5125.866164,144.077583,0.0,4822.216143,33490.793473,4822.216143,0.0,9498.283003,5125.866164,53396.190965
2021-02-15 05:00:00,12.42946,8940.93694,12018.01145,20520.595569,294.815215,4342.564942999999,71.253623,0.0,4590.461039,32538.607019000003,4590.461039,0.0,8940.93694,4342.564942999999,50791.068239
2021-02-15 06:00:00,3.766924,8824.166517,11947.144354,21369.44483,152.55204,3716.791139,112.019037,0.0,4261.224006,33316.589184,4261.224006,0.0,8824.166517,3716.791139,50387.108847
2021-02-15 07:00:00,5.33801,8803.310864,12103.611548,21010.748117000003,171.242646,3719.356748,106.140481,47.249097,4485.179684,33114.359665,4485.179684,47.249097,8803.310864,3719.356748,50452.177195
2021-02-15 08:00:00,3.61904,8602.487097000001,11638.686287,19674.341021,148.870248,3718.268924,88.103955,620.5659609999999,4385.401199999999,31313.027308,4385.401199999999,620.5659609999999,8602.487097000001,3718.268924,48880.343733
2021-02-15 09:00:00,3.323702,8499.782044000001,11274.159843,19260.278989,148.869842,3718.095229,92.014982,1310.471079,4372.851682,30534.438832,4372.851682,1310.471079,8499.782044000001,3718.095229,48679.847392
2021-02-15 10:00:00,3.326932,8249.884616,10625.195621,19088.413215,148.347052,3718.872685,93.62821,1982.944992,3941.033043,29713.608836,3941.033043,1982.944992,8249.884616,3718.872685,47851.646366
2021-02-15 11:00:00,3.327978,7832.411287,10290.660964,19173.618149,149.886167,3718.293197,74.72971199999999,2423.223878,3115.381914,29464.279113000004,3115.381914,2423.223878,7832.411287,3718.293197,46781.53324599999
2021-02-15 12:00:00,3.328714,7633.945022,9548.089717,19068.258634,146.691466,3719.430135,65.650249,2830.011979,2535.2409959999995,28616.348351,2535.2409959999995,2830.011979,7633.945022,3719.430135,45550.646912
2021-02-15 13:00:00,3.330098,7601.285001,9552.435433,18414.737598,114.871572,3719.955693,29.142208,2981.774128,2494.4020530000003,27967.173031,2494.4020530000003,2981.774128,7601.285001,3719.955693,44911.93378399999
2021-02-15 14:00:00,3.32993,7616.834421,9630.580729,18045.436909,112.142228,3721.316371,59.463809,2880.0205100000003,2323.285377,27676.017638,2323.285377,2880.0205100000003,7616.834421,3721.316371,44392.410284
2021-02-15 15:00:00,3.329281,7700.581351999999,10071.469018,18437.873629,112.438972,3722.301074,65.20854299999999,2650.368367,1935.477041,28509.342647,1935.477041,2650.368367,7700.581351999999,3722.301074,44699.04727700001
2021-02-15 16:00:00,5.702856,7767.895538,10498.688113,18832.725017,114.678049,3720.458629,63.557276,2368.20241,1676.774556,29331.41313,1676.774556,2368.20241,7767.895538,3720.458629,45048.682444
2021-02-15 17:00:00,7.274919,7907.501882,11232.894383,19489.427518000004,125.204456,3720.703649,72.87597400000001,979.822657,1173.38821,30722.321901000003,1173.38821,979.822657,7907.501882,3720.703649,44709.093648
2021-02-15 18:00:00,8.536334,8132.48763,11664.984413,19798.098821,125.591658,3719.795995,55.915041,66.10917,765.754563,31463.083234,765.754563,66.10917,8132.48763,3719.795995,44337.273625
2021-02-15 19:00:00,8.018545,7992.468421,11481.507943000002,19535.84503,113.630047,3715.482148,52.881505,0.0,634.1636609999999,31017.352973,634.1636609999999,0.0,7992.468421,3715.482148,43533.9973
2021-02-15 20:00:00,6.434673,8118.686938,11411.695256,19431.363083,112.609882,3716.028591,41.429322000000006,0.0,803.44888,30843.058339000003,803.44888,0.0,8118.686938,3716.028591,43641.69662500001
2021-02-15 21:00:00,7.427004999999999,8058.774433,11618.440737,19571.306666,112.862742,3717.44274,57.306672,0.0,1020.053418,31189.747403,1020.053418,0.0,8058.774433,3717.44274,44163.614413
2021-02-15 22:00:00,7.496166,7991.846143,11023.107838,19260.000339,109.566012,3715.967144,36.139293,0.0,1222.832382,30283.108177,1222.832382,0.0,7991.846143,3715.967144,43366.95531700001
2021-02-15 23:00:00,6.428815999999999,7701.110124000001,10724.304293,19188.702114,106.733664,3715.663385,50.319598000000006,0.0,1479.29561,29913.006407,1479.29561,0.0,7701.110124000001,3715.663385,42972.557604
2021-02-16 00:00:00,5.701625,7749.577407,10834.529199,18962.430423,100.14759,3714.331663,54.724818,0.0,1870.226133,29796.959622,1870.226133,0.0,7749.577407,3714.331663,43291.668858000005
2021-02-16 01:00:00,3.671361,7735.575181,11141.584958,18697.220946,100.169653,3714.673022,50.879552,0.0,2301.385578,29838.805904,2301.385578,0.0,7735.575181,3714.673022,43745.160251
2021-02-16 02:00:00,3.3857420000000005,7742.631015999999,11343.503149,18447.142414,100.659848,3716.610921,55.846741,0.0,3069.830051,29790.645563,3069.830051,0.0,7742.631015999999,3716.610921,44479.609882
2021-02-16 03:00:00,3.331121,7854.532204999999,11257.651477,18804.686878,108.841561,3708.723103,55.548931,0.0,3532.47943,30062.338355,3532.47943,0.0,7854.532204999999,3708.723103,45325.79470599999
2021-02-16 04:00:00,3.329122,7797.214871,10854.958645,18159.948188,161.641387,3715.357701,47.447672,0.0,4084.962512,29014.906833,4084.962512,0.0,7797.214871,3715.357701,44824.860098000005
2021-02-16 05:00:00,3.328177,7665.929843999999,10795.858212,18230.814704,112.267059,3715.069163,45.30511,0.0,4333.545937,29026.672916,4333.545937,0.0,7665.929843999999,3715.069163,44902.118206
2021-02-16 06:00:00,3.3270500000000003,7580.118702,11109.654843,18870.473841,105.807257,3715.833185,48.789215,0.0,4360.997599,29980.128684,4360.997599,0.0,7580.118702,3715.833185,45795.001692
2021-02-16 07:00:00,3.328018,7500.395237000001,11173.312143,19671.456807,163.396266,3717.575103,50.454718,77.788373,4421.647106,30844.76895,4421.647106,77.788373,7500.395237000001,3717.575103,46779.35377100001
2021-02-16 08:00:00,3.327224,7281.801651,10459.22772,19229.901235,200.472608,3716.780307,34.932587,739.39828,4228.864394,29689.128955,4228.864394,739.39828,7281.801651,3716.780307,45894.70600599999
2021-02-16 09:00:00,3.603773,7161.581289,9900.790083,18904.859295,141.490766,3716.444365,26.984492,1223.433571,3910.38869,28805.649378,3910.38869,1223.433571,7161.581289,3716.444365,44989.57632400001
2021-02-16 10:00:00,4.811525,7102.445711,8965.510519,18430.869994,107.718292,3716.063607,26.268826,1621.710221,4114.241225,27396.380513,4114.241225,1621.710221,7102.445711,3716.063607,44089.63992
2021-02-16 11:00:00,5.022375,6945.94895,8556.913457999999,18223.739528,106.24431,3716.292443,33.621085,2073.161298,4212.801478,26780.652986,4212.801478,2073.161298,6945.94895,3716.292443,43873.744925
2021-02-16 12:00:00,6.468218,6853.603372,8290.895400999998,18564.621131,102.669457,3717.063024,39.903983,2089.450623,4104.650372,26855.516532,4104.650372,2089.450623,6853.603372,3717.063024,43769.325581
2021-02-16 13:00:00,6.433852,6890.559597,7589.774678,18573.780067,107.119365,3717.551957,54.951965,2215.201049,4322.052105000001,26163.554745,4322.052105000001,2215.201049,6890.559597,3717.551957,43477.424635
2021-02-16 14:00:00,6.463901,7092.714052,7908.565355000001,19531.006066,107.569087,3719.119685,67.549266,1817.713818,4422.296183,27439.571421,4422.296183,1817.713818,7092.714052,3719.119685,44672.997413000005
2021-02-16 15:00:00,6.467288,7072.162367999999,8319.773235,19651.970261,106.082695,3715.7927,81.366972,1415.085815,4415.281387,27971.743496,4415.281387,1415.085815,7072.162367999999,3715.7927,44783.982721
2021-02-16 16:00:00,6.455762,7010.038344,9274.728284,19841.31798,107.065202,3714.270096,92.683061,944.619293,4359.743936999999,29116.046264,4359.743936999999,944.619293,7010.038344,3714.270096,45350.92195900001
2021-02-16 17:00:00,6.455848,7109.059353000001,9783.886375,20454.937431,108.240652,3714.802692,93.512716,441.56806200000005,4076.54926,30238.823806,4076.54926,441.56806200000005,7109.059353000001,3714.802692,45789.012389
2021-02-16 18:00:00,6.455555,7141.055752,9495.214575,20680.84215,106.588133,3713.206543,78.876213,24.296072,3819.81397,30176.056724999995,3819.81397,24.296072,7141.055752,3713.206543,45066.348963
2021-02-16 19:00:00,6.459302999999999,7204.713395000001,8929.467236,20809.528462,107.221892,3713.328596,83.39462900000001,0.0,3866.201148,29738.995698,3866.201148,0.0,7204.713395000001,3713.328596,44720.314661
2021-02-16 20:00:00,6.454135,7189.75612,9156.442066,20847.850461,107.928662,3713.487955,83.53822600000001,0.0,3419.247127,30004.292527,3419.247127,0.0,7189.75612,3713.487955,44524.70475199999
2021-02-16 21:00:00,5.093943,7088.215582,8639.829524,20703.305716000003,109.463907,3713.367052,72.817909,0.0,3275.28824,29343.135240000003,3275.28824,0.0,7088.215582,3713.367052,43607.381873000006
2021-02-16 22:00:00,3.3546430000000003,7113.246776,8295.896078,20496.038293,111.476514,3714.019097,77.30736,0.0,2940.738324,28791.934371,2940.738324,0.0,7113.246776,3714.019097,42752.077085
2021-02-16 23:00:00,3.866888,7145.017933,8079.359185,19883.206178,111.307503,3711.193734,81.328619,0.0,2892.33339,27962.565363,2892.33339,0.0,7145.017933,3711.193734,41907.613430000005
2021-02-17 00:00:00,6.448521,6447.639173,8617.940907,19876.727697,110.795539,3711.021244,70.338238,0.0,3087.198152,28494.668604,3087.198152,0.0,6447.639173,3711.021244,41928.109471
2021-02-17 01:00:00,6.456747,6234.772234,8468.155833,19968.240355,107.074744,3712.132868,75.11382900000001,0.0,3288.764471,28436.396188,3288.764471,0.0,6234.772234,3712.132868,41860.71108100001
2021-02-17 02:00:00,6.447070999999999,6356.379266,8609.484084,20473.20409,105.21943,3712.362853,77.998935,0.0,2911.967754,29082.688174,2911.967754,0.0,6356.379266,3712.362853,42253.063483
2021-02-17 03:00:00,6.457868,6535.555607,8633.917809,20833.262318,105.071349,3707.161523,73.940561,0.0,2410.354969,29467.180127,2410.354969,0.0,6535.555607,3707.161523,42305.722004
2021-02-17 04:00:00,6.463233,6673.22889,9123.719188,20575.472453,105.449468,3714.293771,72.29235,0.0,2093.551641,29699.191641,2093.551641,0.0,6673.22889,3714.293771,42364.470994
2021-02-17 05:00:00,6.457201,6890.632581999999,9509.072434000002,20660.477842,106.153784,3713.777206,71.943973,0.0,1574.239559,30169.550276,1574.239559,0.0,6890.632581999999,3713.777206,42532.754581
2021-02-17 06:00:00,6.453265999999999,7065.283533999999,9851.528884,21112.639475,131.619689,3714.071175,83.81572,0.0,1164.552558,30964.168359,1164.552558,0.0,7065.283533999999,3714.071175,43129.964301
2021-02-17 07:00:00,6.465663,7231.669808,10271.797136,21454.691664,113.029562,3714.942992,59.217512,16.021056,901.179373,31726.4888,901.179373,16.021056,7231.669808,3714.942992,43769.014766
2021-02-17 08:00:00,6.457380000000001,7349.56634,10080.318312,21396.705693,112.753559,3716.407605,48.205383000000005,477.698431,695.682309,31477.024005,695.682309,477.698431,7349.56634,3716.407605,43883.795012
2021-02-17 09:00:00,6.701786,7355.0659,9117.059525,21213.395395,106.434711,3716.995652,42.776492,1845.698727,1052.144538,30330.45492,1052.144538,1845.698727,7355.0659,3716.995652,44456.272726
2021-02-17 10:00:00,6.433653,7429.721898,8971.955843,21454.54696,106.686814,3716.606628,45.980415,2049.975964,1420.7660970000002,30426.502803,1420.7660970000002,2049.975964,7429.721898,3716.606628,45202.674272
2021-02-17 11:00:00,6.793847,7676.662437999999,8074.754097,20801.209289,106.842434,3715.955224,36.380529,2627.964724,2015.401323,28875.963386,2015.401323,2627.964724,7676.662437999999,3715.955224,45061.96390499999
2021-02-17 12:00:00,6.7971580000000005,7703.157514,7633.71004,19874.247677,103.558147,3716.535569,49.819876,3343.998701,2768.126301,27507.957717,2768.126301,3343.998701,7703.157514,3716.535569,45199.950983
2021-02-17 13:00:00,6.856431,7747.852414999999,7403.670931,19812.445644,107.95511,3716.772493,59.134252,3590.722772,2756.173107,27216.116575,2756.173107,3590.722772,7747.852414999999,3716.772493,45201.58315500001
2021-02-17 14:00:00,8.396972,7344.147699999999,7265.951561,19705.443715,107.418711,3717.543688,67.897204,3352.2967780000004,2858.578687,26971.395276000003,2858.578687,3352.2967780000004,7344.147699999999,3717.543688,44427.675016
2021-02-17 15:00:00,8.800311,7346.39731,7492.418339,19592.159981,107.919618,3720.93835,72.589654,3004.556321,2847.964113,27084.57832,2847.964113,3004.556321,7346.39731,3720.93835,44193.743997000005
2021-02-17 16:00:00,8.806804000000001,7551.827609,8015.006074999999,20150.891292,104.779488,3720.850449,73.117359,2205.578417,2747.5954320000005,28165.897367,2747.5954320000005,2205.578417,7551.827609,3720.850449,44578.452925
2021-02-17 17:00:00,8.812588000000002,7785.346691000001,8939.631844,21716.772332,103.284372,3721.389771,75.304621,1103.998903,2999.899025,30656.404176,2999.899025,1103.998903,7785.346691000001,3721.389771,46454.440147
2021-02-17 18:00:00,8.808423000000001,7826.470310999999,10158.711062,22905.093719,102.638744,3721.418327,85.511264,69.289513,3437.749965,33063.804781,3437.749965,69.289513,7826.470310999999,3721.418327,48315.691328000015
2021-02-17 19:00:00,8.825223000000001,7864.350226,10096.037838,23457.369144,102.901861,3721.42918,83.676225,0.0,3784.399993,33553.406982,3784.399993,0.0,7864.350226,3721.42918,49118.98969
2021-02-17 20:00:00,8.809519,7752.114238,10190.206724,23468.299063,102.560734,3721.237619,76.578699,0.0,3641.98478,33658.505787,3641.98478,0.0,7752.114238,3721.237619,48961.791376
2021-02-17 21:00:00,8.818429000000002,7734.118471,9920.28755,23177.109805,102.42616,3819.307184,82.309269,0.0,3795.306913,33097.397355,3795.306913,0.0,7734.118471,3819.307184,48639.683781
2021-02-17 22:00:00,8.833942,7634.297307,9603.265189,23053.97881,103.059266,3889.760811,82.22415099999999,0.0,3742.982605,32657.243999,3742.982605,0.0,7634.297307,3889.760811,48118.40208099999
2021-02-17 23:00:00,8.818564,7641.410108,9392.687624,22737.684079,102.624888,3925.698693,79.95940999999999,0.0,3651.067066000001,32130.371703,3651.067066000001,0.0,7641.410108,3925.698693,47539.950432
2021-02-18 00:00:00,8.791683,7598.747331,9106.886461,22650.115257,105.205377,3923.214193,85.591268,0.0,4101.760887,31757.001718,4101.760887,0.0,7598.747331,3923.214193,47580.31245699999
2021-02-18 01:00:00,8.779316999999999,7531.503533,9054.652118,22679.10521,105.881789,3978.726372,85.489903,0.0,3915.203351,31733.757328,3915.203351,0.0,7531.503533,3978.726372,47359.34159299999
2021-02-18 02:00:00,8.779059,7542.649890000001,8921.968328,21967.214522,106.821084,4056.258577,86.48109400000001,0.0,4693.410208,30889.182850000005,4693.410208,0.0,7542.649890000001,4056.258577,47383.58276200001
2021-02-18 03:00:00,8.778351,7383.475241,8936.135035,21707.746763000003,107.402742,4101.975494,84.41187599999999,0.0,5245.561958,30643.881798,5245.561958,0.0,7383.475241,4101.975494,47575.48746
2021-02-18 04:00:00,9.106601,7575.318407999999,9108.757103,21783.445031,107.291585,4141.407384,79.858636,0.0,5413.061976999999,30892.202134,5413.061976999999,0.0,7575.318407999999,4141.407384,48218.24672499999
2021-02-18 05:00:00,8.777263000000001,7555.563677,9464.703378,22508.38719,107.438003,4191.572164,76.40735199999999,0.0,5614.411613,31973.090568,5614.411613,0.0,7555.563677,4191.572164,49527.26063999999
2021-02-18 06:00:00,8.775642,7603.180757,10201.810708,23382.895036,108.42116,4268.827277,80.256496,0.0,5517.420257,33584.705744000006,5517.420257,0.0,7603.180757,4268.827277,51171.587333
2021-02-18 07:00:00,8.791601,7653.05877,10732.141489,23823.20813,109.234626,4276.701218,82.27203,25.710626,5639.740209,34555.349619,5639.740209,25.710626,7653.05877,4276.701218,52350.85869899999
2021-02-18 08:00:00,8.785228,7799.559853000001,11049.401699,24013.219826,109.086997,4272.4796830000005,84.96797,319.642303,5879.130179,35062.621525,5879.130179,319.642303,7799.559853000001,4272.4796830000005,53536.273738
2021-02-18 09:00:00,9.718493,7920.506769,10988.889084,23703.810023,108.545243,4339.904584,85.49824199999999,775.9011760000001,6738.328472,34692.699107,6738.328472,775.9011760000001,7920.506769,4339.904584,54671.102086000006
2021-02-18 10:00:00,9.811485,8055.399773,11013.554421,23509.112698,109.04169,4468.668721,83.292666,1219.410309,6625.9818510000005,34522.667119,6625.9818510000005,1219.410309,8055.399773,4468.668721,55094.273614000005
2021-02-18 11:00:00,9.799915,8460.286612,10488.391305,22314.637104,109.756397,4606.023206,77.314585,1739.7694849999998,6890.745852,32803.028409,6890.745852,1739.7694849999998,8460.286612,4606.023206,54696.72446099999
2021-02-18 12:00:00,9.792673,8411.606369000001,9468.689099,21499.59389,104.762591,4702.338577,79.83503499999999,2313.327723,6891.143437,30968.282989,6891.143437,2313.327723,8411.606369000001,4702.338577,53481.089394
2021-02-18 13:00:00,9.7709,8119.247506,9230.573254,20553.022587,104.376425,4712.712672,91.393421,2340.737516,6638.814965,29783.595841,6638.814965,2340.737516,8119.247506,4712.712672,51800.64924600001
2021-02-18 14:00:00,9.788831,7381.222619,9107.768794,19414.579216,105.252271,4779.540198,90.180562,2713.240948,6858.809093999999,28522.34801,6858.809093999999,2713.240948,7381.222619,4779.540198,50460.382533
2021-02-18 15:00:00,9.794384999999998,6595.767979,9141.720566,19148.823688,138.731404,4914.404567,89.33063899999999,2832.2166660000003,6751.914251,28290.544254,6751.914251,2832.2166660000003,6595.767979,4914.404567,49622.704145
2021-02-18 16:00:00,9.802936,6756.5179020000005,8840.006857,19393.026468,138.61152600000003,5046.145237,95.736684,2735.951471,6709.800756000001,28233.033325,6709.800756000001,2735.951471,6756.5179020000005,5046.145237,49725.599837
2021-02-18 17:00:00,9.862379,8428.988232,8868.069743,20565.128742,104.779343,5094.072848,104.780186,1320.188528,6548.775891,29433.198485,6548.775891,1320.188528,8428.988232,5094.072848,51044.645892
2021-02-18 18:00:00,11.12259,9411.270907,9151.371543,23554.247376,102.855249,5093.679482,119.77217,109.029888,6132.810806999999,32705.618919,6132.810806999999,109.029888,9411.270907,5093.679482,53686.16001199999
2021-02-18 19:00:00,11.178549,9822.62647,9040.434927,24255.747453,102.760005,5102.9657,122.685437,0.0,5964.263985,33296.18238,5964.263985,0.0,9822.62647,5102.9657,54422.662526
2021-02-18 20:00:00,11.191559000000002,9746.40834,8936.789071000001,24442.269935,102.769801,5120.671267,122.465722,0.0,5742.8315,33379.059006,5742.8315,0.0,9746.40834,5120.671267,54225.397195
2021-02-18 21:00:00,11.186022,9719.456455,8700.629714,24220.182059,102.747839,5121.155887,126.357958,0.0,5525.759883000001,32920.811773,5525.759883000001,0.0,9719.456455,5121.155887,53527.475817
2021-02-18 22:00:00,11.177254,9822.203623,8602.368234,22994.500572,102.725787,5121.089544,126.426172,0.0,5557.382116000001,31596.868806,5557.382116000001,0.0,9822.203623,5121.089544,52337.873302
2021-02-18 23:00:00,11.057297000000002,9325.074688,8797.052423,22307.672601,102.502627,5119.723792999999,129.300615,0.0,5615.86752,31104.725024,5615.86752,0.0,9325.074688,5119.723792999999,51408.251564
2021-02-19 00:00:00,11.15589,9049.555307,8764.788324,21991.913411,106.880781,5120.649912999999,129.519031,0.0,5548.721611999999,30756.701735,5548.721611999999,0.0,9049.555307,5120.649912999999,50723.184269000005
2021-02-19 01:00:00,11.174409999999998,9224.161239,8599.560874,22167.272026,107.434481,5119.897808,129.865272,0.0,5417.566121,30766.8329,5417.566121,0.0,9224.161239,5119.897808,50776.932231
2021-02-19 02:00:00,11.192946,9403.213136,8613.847297,22585.19099,108.805463,5121.244096,129.838932,0.0,5212.545868,31199.038287,5212.545868,0.0,9403.213136,5121.244096,51185.878728
2021-02-19 03:00:00,11.198544000000002,9491.711819,8644.450957,23248.714044,109.959343,5119.613524,129.689498,0.0,4982.948994,31893.165000999998,4982.948994,0.0,9491.711819,5119.613524,51738.286723
2021-02-19 04:00:00,11.173686,9155.101502,9258.200127,24417.566287,109.670948,5121.589673,129.32075500000002,0.0,4641.190664,33675.766414,4641.190664,0.0,9155.101502,5121.589673,52843.813642
2021-02-19 05:00:00,11.170624,9120.597026,10315.99208,25174.588269,109.888157,5122.754486,126.607039,0.0,4579.241702,35490.580349,4579.241702,0.0,9120.597026,5122.754486,54560.839383
2021-02-19 06:00:00,11.169895,9238.348228,11318.277717,26705.126324,109.655798,5121.320067000001,115.705137,0.0,4184.587857,38023.404041,4184.587857,0.0,9238.348228,5121.320067000001,56804.191023
2021-02-19 07:00:00,11.178751,9514.115321,11267.257887000002,27067.392397,109.626377,5122.400193,110.555045,194.826359,4477.392125,38334.650284,4477.392125,194.826359,9514.115321,5122.400193,57874.74445500001
2021-02-19 08:00:00,10.80804,9742.874982,9913.034591,25043.052236,108.88834,5121.521833,99.480896,2116.338055,4299.789485,34956.086827,4299.789485,2116.338055,9742.874982,5121.521833,56455.788458
2021-02-19 09:00:00,11.202512,9876.480342,8481.089872999999,22821.715412,108.770018,5121.485354,26.14594,3393.685878,3974.048186,31302.805284999995,3974.048186,3393.685878,9876.480342,5121.485354,53814.623515
2021-02-19 10:00:00,11.274224,9906.22912,6704.390972000001,21370.825746,109.087699,5122.441812,4.504166,4382.375109,3399.007051,28075.216718,3399.007051,4382.375109,9906.22912,5122.441812,51010.135899
2021-02-19 11:00:00,11.172307,9739.927011,5046.15693,19785.619407,123.134088,5123.190955,-9.912304,4589.156244,3906.333461,24831.776337,3906.333461,4589.156244,9739.927011,5123.190955,48314.778099
2021-02-19 12:00:00,11.996316,8619.370081,4839.370195,18399.208907,105.132884,5124.22735,-16.143323000000002,4213.586558,4319.575789,23238.579102,4319.575789,4213.586558,8619.370081,5124.22735,45616.32475700001
2021-02-19 13:00:00,11.824553,7566.028415999999,4541.596297,17434.199188,104.239216,5124.848784,-14.858577,3304.038367,5140.311810000001,21975.795485,5140.311810000001,3304.038367,7566.028415999999,5124.848784,43212.228054
2021-02-19 14:00:00,12.929432,6289.768508000001,4307.942529,16635.70606,103.98313,5125.849018,-4.646764,2931.12807,5652.746127,20943.648589,5652.746127,2931.12807,6289.768508000001,5125.849018,41055.40611
2021-02-19 15:00:00,12.914634,5723.221809,4046.24885,16228.374079,103.835371,5126.312608,-1.946884,2637.302272,5807.094719000001,20274.622929,5807.094719000001,2637.302272,5723.221809,5126.312608,39683.357458
2021-02-19 16:00:00,12.929867000000002,5613.287699,3799.183199,15881.883048,134.408016,5126.092851,3.621866,2307.0312750000003,6303.080874,19681.066247,6303.080874,2307.0312750000003,5613.287699,5126.092851,39181.518695000006
2021-02-19 17:00:00,12.939685,7047.954339999999,3790.61955,15675.873138,134.428892,5126.527306,0.3219890000000001,2312.42772,6191.768405000001,19466.492688,6191.768405000001,2312.42772,7047.954339999999,5126.527306,40292.861025000006
2021-02-19 18:00:00,12.92025,9601.649492,4079.884448,17484.31055,133.423851,5123.912356,-0.3534320000000001,207.265451,7152.184619,21564.194998,7152.184619,207.265451,9601.649492,5123.912356,43795.197585
2021-02-19 19:00:00,12.911943,9862.625883,3914.902595,18351.573951,101.336438,5123.147384,-0.1543079999999999,0.0,8967.080817,22266.476546,8967.080817,0.0,9862.625883,5123.147384,46333.424703
2021-02-19 20:00:00,12.92794,9687.788108,3782.032151,17953.421008,101.728422,5123.60598,-1.507057,0.0,10657.881523,21735.453159,10657.881523,0.0,9687.788108,5123.60598,47317.878075
2021-02-19 21:00:00,12.921682,9573.925449,3740.85731,17321.467943,101.686403,5123.891104,0.57578,0.0,11806.718058000002,21062.325253,11806.718058000002,0.0,9573.925449,5123.891104,47682.043729
2021-02-19 22:00:00,12.911983,9547.979703,3743.144277,16589.035496999997,101.528324,5122.125446,-0.977336,0.0,12113.396659000002,20332.179774,12113.396659000002,0.0,9547.979703,5122.125446,47229.14455299999
2021-02-19 23:00:00,12.918544,8961.518918,3762.080559,16613.553939,101.037168,5123.288861999999,-0.787334,0.0,12092.708454,20375.634498,12092.708454,0.0,8961.518918,5123.288861999999,46666.31911
2021-02-20 00:00:00,12.909955,8853.023849000001,3755.032844,16717.776893,57.814015000000005,5122.034205,0.160183,0.0,11860.829965,20472.809737,11860.829965,0.0,8853.023849000001,5122.034205,46379.58190899999
2021-02-20 01:00:00,11.90819,9145.971234,3907.099063,16654.199669,56.695565,5121.531121,-1.754561,0.0,11623.096603000002,20561.298732000003,11623.096603000002,0.0,9145.971234,5121.531121,46518.74688400001
2021-02-20 02:00:00,11.371902,9525.290151,3993.875931,17134.752837,57.06684,5121.092957999999,-0.2852909999999999,0.0,11145.246283,21128.628768,11145.246283,0.0,9525.290151,5121.092957999999,46988.411611
2021-02-20 03:00:00,12.729382,10071.501966,4235.556632,17797.39892,57.077586,5119.958951,0.043026,0.0,10400.776689,22032.955552,10400.776689,0.0,10071.501966,5119.958951,47695.043152
2021-02-20 04:00:00,12.911248999999998,10271.105242,4446.845594,19119.850808000003,57.070368,5120.382399,0.7205630000000001,2.3534360000000003,9506.389919,23566.696402,9506.389919,2.3534360000000003,10271.105242,5120.382399,48537.62957800001
2021-02-20 05:00:00,12.889918,10467.134914,5032.553443,20160.464116,56.965857,5119.496604,4.25744,4.821468,8982.128305,25193.017559,8982.128305,4.821468,10467.134914,5119.496604,49840.712065
2021-02-20 06:00:00,11.373555,10647.95029,5782.749468999999,21110.291797,56.98143400000001,5121.163539,3.266205,3.645294,8676.19558,26893.041266,8676.19558,3.645294,10647.95029,5121.163539,51413.617163
2021-02-20 07:00:00,11.683059,10627.726792,6185.948025,21338.400124,56.912744,5120.561226,0.050048,245.041388,8604.193276999998,27524.348149,8604.193276999998,245.041388,10627.726792,5120.561226,52190.516683
2021-02-20 08:00:00,11.053582,10261.898929,5183.625696,19627.337959,89.196344,5120.342529,-3.206346,2862.6836540000004,7444.385796,24810.963655,7444.385796,2862.6836540000004,10261.898929,5120.342529,50597.318143
2021-02-20 09:00:00,12.40391,10157.630667,4479.002101,17382.316324,96.393188,5121.903339,-10.032814,4305.664457999999,6102.709121,21861.318425,6102.709121,4305.664457999999,10157.630667,5121.903339,47647.990294
2021-02-20 10:00:00,12.802896,9524.003874,4000.343216,14749.01724,56.283213,5122.9316690000005,-10.017521,4485.922904,6484.743491,18749.360456,6484.743491,4485.922904,9524.003874,5122.9316690000005,44426.030982
2021-02-20 11:00:00,12.810887999999998,6956.606034,3721.627226,13334.090308,82.416315,5122.622122000001,-7.103306,4735.102242,7550.697973,17055.717534,7550.697973,4735.102242,6956.606034,5122.622122000001,41508.869802
2021-02-20 12:00:00,12.809302,5589.229158,3533.411325,12433.784408,68.176704,5124.101847,-0.4778799999999999,2447.3565780000004,9537.039944,15967.195733,9537.039944,2447.3565780000004,5589.229158,5124.101847,38745.43138600001
2021-02-20 13:00:00,12.793908,5184.670823,3199.188964,11564.161004,52.012775,5126.291319,0.99737,1013.23044,10330.777834,14763.349968,10330.777834,1013.23044,5184.670823,5126.291319,36484.124437000006
2021-02-20 14:00:00,12.768430000000002,5050.128717,3047.811922,10913.927582,51.922649,5129.859907999999,1.376979,605.559039,9898.970862,13961.739504,9898.970862,605.559039,5050.128717,5129.859907999999,34712.326088
2021-02-20 15:00:00,13.807891,5113.533814,3030.4869550000003,10961.93742,50.348381,5128.961614,-0.5859300000000001,472.640669,8891.169685,13992.424375,8891.169685,472.640669,5113.533814,5128.961614,33662.300499000004
2021-02-20 16:00:00,16.087158,5171.479723,2992.0483320000003,10854.657108,49.921054,5122.867297999999,-0.30039,396.8232880000001,8833.908683000001,13846.70544,8833.908683000001,396.8232880000001,5171.479723,5122.867297999999,33437.492254
2021-02-20 17:00:00,16.603461000000003,5268.647342,3032.696002,10564.080904,49.86048099999999,5125.162998,-3.934684,255.898286,10022.471827,13596.776906,10022.471827,255.898286,5268.647342,5125.162998,34331.486616999995
2021-02-20 18:00:00,17.153425,5294.4617180000005,3054.3076920000003,10113.118039,50.661633,5125.470114,-1.822704,19.563173,13351.16884,13167.425731,13351.16884,19.563173,5294.4617180000005,5125.470114,37024.08193
2021-02-20 19:00:00,16.928913,5063.823324,2989.309574,9682.554966,50.694344,5124.557228,-2.506601,0.0,16071.505439,12671.86454,16071.505439,0.0,5063.823324,5124.557228,38996.867187
2021-02-20 20:00:00,16.920655,4506.420555000001,2961.828494,9564.571529,50.681105,5125.403118,-0.851226,0.0,16950.169672,12526.400022999998,16950.169672,0.0,4506.420555000001,5125.403118,39175.143902
2021-02-20 21:00:00,16.929243,4478.432054999999,3024.802361,9621.656788,50.683774,5124.559502,0.47522,0.0,16589.005939000002,12646.459149,16589.005939000002,0.0,4478.432054999999,5124.559502,38906.544882
2021-02-20 22:00:00,16.772843,4518.724141,3098.7708560000005,9488.988702,50.634834,5124.230087,-0.840907,0.0,15549.575125,12587.759558000002,15549.575125,0.0,4518.724141,5124.230087,37846.855681
2021-02-20 23:00:00,17.240845999999998,4530.766374000001,3029.470647,9467.86746,50.568968,5124.925683,-0.121099,0.0,14803.562847,12497.338107,14803.562847,0.0,4530.766374000001,5124.925683,37024.281726
2021-02-21 00:00:00,17.128292000000002,4502.288382,2984.736618,9464.667441,78.03034,5124.850547,1.111113,0.0,14453.482393,12449.404059,14453.482393,0.0,4502.288382,5124.850547,36626.295126
2021-02-21 01:00:00,16.892735,4444.146769,2769.197546,9395.844753,54.106091000000006,5124.471711,1.115115,0.0,14127.37404,12165.042299,14127.37404,0.0,4444.146769,5124.471711,35933.148760000004
2021-02-21 02:00:00,17.017716999999998,4448.113573,2778.275156,9400.524715,55.931739,5124.077327,-0.3965820000000001,0.0,14050.308445,12178.799871,14050.308445,0.0,4448.113573,5124.077327,35873.85209
2021-02-21 03:00:00,17.262448,4438.016732,2684.833471,9381.085061,56.839808,5142.806156000001,0.926306,0.0,13862.693579,12065.918532,13862.693579,0.0,4438.016732,5142.806156000001,35584.463561000004
2021-02-21 04:00:00,17.032536,4452.100991,2682.373638,9372.059611,57.154394,5124.185123,0.718442,0.0,13942.057374,12054.433249000002,13942.057374,0.0,4452.100991,5124.185123,35647.682109
2021-02-21 05:00:00,17.058775,4457.6663260000005,2686.701608,9398.991643,56.987363,5124.731444999999,1.334041,0.0,14263.275777,12085.693251,14263.275777,0.0,4457.6663260000005,5124.731444999999,36006.746978
2021-02-21 06:00:00,17.037779999999998,4449.097338,2663.196326,9321.068181,77.434629,5124.522908,-0.535099,0.0012,15149.589086,11984.264506999998,15149.589086,0.0012,4449.097338,5124.522908,36801.41234899999
2021-02-21 07:00:00,17.059362,4450.264809,2602.5955,9397.33025,82.098674,5125.245782,-1.455648,84.62739,15603.188193000002,11999.92575,15603.188193000002,84.62739,4450.264809,5125.245782,37360.954312
2021-02-21 08:00:00,16.898802,4490.006654000001,2574.514467,9381.138362999998,113.917712,5126.182108,2.526574,1730.696552,14202.596759,11955.65283,14202.596759,1730.696552,4490.006654000001,5126.182108,37638.477991
2021-02-21 09:00:00,17.287215,4454.945655,2541.8079,9239.732377,121.335999,5126.197657,2.171692,2593.973837,13027.433261,11781.540277,13027.433261,2593.973837,4454.945655,5126.197657,37124.885593
2021-02-21 10:00:00,17.197215999999997,4441.723946,2523.078008,9249.222857,82.39304000000001,5125.540776,3.88205,1765.8671989999998,12900.024824,11772.300865,12900.024824,1765.8671989999998,4441.723946,5125.540776,36108.929916
2021-02-21 11:00:00,15.910252,4461.178124,2502.551109,9195.857965,58.088301,5124.545438,-4.145557,965.756656,12473.621811,11698.409074,12473.621811,965.756656,4461.178124,5124.545438,34793.364099
2021-02-21 12:00:00,15.452521999999998,4447.945293000001,2506.227492,9207.778673,52.16422,5124.74917,-5.002110999999999,771.285942,11549.237806,11714.006165,11549.237806,771.285942,4447.945293000001,5124.74917,33669.839006999995
2021-02-21 13:00:00,15.670208,4456.094385,2491.833982,9074.599119,52.186573,5124.774011,-4.148162999999999,576.131,10972.546233,11566.433101,10972.546233,576.131,4456.094385,5124.774011,32759.687348
2021-02-21 14:00:00,15.585224,4467.468255,2493.35496,9054.411863,52.310216,5124.841623,-4.22163,706.203035,10112.383873,11547.766823,10112.383873,706.203035,4467.468255,5124.841623,32022.337419
2021-02-21 15:00:00,15.706446,4528.0024570000005,2485.553601,9058.16112,52.371587,5124.363919,-2.432751,825.183751,9668.678752,11543.714721,9668.678752,825.183751,4528.0024570000005,5124.363919,31755.588882
2021-02-21 16:00:00,15.629679,4522.406166,2499.020592,9073.737593,52.417002,5124.024742,-0.8321270000000001,790.230099,9802.033347,11572.758185,9802.033347,790.230099,4522.406166,5124.024742,31878.667093
2021-02-21 17:00:00,15.138674,4421.548233,2531.849775,9107.519982,50.728108000000006,5122.795774,-0.559962,1225.5208659999998,10071.718970000002,11639.369757,10071.718970000002,1225.5208659999998,4421.548233,5122.795774,32546.26042
2021-02-21 18:00:00,15.195217,6215.072214,2845.4976910000005,10767.936197,49.987618,5122.475151,-2.480032,222.477252,9022.775023,13613.433888,9022.775023,222.477252,6215.072214,5122.475151,34258.936331
2021-02-21 19:00:00,15.284583,7545.414084,2787.248017,11204.689979,50.626784,5121.05824,-0.1975409999999999,0.0,8725.190813,13991.937996,8725.190813,0.0,7545.414084,5121.05824,35449.314959
2021-02-21 20:00:00,15.323138,7354.464705,2761.520186,11034.311876000002,50.868083,5120.487891000001,-1.348939,0.0,8862.390172,13795.832062,8862.390172,0.0,7354.464705,5120.487891000001,35198.017112
2021-02-21 21:00:00,15.343548,7590.145184,2786.031108,10836.923330999998,50.806889,5119.949265,7.006918,2.6316680000000003,8111.107093999999,13622.954438999996,8111.107093999999,2.6316680000000003,7590.145184,5119.949265,34519.945005
2021-02-21 22:00:00,15.347308,7311.09094,2744.087194,10702.769611999998,50.775442,5117.635301,5.951745000000001,2.641291,7139.551095999999,13446.856805999998,7139.551095999999,2.641291,7311.09094,5117.635301,33089.84992899999
2021-02-21 23:00:00,15.285423,7301.467102999999,2769.999109,10861.435806999998,50.756827,5115.156143,3.101342,0.660216,5652.846600999999,13631.434915999998,5652.846600999999,0.660216,7301.467102999999,5115.156143,31770.708571
