event,basis,retained_gw,ree_mwh,ree_gwh,stress_gwh,chi,hourly_min_gwh,overstatement_pct,incidence,mean_depth_mw,risk_hours
january_2025,PRC,0.0,515482.0874999999,515.4820874999999,2160.0,0.2386491145833333,580.551,12.622924070082275,0.8223379629629629,4353.121076706545,118.41666666666666
january_2025,PRC,3.0,915495.6466666665,915.4956466666665,2160.0,0.4238405771604937,991.2374299999999,8.273308956641179,1.0,6357.608657407406,144.0
january_2025,RTOLCAP,0.0,61648.61333333334,61.648613333333344,2160.0,0.028541024691358028,86.82051999999999,40.83126173586815,0.19907407407407407,2150.533023255814,28.666666666666664
january_2025,RTOLCAP,3.0,182678.90499999997,182.67890499999996,2160.0,0.08457356712962961,236.98066000000003,29.72524660140703,0.35185185185185186,3605.5047039473684,50.666666666666664
january_2025,RTOLCAP+RTOFFCAP,0.0,6989.554166666666,6.989554166666666,2160.0,0.003235904706790123,10.221770000000001,46.24351934702562,0.03298611111111111,1471.4850877192982,4.75
january_2025,RTOLCAP+RTOFFCAP,3.0,32887.80083333333,32.88780083333333,2160.0,0.015225833719135799,45.19596,37.42469503826409,0.08449074074074074,2703.106917808219,12.166666666666666
elliott_2022,PRC,0.0,1592885.7408333332,1592.8857408333333,3240.0,0.49163140149176954,1657.9226199999996,4.082959467804748,1.0,7374.471022376543,216.0
elliott_2022,PRC,3.0,2240885.740833333,2240.8857408333333,3240.0,0.6916314014917695,2305.92262,2.9022844842807816,1.0,10374.471022376543,216.0
elliott_2022,RTOLCAP,0.0,504223.7225,504.22372249999995,3240.0,0.15562460570987655,584.11059,15.843536100188139,0.5081018518518519,4594.293599088839,109.75
elliott_2022,RTOLCAP,3.0,875316.4441666665,875.3164441666664,3240.0,0.27015939634773656,985.5612300000001,12.594849162041122,0.6500771604938271,6233.707614243323,140.41666666666666
elliott_2022,RTOLCAP+RTOFFCAP,0.0,171219.90083333332,171.21990083333333,3240.0,0.05284564840534979,211.05741999999995,23.26687433690595,0.20756172839506173,3819.03124535316,44.83333333333333
elliott_2022,RTOLCAP+RTOFFCAP,3.0,354184.8325,354.1848325,3240.0,0.1093163063271605,417.66797,17.923731248429455,0.36921296296296297,4441.189122257054,79.75
uri_2021,PRC,0.0,3074956.0066666664,3074.9560066666663,4320.0,0.7117953719135802,3143.7184599999996,2.236209337117434,1.0,10676.930578703703,288.0
uri_2021,PRC,3.0,3885711.665,3885.711665,4320.0,0.8994702928240741,3933.83491,1.2384666992526272,1.0,13492.054392361113,288.0
uri_2021,RTOLCAP,0.0,1978659.2158333333,1978.6592158333333,4320.0,0.4580229666280864,2123.2644099999998,7.308241510692093,0.8521412037037037,8062.448417657046,245.41666666666666
uri_2021,RTOLCAP,3.0,2707189.6441666665,2707.1896441666668,4320.0,0.6266642694830247,2839.84303,4.900040383915072,0.8767361111111112,10721.543145214522,252.5
uri_2021,RTOLCAP+RTOFFCAP,0.0,1676736.5599999998,1676.7365599999998,4320.0,0.3881334629629629,1816.5493699999997,8.338388589797297,0.7853009259259259,7413.720972733971,226.16666666666666
uri_2021,RTOLCAP+RTOFFCAP,3.0,2370868.0825,2370.8680825,4320.0,0.5488120561342593,2503.28012,5.584960145078011,0.8515625,9667.148144750256,245.25
february_2022,PRC,0.0,836726.46,836.72646,1800.0,0.4648480333333333,869.6286699999999,3.9322540367612957,1.0,6972.720499999999,120.0
february_2022,PRC,3.0,1196726.46,1196.7264599999999,1800.0,0.6648480333333333,1229.6286699999998,2.7493509251897086,1.0,9972.7205,120.0
february_2022,RTOLCAP,0.0,52989.40166666666,52.98940166666666,1800.0,0.029438556481481477,68.68203,29.614654704064904,0.16805555555555557,2627.5736363636365,20.166666666666664
february_2022,RTOLCAP,3.0,149026.27249999996,149.02627249999998,1800.0,0.0827923736111111,185.06638999999996,24.18373411305714,0.3736111111111111,3324.0060780669146,44.83333333333333
february_2022,RTOLCAP+RTOFFCAP,0.0,6661.639999999999,6.661639999999999,1800.0,0.0037009111111111106,10.515080000000003,57.84521529233049,0.043055555555555555,1289.3496774193547,5.166666666666666
february_2022,RTOLCAP+RTOFFCAP,3.0,28971.528333333335,28.971528333333335,1800.0,0.01609529351851852,39.69304,37.00706273866463,0.1,2414.2940277777775,12.0
july_2022,PRC,0.0,1234650.48375,1234.65048375,1800.0,0.6859169354166667,1263.3642599999998,2.3256603085585414,1.0,10288.75403125,120.0
july_2022,PRC,3.0,1593626.3329166668,1593.6263329166668,1800.0,0.8853479627314815,1620.8985599999999,1.7113313529037333,1.0,13280.219440972223,120.0
july_2022,RTOLCAP,0.0,523788.1499999999,523.7881499999999,1800.0,0.2909934166666666,591.23015,12.875816300922448,0.7527777777777778,5798.392804428045,90.33333333333333
july_2022,RTOLCAP,3.0,841617.1375,841.6171374999999,1800.0,0.4675650763888889,921.9924400000001,9.550102881549293,0.9555555555555556,7339.684338662791,114.66666666666666
july_2022,RTOLCAP+RTOFFCAP,0.0,364834.5425,364.8345425,1800.0,0.20268585694444444,418.41540999999995,14.686347167908309,0.46319444444444446,6563.739895052473,55.58333333333333
july_2022,RTOLCAP+RTOFFCAP,3.0,554955.4608333332,554.9554608333332,1800.0,0.3083085893518518,624.03071,12.446989721110558,0.6055555555555555,7637.001754587155,72.66666666666666
