event,shock_gw,retained_gw,ree_gwh,ree_low_gwh,ree_high_gwh,chi,chi_low,chi_high,days,replicates,seed
january_2025,10.0,0.0,62.003096666666664,23.985215,110.92240166666667,0.043057706018518514,0.016656399305555555,0.07702944560185186,6,2000,20260
january_2025,10.0,3.0,291.66528666666665,204.7012075,387.7932125,0.20254533796296292,0.14215361631944445,0.2693008420138889,6,2000,20260
january_2025,15.0,0.0,515.4820874999999,393.7137558333333,641.2790858333333,0.2386491145833333,0.18227488695987654,0.29688846566358024,6,2000,20260
january_2025,15.0,3.0,915.4956466666665,769.765635,1070.0779641666666,0.4238405771604937,0.35637297916666666,0.49540646489197526,6,2000,20260
elliott_2022,10.0,0.0,555.6057475,392.8827219375,703.2012306874999,0.2572248831018519,0.18189014904513887,0.325556125318287,9,2000,20260
elliott_2022,10.0,3.0,1161.5892066666665,944.6448966458333,1338.9584450416664,0.5377727808641974,0.43733560029899693,0.6198881690007715,9,2000,20260
elliott_2022,15.0,0.0,1592.8857408333333,1373.9662610208334,1770.9584450416664,0.49163140149176954,0.4240636608088992,0.546592112667181,9,2000,20260
elliott_2022,15.0,3.0,2240.8857408333333,2021.9662610208334,2418.9584450416664,0.6916314014917695,0.6240636608088992,0.746592112667181,9,2000,20260
uri_2021,10.0,0.0,1634.9560066666663,1392.5129972500001,1872.4708166666662,0.5676930578703703,0.4835114573784723,0.6501634780092591,12,2000,20260
uri_2021,10.0,3.0,2445.711665,2238.8739867708337,2633.6385664999993,0.8492054392361111,0.777386800962095,0.9144578355902776,12,2000,20260
uri_2021,15.0,0.0,3074.9560066666663,2832.5129972499994,3312.470816666666,0.7117953719135802,0.6556743049189814,0.7667756520061727,12,2000,20260
uri_2021,15.0,3.0,3885.711665,3678.8739867708337,4073.6385665000003,0.8994702928240741,0.8515912006413967,0.9429718903935186,12,2000,20260
february_2022,10.0,0.0,248.15760916666665,176.5383575,313.02470999999997,0.20679800763888886,0.14711529791666667,0.260853925,5,2000,20260
february_2022,10.0,3.0,596.72646,508.03309249999995,672.0181666666666,0.49727204999999997,0.4233609104166666,0.5600151388888889,5,2000,20260
february_2022,15.0,0.0,836.72646,748.0330925,912.0181666666666,0.4648480333333333,0.4155739402777778,0.5066767592592593,5,2000,20260
february_2022,15.0,3.0,1196.7264599999999,1108.0330924999998,1272.0181666666667,0.6648480333333333,0.6155739402777777,0.7066767592592593,5,2000,20260
july_2022,10.0,0.0,634.65048375,577.7618341666666,691.5391333333333,0.528875403125,0.48146819513888883,0.5762826111111111,5,2000,20260
july_2022,10.0,3.0,993.6263329166668,937.7508699999998,1049.5017958333333,0.8280219440972223,0.7814590583333332,0.8745848298611111,5,2000,20260
july_2022,15.0,0.0,1234.65048375,1177.7618341666666,1291.5391333333332,0.6859169354166667,0.6543121300925926,0.7175217407407407,5,2000,20260
july_2022,15.0,3.0,1593.6263329166668,1537.7508699999996,1649.5017958333333,0.8853479627314815,0.8543060388888887,0.916389886574074,5,2000,20260
