slot,prc_mw,hourly_min_prc_mw,shock_mw,native_residual_mw,hourly_min_residual_mw
2022-12-24 14:00:00,10537.95,10240.56,10000,0.0,0.0
2022-12-24 14:05:00,10240.56,10240.56,10000,0.0,0.0
2022-12-24 14:10:00,10272.02,10240.56,10000,0.0,0.0
2022-12-24 14:15:00,10265.88,10240.56,10000,0.0,0.0
2022-12-24 14:20:00,10306.3,10240.56,10000,0.0,0.0
2022-12-24 14:25:00,10410.77,10240.56,10000,0.0,0.0
2022-12-24 14:30:00,10410.07,10240.56,10000,0.0,0.0
2022-12-24 14:35:00,10380.65,10240.56,10000,0.0,0.0
2022-12-24 14:40:00,10422.82,10240.56,10000,0.0,0.0
2022-12-24 14:45:00,10456.42,10240.56,10000,0.0,0.0
2022-12-24 14:50:00,10444.61,10240.56,10000,0.0,0.0
2022-12-24 14:55:00,10473.53,10240.56,10000,0.0,0.0
2022-12-24 15:00:00,10541.35,10288.98,10000,0.0,0.0
2022-12-24 15:05:00,10569.55,10288.98,10000,0.0,0.0
2022-12-24 15:10:00,10568.13,10288.98,10000,0.0,0.0
2022-12-24 15:15:00,10532.88,10288.98,10000,0.0,0.0
2022-12-24 15:20:00,10532.08,10288.98,10000,0.0,0.0
2022-12-24 15:25:00,10596.51,10288.98,10000,0.0,0.0
2022-12-24 15:30:00,10520.29,10288.98,10000,0.0,0.0
2022-12-24 15:35:00,10482.75,10288.98,10000,0.0,0.0
2022-12-24 15:40:00,10476.46,10288.98,10000,0.0,0.0
2022-12-24 15:45:00,10427.83,10288.98,10000,0.0,0.0
2022-12-24 15:50:00,10317.95,10288.98,10000,0.0,0.0
2022-12-24 15:55:00,10288.98,10288.98,10000,0.0,0.0
2022-12-24 16:00:00,10253.28,7529.71,10000,0.0,2470.29
2022-12-24 16:05:00,9933.2,7529.71,10000,66.79999999999927,2470.29
2022-12-24 16:10:00,9750.57,7529.71,10000,249.4300000000003,2470.29
2022-12-24 16:15:00,9693.39,7529.71,10000,306.6100000000006,2470.29
2022-12-24 16:20:00,9514.68,7529.71,10000,485.3199999999997,2470.29
2022-12-24 16:25:00,9123.4,7529.71,10000,876.6000000000004,2470.29
2022-12-24 16:30:00,8895.22,7529.71,10000,1104.7800000000007,2470.29
2022-12-24 16:35:00,8635.15,7529.71,10000,1364.8500000000004,2470.29
2022-12-24 16:40:00,8367.82,7529.71,10000,1632.1800000000003,2470.29
2022-12-24 16:45:00,8101.45,7529.71,10000,1898.5500000000002,2470.29
2022-12-24 16:50:00,7794.19,7529.71,10000,2205.8100000000004,2470.29
2022-12-24 16:55:00,7529.71,7529.71,10000,2470.29,2470.29
2022-12-24 17:00:00,7248.42,6483.43,10000,2751.58,3516.5699999999997
2022-12-24 17:05:00,7251.86,6483.43,10000,2748.1400000000003,3516.5699999999997
2022-12-24 17:10:00,6794.11,6483.43,10000,3205.8900000000003,3516.5699999999997
2022-12-24 17:15:00,6634.52,6483.43,10000,3365.4799999999996,3516.5699999999997
2022-12-24 17:20:00,6483.43,6483.43,10000,3516.5699999999997,3516.5699999999997
2022-12-24 17:25:00,6592.15,6483.43,10000,3407.8500000000004,3516.5699999999997
2022-12-24 17:30:00,6773.61,6483.43,10000,3226.3900000000003,3516.5699999999997
2022-12-24 17:35:00,6805.57,6483.43,10000,3194.4300000000003,3516.5699999999997
2022-12-24 17:40:00,6759.13,6483.43,10000,3240.87,3516.5699999999997
2022-12-24 17:45:00,6688.41,6483.43,10000,3311.59,3516.5699999999997
2022-12-24 17:50:00,6621.22,6483.43,10000,3378.7799999999997,3516.5699999999997
2022-12-24 17:55:00,6861.19,6483.43,10000,3138.8100000000004,3516.5699999999997
2022-12-24 18:00:00,6766.54,6024.76,10000,3233.46,3975.24
2022-12-24 18:05:00,6474.56,6024.76,10000,3525.4399999999996,3975.24
2022-12-24 18:10:00,6326.64,6024.76,10000,3673.3599999999997,3975.24
2022-12-24 18:15:00,6274.26,6024.76,10000,3725.74,3975.24
2022-12-24 18:20:00,6287.2,6024.76,10000,3712.8,3975.24
2022-12-24 18:25:00,6258.62,6024.76,10000,3741.38,3975.24
2022-12-24 18:30:00,6167.02,6024.76,10000,3832.9799999999996,3975.24
2022-12-24 18:35:00,6079.87,6024.76,10000,3920.13,3975.24
2022-12-24 18:40:00,6024.76,6024.76,10000,3975.24,3975.24
2022-12-24 18:45:00,6081.77,6024.76,10000,3918.2299999999996,3975.24
2022-12-24 18:50:00,6067.6,6024.76,10000,3932.3999999999996,3975.24
2022-12-24 18:55:00,6057.63,6024.76,10000,3942.37,3975.24
2022-12-24 19:00:00,6008.3,6008.3,10000,3991.7,3991.7
2022-12-24 19:05:00,6083.22,6008.3,10000,3916.7799999999997,3991.7
2022-12-24 19:10:00,6049.86,6008.3,10000,3950.1400000000003,3991.7
2022-12-24 19:15:00,6103.33,6008.3,10000,3896.67,3991.7
2022-12-24 19:20:00,6134.81,6008.3,10000,3865.1899999999996,3991.7
2022-12-24 19:25:00,6078.71,6008.3,10000,3921.29,3991.7
2022-12-24 19:30:00,6131.29,6008.3,10000,3868.71,3991.7
2022-12-24 19:35:00,6156.6,6008.3,10000,3843.3999999999996,3991.7
2022-12-24 19:40:00,6163.71,6008.3,10000,3836.29,3991.7
2022-12-24 19:45:00,6127.83,6008.3,10000,3872.17,3991.7
2022-12-24 19:50:00,6165.08,6008.3,10000,3834.92,3991.7
2022-12-24 19:55:00,6161.44,6008.3,10000,3838.5600000000004,3991.7
