event,shock_gw,retained_gw,grid_ree_mwh,execution_hold_ree_mwh,difference_mwh,difference_pct,grid_chi,execution_hold_chi,execution_segments,hours,max_hold_minutes
uri_2021,10.0,0.0,1634956.0066666666,1634839.346608333,-116.66005833353847,-0.0071353637564465075,0.5676930578703704,0.5676525509056712,3642,288.0,5.3
uri_2021,10.0,3.0,2445711.665,2445682.1344333333,-29.530566666740924,-0.0012074426879237592,0.8492054392361111,0.8491951855671296,3642,288.0,5.3
uri_2021,15.0,0.0,3074956.0066666664,3074839.3466083324,-116.66005833400413,-0.003793877313401525,0.7117953719135802,0.7117683672704473,3642,288.0,5.3
uri_2021,15.0,3.0,3885711.6650000005,3885682.1344333324,-29.530566668137908,-0.0007599783312315816,0.8994702928240742,0.8994634570447528,3642,288.0,5.3
elliott_2022,10.0,0.0,555605.7475,555550.0915277777,-55.65597222233191,-0.010017169993788069,0.2572248831018519,0.2571991164480452,2622,216.0,5.2
elliott_2022,10.0,3.0,1161589.2066666668,1161535.039372222,-54.16729444474913,-0.004663205730035089,0.5377727808641976,0.5377477034130658,2622,216.0,5.2
elliott_2022,15.0,0.0,1592885.7408333335,1592830.9948888887,-54.74594444478862,-0.0034369034163208565,0.4916314014917696,0.491614504595336,2622,216.0,5.2
elliott_2022,15.0,3.0,2240885.740833333,2240830.9948888873,-54.74594444595277,-0.002443049346442538,0.6916314014917695,0.6916145045953356,2622,216.0,5.2
january_2025,10.0,0.0,62003.09666666667,62002.55332222223,-0.5433444444424822,-0.0008763182383672593,0.04305770601851852,0.04305732869598766,1736,144.0,5.1000000000000005
january_2025,10.0,3.0,291665.2866666667,291612.84016111115,-52.446505555533804,-0.017981744126949514,0.20254533796296298,0.2025089167785494,1736,144.0,5.1000000000000005
january_2025,15.0,0.0,515482.0874999999,515427.1468749999,-54.94062499998836,-0.010658105554441476,0.2386491145833333,0.23862367910879625,1736,144.0,5.1000000000000005
january_2025,15.0,3.0,915495.6466666665,915438.7980638888,-56.848602777696215,-0.00620959837271568,0.4238405771604937,0.4238142583629115,1736,144.0,5.1000000000000005
february_2022,10.0,0.0,248157.60916666663,248136.13966666666,-21.469499999977415,-0.008651558206123011,0.20679800763888886,0.20678011638888888,1448,120.0,5.2
february_2022,10.0,3.0,596726.46,596705.2884527777,-21.171547222300433,-0.0035479484556961718,0.49727204999999997,0.4972544070439814,1448,120.0,5.2
february_2022,15.0,0.0,836726.46,836705.2884527775,-21.171547222416848,-0.0025302829818979133,0.4648480333333333,0.4648362713626542,1448,120.0,5.2
february_2022,15.0,3.0,1196726.46,1196705.2884527782,-21.171547221718356,-0.0017691216772894246,0.6648480333333333,0.6648362713626546,1448,120.0,5.2
july_2022,10.0,0.0,634650.48375,634618.7142972223,-31.769452777691185,-0.005005818728754918,0.528875403125,0.5288489285810186,1485,120.0,10.516666666666667
july_2022,10.0,3.0,993626.3329166668,993591.0854972223,-35.24741944449488,-0.0035473515824636466,0.8280219440972223,0.8279925712476852,1485,120.0,10.516666666666667
july_2022,15.0,0.0,1234650.48375,1234618.7142972224,-31.769452777458355,-0.0025731535520048636,0.6859169354166667,0.6858992857206792,1485,120.0,10.516666666666667
july_2022,15.0,3.0,1593626.3329166668,1593591.0854972226,-35.247419444145635,-0.0022117744113600048,0.8853479627314815,0.8853283808317903,1485,120.0,10.516666666666667
