event,shock_gw,retained_gw,ree_mwh,ree_gwh,stress_gwh,chi,hourly_min_gwh,overstatement_pct,incidence,mean_depth_mw,risk_hours
january_2025,10.0,0.0,62003.096666666665,62.003096666666664,1440.0,0.043057706018518514,85.33610999999999,37.63201289569997,0.32002314814814814,1345.4559855334537,46.08333333333333
january_2025,10.0,3.0,291665.2866666666,291.66528666666665,1440.0,0.20254533796296292,346.77189999999996,18.89378539459605,0.7129629629629629,2840.8956493506494,102.66666666666666
january_2025,15.0,0.0,515482.0874999999,515.4820874999999,2160.0,0.2386491145833333,580.551,12.622924070082275,0.8223379629629629,4353.121076706545,118.41666666666666
january_2025,15.0,3.0,915495.6466666665,915.4956466666665,2160.0,0.4238405771604937,991.2374299999999,8.273308956641179,1.0,6357.608657407406,144.0
elliott_2022,10.0,0.0,555605.7475,555.6057475,2160.0,0.2572248831018519,612.4494299999999,10.23093853074295,0.84375,3048.5912071330595,182.25
elliott_2022,10.0,3.0,1161589.2066666665,1161.5892066666665,2160.0,0.5377727808641974,1226.2296099999999,5.564824721368367,0.9837962962962963,5466.302149019608,212.5
elliott_2022,15.0,0.0,1592885.7408333332,1592.8857408333333,3240.0,0.49163140149176954,1657.9226199999996,4.082959467804748,1.0,7374.471022376543,216.0
elliott_2022,15.0,3.0,2240885.740833333,2240.8857408333333,3240.0,0.6916314014917695,2305.92262,2.9022844842807816,1.0,10374.471022376543,216.0
uri_2021,10.0,0.0,1634956.0066666664,1634.9560066666663,2880.0,0.5676930578703703,1703.71846,4.205767803717597,1.0,5676.930578703703,288.0
uri_2021,10.0,3.0,2445711.665,2445.711665,2880.0,0.8492054392361111,2493.83491,1.9676581540122084,1.0,8492.054392361111,288.0
uri_2021,15.0,0.0,3074956.0066666664,3074.9560066666663,4320.0,0.7117953719135802,3143.7184599999996,2.236209337117434,1.0,10676.930578703703,288.0
uri_2021,15.0,3.0,3885711.665,3885.711665,4320.0,0.8994702928240741,3933.83491,1.2384666992526272,1.0,13492.054392361113,288.0
february_2022,10.0,0.0,248157.60916666663,248.15760916666665,1200.0,0.20679800763888886,278.42695,12.197627521872167,0.8923611111111112,2317.4251439688715,107.08333333333333
february_2022,10.0,3.0,596726.46,596.72646,1200.0,0.49727204999999997,629.62867,5.5137843225520955,1.0,4972.720499999999,120.0
february_2022,15.0,0.0,836726.46,836.72646,1800.0,0.4648480333333333,869.6286699999999,3.9322540367612957,1.0,6972.720499999999,120.0
february_2022,15.0,3.0,1196726.46,1196.7264599999999,1800.0,0.6648480333333333,1229.6286699999998,2.7493509251897086,1.0,9972.7205,120.0
july_2022,10.0,0.0,634650.48375,634.65048375,1200.0,0.528875403125,663.3642600000001,4.524344814225478,1.0,5288.7540312500005,120.0
july_2022,10.0,3.0,993626.3329166668,993.6263329166668,1200.0,0.8280219440972223,1020.8985600000001,2.74471661829645,1.0,8280.219440972223,120.0
july_2022,15.0,0.0,1234650.48375,1234.65048375,1800.0,0.6859169354166667,1263.3642599999998,2.3256603085585414,1.0,10288.75403125,120.0
july_2022,15.0,3.0,1593626.3329166668,1593.6263329166668,1800.0,0.8853479627314815,1620.8985599999999,1.7113313529037333,1.0,13280.219440972223,120.0
