event,boundary_rule,horizon_h,shock_gw,retained_gw,intervals,ree_gwh,chi,instantaneous_chi,delta_chi
uri_2021,full_horizon,0,10,0,3456,1634.9560066666666,0.5676930578703703,0.5676930578703703,0.0
uri_2021,full_horizon,0,10,3,3456,2445.711665,0.8492054392361111,0.8492054392361111,0.0
uri_2021,full_horizon,0,15,0,3456,3074.9560066666663,0.7117953719135802,0.7117953719135802,0.0
uri_2021,full_horizon,0,15,3,3456,3885.711665,0.899470292824074,0.899470292824074,0.0
uri_2021,full_horizon,1,10,0,3456,1705.0529908333333,0.5920322884837963,0.5676930578703703,0.02433923061342602
uri_2021,full_horizon,1,10,3,3456,2494.6372125000003,0.8661934765625,0.8492054392361111,0.016988037326388872
uri_2021,full_horizon,1,15,0,3456,3145.0529908333333,0.7280215256558642,0.7117953719135802,0.016226153742283977
uri_2021,full_horizon,1,15,3,3456,3934.6372125,0.9107956510416666,0.899470292824074,0.011325358217592618
uri_2021,full_horizon,2,10,0,3456,1752.1013366666666,0.6083685196759259,0.5676930578703703,0.04067546180555559
uri_2021,full_horizon,2,10,3,3456,2527.7864216666667,0.8777036186342593,0.8492054392361111,0.028498179398148138
uri_2021,full_horizon,2,15,0,3456,3192.1013366666666,0.7389123464506173,0.7117953719135802,0.027116974537037097
uri_2021,full_horizon,2,15,3,3456,3967.7864216666667,0.9184690790895063,0.899470292824074,0.018998786265432277
uri_2021,full_horizon,4,10,0,3456,1824.99464,0.6336786944444445,0.5676930578703703,0.06598563657407419
uri_2021,full_horizon,4,10,3,3456,2581.1350516666666,0.8962274484953704,0.8492054392361111,0.047022009259259256
uri_2021,full_horizon,4,15,0,3456,3264.99464,0.7557857962962963,0.7117953719135802,0.043990424382716053
uri_2021,full_horizon,4,15,3,3456,4021.1350516666666,0.9308182989969135,0.899470292824074,0.031348006172839504
uri_2021,event_end_truncated,0,10,0,3456,1634.9560066666666,0.5676930578703703,0.5676930578703703,0.0
uri_2021,event_end_truncated,0,10,3,3456,2445.711665,0.8492054392361111,0.8492054392361111,0.0
uri_2021,event_end_truncated,0,15,0,3456,3074.9560066666663,0.7117953719135802,0.7117953719135802,0.0
uri_2021,event_end_truncated,0,15,3,3456,3885.711665,0.899470292824074,0.899470292824074,0.0
uri_2021,event_end_truncated,1,10,0,3456,1704.9824075000001,0.5920077803819445,0.5676930578703703,0.024314722511574183
uri_2021,event_end_truncated,1,10,3,3456,2494.5666291666666,0.8661689684606482,0.8492054392361111,0.016963529224537033
uri_2021,event_end_truncated,1,15,0,3456,3144.9824075,0.7280051869212963,0.7117953719135802,0.016209815007716122
uri_2021,event_end_truncated,1,15,3,3456,3934.5666291666666,0.9107793123070987,0.899470292824074,0.011309019483024763
uri_2021,event_end_truncated,2,10,0,3456,1751.8875558333334,0.6082942902199074,0.5676930578703703,0.040601232349537164
uri_2021,event_end_truncated,2,10,3,3456,2527.5726408333335,0.8776293891782407,0.8492054392361111,0.0284239499421296
uri_2021,event_end_truncated,2,15,0,3456,3191.8875558333334,0.738862860146605,0.7117953719135802,0.02706748823302474
uri_2021,event_end_truncated,2,15,3,3456,3967.572640833333,0.9184195927854938,0.899470292824074,0.018949299961419808
uri_2021,event_end_truncated,4,10,0,3456,1824.5130924999999,0.6335114904513889,0.5676930578703703,0.0658184325810186
uri_2021,event_end_truncated,4,10,3,3456,2580.6535041666666,0.8960602445023148,0.8492054392361111,0.04685480526620367
uri_2021,event_end_truncated,4,15,0,3456,3264.5130925,0.7556743269675926,0.7117953719135802,0.0438789550540124
uri_2021,event_end_truncated,4,15,3,3456,4020.6535041666666,0.9307068296682098,0.899470292824074,0.031236536844135854
elliott_2022,full_horizon,0,10,0,2592,555.6057475,0.2572248831018518,0.2572248831018518,0.0
elliott_2022,full_horizon,0,10,3,2592,1161.5892066666668,0.5377727808641976,0.5377727808641976,0.0
elliott_2022,full_horizon,0,15,0,2592,1592.8857408333333,0.49163140149176954,0.49163140149176954,0.0
elliott_2022,full_horizon,0,15,3,2592,2240.8857408333333,0.6916314014917696,0.6916314014917696,0.0
elliott_2022,full_horizon,1,10,0,2592,612.3146516666667,0.28347900540123455,0.2572248831018518,0.02625412229938273
elliott_2022,full_horizon,1,10,3,2592,1226.8265066666668,0.5679752345679012,0.5377727808641976,0.03020245370370367
elliott_2022,full_horizon,1,15,0,2592,1658.6148150000001,0.5119181527777779,0.49163140149176954,0.02028675128600832
elliott_2022,full_horizon,1,15,3,2592,2306.614815,0.7119181527777778,0.6916314014917696,0.02028675128600821
elliott_2022,full_horizon,2,10,0,2592,656.3439583333334,0.3038629436728395,0.2572248831018518,0.04663806057098768
elliott_2022,full_horizon,2,10,3,2592,1277.3726783333334,0.5913762399691358,0.5377727808641976,0.053603459104938245
elliott_2022,full_horizon,2,15,0,2592,1709.3709266666667,0.5275836193415638,0.49163140149176954,0.0359522178497943
elliott_2022,full_horizon,2,15,3,2592,2357.370926666667,0.7275836193415638,0.6916314014917696,0.03595221784979419
elliott_2022,full_horizon,4,10,0,2592,732.5178416666666,0.33912863040123453,0.2572248831018518,0.08190374729938271
elliott_2022,full_horizon,4,10,3,2592,1364.7184016666668,0.631814074845679,0.5377727808641976,0.09404129398148142
elliott_2022,full_horizon,4,15,0,2592,1796.7184016666668,0.5545427165637861,0.49163140149176954,0.06291131507201653
elliott_2022,full_horizon,4,15,3,2592,2444.7184016666665,0.754542716563786,0.6916314014917696,0.06291131507201642
elliott_2022,event_end_truncated,0,10,0,2592,555.6057475,0.2572248831018518,0.2572248831018518,0.0
elliott_2022,event_end_truncated,0,10,3,2592,1161.5892066666668,0.5377727808641976,0.5377727808641976,0.0
elliott_2022,event_end_truncated,0,15,0,2592,1592.8857408333333,0.49163140149176954,0.49163140149176954,0.0
elliott_2022,event_end_truncated,0,15,3,2592,2240.8857408333333,0.6916314014917696,0.6916314014917696,0.0
elliott_2022,event_end_truncated,1,10,0,2592,612.3146516666667,0.28347900540123455,0.2572248831018518,0.02625412229938273
elliott_2022,event_end_truncated,1,10,3,2592,1226.8265066666668,0.5679752345679012,0.5377727808641976,0.03020245370370367
elliott_2022,event_end_truncated,1,15,0,2592,1658.6148150000001,0.5119181527777779,0.49163140149176954,0.02028675128600832
elliott_2022,event_end_truncated,1,15,3,2592,2306.614815,0.7119181527777778,0.6916314014917696,0.02028675128600821
elliott_2022,event_end_truncated,2,10,0,2592,656.3439583333334,0.3038629436728395,0.2572248831018518,0.04663806057098768
elliott_2022,event_end_truncated,2,10,3,2592,1277.3726783333334,0.5913762399691358,0.5377727808641976,0.053603459104938245
elliott_2022,event_end_truncated,2,15,0,2592,1709.3709266666667,0.5275836193415638,0.49163140149176954,0.0359522178497943
elliott_2022,event_end_truncated,2,15,3,2592,2357.370926666667,0.7275836193415638,0.6916314014917696,0.03595221784979419
elliott_2022,event_end_truncated,4,10,0,2592,732.4363608333333,0.3390909077932099,0.2572248831018518,0.08186602469135806
elliott_2022,event_end_truncated,4,10,3,2592,1364.6369208333333,0.6317763522376544,0.5377727808641976,0.09400357137345683
elliott_2022,event_end_truncated,4,15,0,2592,1796.6369208333333,0.5545175681584362,0.49163140149176954,0.06288616666666669
elliott_2022,event_end_truncated,4,15,3,2592,2444.6369208333335,0.7545175681584362,0.6916314014917696,0.06288616666666658
january_2025,full_horizon,0,10,0,1728,62.00309666666667,0.04305770601851852,0.04305770601851852,0.0
january_2025,full_horizon,0,10,3,1728,291.66528666666665,0.20254533796296295,0.20254533796296295,0.0
january_2025,full_horizon,0,15,0,1728,515.4820875,0.23864911458333332,0.23864911458333332,0.0
january_2025,full_horizon,0,15,3,1728,915.4956466666666,0.42384057716049384,0.42384057716049384,0.0
january_2025,full_horizon,1,10,0,1728,86.24886416666666,0.059895044560185184,0.04305770601851852,0.016837338541666663
january_2025,full_horizon,1,10,3,1728,348.3281141666667,0.24189452372685186,0.20254533796296295,0.039349185763888905
january_2025,full_horizon,1,15,0,1728,583.1608091666667,0.269981856095679,0.23864911458333332,0.03133274151234566
january_2025,full_horizon,1,15,3,1728,993.0339408333334,0.4597379355709877,0.42384057716049384,0.03589735841049385
january_2025,full_horizon,2,10,0,1728,108.95991416666666,0.07566660706018519,0.04305770601851852,0.032608901041666666
january_2025,full_horizon,2,10,3,1728,398.3814125,0.2766537586805556,0.20254533796296295,0.07410842071759263
january_2025,full_horizon,2,15,0,1728,643.1877900000001,0.297772125,0.23864911458333332,0.05912301041666668
january_2025,full_horizon,2,15,3,1728,1060.0785841666666,0.4907771222993827,0.42384057716049384,0.06693654513888886
january_2025,full_horizon,4,10,0,1728,152.05265749999998,0.10559212326388888,0.04305770601851852,0.06253441724537036
january_2025,full_horizon,4,10,3,1728,490.66126499999996,0.3407369895833333,0.20254533796296295,0.13819165162037036
january_2025,full_horizon,4,15,0,1728,754.8006875,0.3494447627314815,0.23864911458333332,0.11079564814814818
january_2025,full_horizon,4,15,3,1728,1180.7973958333334,0.5466654610339506,0.42384057716049384,0.1228248838734568
january_2025,event_end_truncated,0,10,0,1728,62.00309666666667,0.04305770601851852,0.04305770601851852,0.0
january_2025,event_end_truncated,0,10,3,1728,291.66528666666665,0.20254533796296295,0.20254533796296295,0.0
january_2025,event_end_truncated,0,15,0,1728,515.4820875,0.23864911458333332,0.23864911458333332,0.0
january_2025,event_end_truncated,0,15,3,1728,915.4956466666666,0.42384057716049384,0.42384057716049384,0.0
january_2025,event_end_truncated,1,10,0,1728,85.95168249999999,0.05968866840277778,0.04305770601851852,0.016630962384259255
january_2025,event_end_truncated,1,10,3,1728,348.0309325,0.24168814756944443,0.20254533796296295,0.03914280960648148
january_2025,event_end_truncated,1,15,0,1728,582.8636275,0.26984427199074074,0.23864911458333332,0.031195157407407414
january_2025,event_end_truncated,1,15,3,1728,992.7367591666666,0.4596003514660494,0.42384057716049384,0.03575977430555555
january_2025,event_end_truncated,2,10,0,1728,108.22994999999999,0.07515968749999999,0.04305770601851852,0.03210198148148147
january_2025,event_end_truncated,2,10,3,1728,397.65144833333335,0.27614683912037036,0.20254533796296295,0.0736015011574074
january_2025,event_end_truncated,2,15,0,1728,642.4578258333333,0.2974341786265432,0.23864911458333332,0.05878506404320988
january_2025,event_end_truncated,2,15,3,1728,1059.34862,0.4904391759259259,0.42384057716049384,0.06659859876543206
january_2025,event_end_truncated,4,10,0,1728,151.22864916666666,0.10501989525462962,0.04305770601851852,0.061962189236111104
january_2025,event_end_truncated,4,10,3,1728,489.8372566666667,0.3401647615740741,0.20254533796296295,0.13761942361111115
january_2025,event_end_truncated,4,15,0,1728,753.9766791666667,0.34906327739197535,0.23864911458333332,0.11041416280864202
january_2025,event_end_truncated,4,15,3,1728,1179.9733875,0.5462839756944444,0.42384057716049384,0.12244339853395059
february_2022,full_horizon,0,10,0,1440,248.15760916666667,0.2067980076388889,0.2067980076388889,0.0
february_2022,full_horizon,0,10,3,1440,596.72646,0.49727204999999997,0.49727204999999997,0.0
february_2022,full_horizon,0,15,0,1440,836.72646,0.4648480333333333,0.4648480333333333,0.0
february_2022,full_horizon,0,15,3,1440,1196.7264599999999,0.6648480333333333,0.6648480333333333,0.0
february_2022,full_horizon,1,10,0,1440,279.1485675,0.23262380625,0.2067980076388889,0.025825798611111117
february_2022,full_horizon,1,10,3,1440,630.41094,0.52534245,0.49727204999999997,0.02807040000000005
february_2022,full_horizon,1,15,0,1440,870.41094,0.4835616333333333,0.4648480333333333,0.018713599999999997
february_2022,full_horizon,1,15,3,1440,1230.41094,0.6835616333333333,0.6648480333333333,0.018713599999999997
february_2022,full_horizon,2,10,0,1440,303.33957083333337,0.25278297569444447,0.2067980076388889,0.045984968055555575
february_2022,full_horizon,2,10,3,1440,656.1424666666667,0.5467853888888888,0.49727204999999997,0.04951333888888887
february_2022,full_horizon,2,15,0,1440,896.1424666666667,0.4978569259259259,0.4648480333333333,0.0330088925925926
february_2022,full_horizon,2,15,3,1440,1256.1424666666667,0.697856925925926,0.6648480333333333,0.033008892592592654
february_2022,full_horizon,4,10,0,1440,344.0009933333333,0.28666749444444445,0.2067980076388889,0.07986948680555556
february_2022,full_horizon,4,10,3,1440,699.3401991666667,0.5827834993055556,0.49727204999999997,0.08551144930555565
february_2022,full_horizon,4,15,0,1440,939.3401991666667,0.5218556662037037,0.4648480333333333,0.05700763287037042
february_2022,full_horizon,4,15,3,1440,1299.3401991666667,0.7218556662037038,0.6648480333333333,0.05700763287037047
february_2022,event_end_truncated,0,10,0,1440,248.15760916666667,0.2067980076388889,0.2067980076388889,0.0
february_2022,event_end_truncated,0,10,3,1440,596.72646,0.49727204999999997,0.49727204999999997,0.0
february_2022,event_end_truncated,0,15,0,1440,836.72646,0.4648480333333333,0.4648480333333333,0.0
february_2022,event_end_truncated,0,15,3,1440,1196.7264599999999,0.6648480333333333,0.6648480333333333,0.0
february_2022,event_end_truncated,1,10,0,1440,278.79942833333337,0.23233285694444444,0.2067980076388889,0.02553484930555555
february_2022,event_end_truncated,1,10,3,1440,630.0618008333333,0.5250515006944445,0.49727204999999997,0.02777945069444454
february_2022,event_end_truncated,1,15,0,1440,870.0618008333333,0.4833676671296296,0.4648480333333333,0.018519633796296286
february_2022,event_end_truncated,1,15,3,1440,1230.0618008333333,0.6833676671296296,0.6648480333333333,0.018519633796296286
february_2022,event_end_truncated,2,10,0,1440,302.3815616666667,0.2519846347222222,0.2067980076388889,0.04518662708333332
february_2022,event_end_truncated,2,10,3,1440,655.1844575,0.5459870479166666,0.49727204999999997,0.04871499791666667
february_2022,event_end_truncated,2,15,0,1440,895.1844575,0.4973246986111111,0.4648480333333333,0.032476665277777816
february_2022,event_end_truncated,2,15,3,1440,1255.1844575,0.6973246986111111,0.6648480333333333,0.032476665277777816
february_2022,event_end_truncated,4,10,0,1440,341.50341833333334,0.28458618194444446,0.2067980076388889,0.07778817430555557
february_2022,event_end_truncated,4,10,3,1440,696.8426241666667,0.5807021868055555,0.49727204999999997,0.08343013680555555
february_2022,event_end_truncated,4,15,0,1440,936.8426241666667,0.5204681245370371,0.4648480333333333,0.05562009120370376
february_2022,event_end_truncated,4,15,3,1440,1296.8426241666666,0.720468124537037,0.6648480333333333,0.0556200912037037
july_2022,full_horizon,0,10,0,1440,634.6504837499999,0.528875403125,0.528875403125,0.0
july_2022,full_horizon,0,10,3,1440,993.6263329166666,0.8280219440972222,0.8280219440972222,0.0
july_2022,full_horizon,0,15,0,1440,1234.65048375,0.6859169354166667,0.6859169354166667,0.0
july_2022,full_horizon,0,15,3,1440,1593.6263329166668,0.8853479627314815,0.8853479627314815,0.0
july_2022,full_horizon,1,10,0,1440,663.6271241666667,0.5530226034722222,0.528875403125,0.024147200347222175
july_2022,full_horizon,1,10,3,1440,1021.2511199999999,0.8510426,0.8280219440972222,0.023020655902777798
july_2022,full_horizon,1,15,0,1440,1263.6271241666666,0.7020150689814815,0.6859169354166667,0.01609813356481482
july_2022,full_horizon,1,15,3,1440,1621.2511200000001,0.9006950666666668,0.8853479627314815,0.015347103935185236
july_2022,full_horizon,2,10,0,1440,683.33174,0.5694431166666667,0.528875403125,0.04056771354166666
july_2022,full_horizon,2,10,3,1440,1040.0849258333333,0.8667374381944444,0.8280219440972222,0.03871549409722219
july_2022,full_horizon,2,15,0,1440,1283.33174,0.7129620777777779,0.6859169354166667,0.02704514236111122
july_2022,full_horizon,2,15,3,1440,1640.0849258333333,0.9111582921296296,0.8853479627314815,0.02581032939814809
july_2022,full_horizon,4,10,0,1440,714.595795,0.5954964958333333,0.528875403125,0.06662109270833327
july_2022,full_horizon,4,10,3,1440,1069.7755008333334,0.8914795840277777,0.8280219440972222,0.06345763993055553
july_2022,full_horizon,4,15,0,1440,1314.595795,0.7303309972222222,0.6859169354166667,0.044414061805555516
july_2022,full_horizon,4,15,3,1440,1669.7755008333336,0.9276530560185186,0.8853479627314815,0.04230509328703702
july_2022,event_end_truncated,0,10,0,1440,634.6504837499999,0.528875403125,0.528875403125,0.0
july_2022,event_end_truncated,0,10,3,1440,993.6263329166666,0.8280219440972222,0.8280219440972222,0.0
july_2022,event_end_truncated,0,15,0,1440,1234.65048375,0.6859169354166667,0.6859169354166667,0.0
july_2022,event_end_truncated,0,15,3,1440,1593.6263329166668,0.8853479627314815,0.8853479627314815,0.0
july_2022,event_end_truncated,1,10,0,1440,662.7398033333333,0.5522831694444444,0.528875403125,0.023407766319444412
july_2022,event_end_truncated,1,10,3,1440,1020.3637991666667,0.8503031659722222,0.8280219440972222,0.022281221875000035
july_2022,event_end_truncated,1,15,0,1440,1262.7398033333334,0.701522112962963,0.6859169354166667,0.015605177546296312
july_2022,event_end_truncated,1,15,3,1440,1620.3637991666667,0.9002021106481481,0.8853479627314815,0.014854147916666616
july_2022,event_end_truncated,2,10,0,1440,681.0780166666667,0.5675650138888889,0.528875403125,0.03868961076388888
july_2022,event_end_truncated,2,10,3,1440,1037.8312025,0.8648593354166666,0.8280219440972222,0.03683739131944441
july_2022,event_end_truncated,2,15,0,1440,1281.0780166666666,0.7117100092592592,0.6859169354166667,0.02579307384259255
july_2022,event_end_truncated,2,15,3,1440,1637.8312025,0.9099062236111111,0.8853479627314815,0.024558260879629534
july_2022,event_end_truncated,4,10,0,1440,710.4918641666666,0.5920765534722222,0.528875403125,0.06320115034722218
july_2022,event_end_truncated,4,10,3,1440,1065.67157,0.8880596416666666,0.8280219440972222,0.06003769756944444
july_2022,event_end_truncated,4,15,0,1440,1310.4918641666666,0.7280510356481481,0.6859169354166667,0.04213410023148145
july_2022,event_end_truncated,4,15,3,1440,1665.67157,0.9253730944444445,0.8853479627314815,0.04002513171296296
