time,prc_mw,hourly_min_prc_mw,shock_mw,native_residual_mw,hourly_residual_mw
2022-12-20 08:00:00,5345.18,5345.18,10000.0,4654.82,4654.82
2022-12-20 08:05:00,5370.34,5345.18,10000.0,4629.66,4654.82
2022-12-20 08:10:00,5489.57,5345.18,10000.0,4510.43,4654.82
2022-12-20 08:15:00,5643.42,5345.18,10000.0,4356.58,4654.82
2022-12-20 08:20:00,5708.3,5345.18,10000.0,4291.7,4654.82
2022-12-20 08:25:00,5684.44,5345.18,10000.0,4315.56,4654.82
2022-12-20 08:30:00,5652.73,5345.18,10000.0,4347.27,4654.82
2022-12-20 08:35:00,5597.3,5345.18,10000.0,4402.7,4654.82
2022-12-20 08:40:00,5753.69,5345.18,10000.0,4246.31,4654.82
2022-12-20 08:45:00,5837.03,5345.18,10000.0,4162.97,4654.82
2022-12-20 08:50:00,5760.2,5345.18,10000.0,4239.8,4654.82
2022-12-20 08:55:00,5624.46,5345.18,10000.0,4375.54,4654.82
2022-12-20 09:00:00,5713.06,5713.06,10000.0,4286.94,4286.94
2022-12-20 09:05:00,5913.87,5713.06,10000.0,4086.13,4286.94
2022-12-20 09:10:00,6022.6,5713.06,10000.0,3977.3999999999996,4286.94
2022-12-20 09:15:00,6068.03,5713.06,10000.0,3931.9700000000003,4286.94
2022-12-20 09:20:00,6083.82,5713.06,10000.0,3916.1800000000003,4286.94
2022-12-20 09:25:00,6124.48,5713.06,10000.0,3875.5200000000004,4286.94
2022-12-20 09:30:00,6264.26,5713.06,10000.0,3735.74,4286.94
2022-12-20 09:35:00,6146.4,5713.06,10000.0,3853.6000000000004,4286.94
2022-12-20 09:40:00,6114.09,5713.06,10000.0,3885.91,4286.94
2022-12-20 09:45:00,6249.48,5713.06,10000.0,3750.5200000000004,4286.94
2022-12-20 09:50:00,6346.32,5713.06,10000.0,3653.6800000000003,4286.94
2022-12-20 09:55:00,6341.24,5713.06,10000.0,3658.76,4286.94
2022-12-20 10:00:00,6291.63,5657.68,10000.0,3708.37,4342.32
2022-12-20 10:05:00,5997.3,5657.68,10000.0,4002.7,4342.32
2022-12-20 10:10:00,5912.98,5657.68,10000.0,4087.0200000000004,4342.32
2022-12-20 10:15:00,5952.45,5657.68,10000.0,4047.55,4342.32
2022-12-20 10:20:00,6004.74,5657.68,10000.0,3995.26,4342.32
2022-12-20 10:25:00,5938.1,5657.68,10000.0,4061.8999999999996,4342.32
2022-12-20 10:30:00,5865.38,5657.68,10000.0,4134.62,4342.32
2022-12-20 10:35:00,5872.93,5657.68,10000.0,4127.07,4342.32
2022-12-20 10:40:00,5827.9,5657.68,10000.0,4172.1,4342.32
2022-12-20 10:45:00,5683.82,5657.68,10000.0,4316.18,4342.32
2022-12-20 10:50:00,5657.68,5657.68,10000.0,4342.32,4342.32
2022-12-20 10:55:00,5788.19,5657.68,10000.0,4211.81,4342.32
2022-12-20 11:00:00,5820.25,5776.09,10000.0,4179.75,4223.91
2022-12-20 11:05:00,5980.04,5776.09,10000.0,4019.96,4223.91
2022-12-20 11:10:00,5912.45,5776.09,10000.0,4087.55,4223.91
2022-12-20 11:15:00,5871.89,5776.09,10000.0,4128.11,4223.91
2022-12-20 11:20:00,5830.25,5776.09,10000.0,4169.75,4223.91
2022-12-20 11:25:00,5884.3,5776.09,10000.0,4115.7,4223.91
2022-12-20 11:30:00,6060.89,5776.09,10000.0,3939.1099999999997,4223.91
2022-12-20 11:35:00,5864.09,5776.09,10000.0,4135.91,4223.91
2022-12-20 11:40:00,5920.04,5776.09,10000.0,4079.96,4223.91
2022-12-20 11:45:00,6075.67,5776.09,10000.0,3924.33,4223.91
2022-12-20 11:50:00,5776.09,5776.09,10000.0,4223.91,4223.91
2022-12-20 11:55:00,5838.48,5776.09,10000.0,4161.52,4223.91
2022-12-20 12:00:00,5922.66,5860.3,10000.0,4077.34,4139.7
2022-12-20 12:05:00,5932.93,5860.3,10000.0,4067.0699999999997,4139.7
2022-12-20 12:10:00,5942.1,5860.3,10000.0,4057.8999999999996,4139.7
2022-12-20 12:15:00,5916.58,5860.3,10000.0,4083.42,4139.7
2022-12-20 12:20:00,5976.86,5860.3,10000.0,4023.1400000000003,4139.7
2022-12-20 12:25:00,5914.14,5860.3,10000.0,4085.8599999999997,4139.7
2022-12-20 12:30:00,5904.92,5860.3,10000.0,4095.08,4139.7
2022-12-20 12:35:00,5950.65,5860.3,10000.0,4049.3500000000004,4139.7
2022-12-20 12:40:00,5860.3,5860.3,10000.0,4139.7,4139.7
2022-12-20 12:45:00,5993.83,5860.3,10000.0,4006.17,4139.7
2022-12-20 12:50:00,6165.23,5860.3,10000.0,3834.7700000000004,4139.7
2022-12-20 12:55:00,6153.66,5860.3,10000.0,3846.34,4139.7
2022-12-20 13:00:00,6167.69,5915.25,10000.0,3832.3100000000004,4084.75
2022-12-20 13:05:00,6275.64,5915.25,10000.0,3724.3599999999997,4084.75
2022-12-20 13:10:00,6268.55,5915.25,10000.0,3731.45,4084.75
2022-12-20 13:15:00,6173.92,5915.25,10000.0,3826.08,4084.75
2022-12-20 13:20:00,6152.77,5915.25,10000.0,3847.2299999999996,4084.75
2022-12-20 13:25:00,5915.25,5915.25,10000.0,4084.75,4084.75
2022-12-20 13:30:00,6043.13,5915.25,10000.0,3956.87,4084.75
2022-12-20 13:35:00,6178.37,5915.25,10000.0,3821.63,4084.75
2022-12-20 13:40:00,6226.86,5915.25,10000.0,3773.1400000000003,4084.75
2022-12-20 13:45:00,6225.11,5915.25,10000.0,3774.8900000000003,4084.75
2022-12-20 13:50:00,6418.62,5915.25,10000.0,3581.38,4084.75
2022-12-20 13:55:00,6447.87,5915.25,10000.0,3552.13,4084.75
