statistic,date,min_prc_mw,min_slot,slots_below_3500_mw
annual_lowest_rank_1,2022-07-13,2524.47,2022-07-13 15:25:00,117
annual_lowest_rank_2,2022-08-28,2628.49,2022-08-28 13:10:00,51
annual_lowest_rank_3,2022-09-03,2639.33,2022-09-03 12:35:00,90
annual_lowest_rank_4,2022-08-21,2800.74,2022-08-21 13:55:00,110
annual_lowest_rank_5,2022-08-24,2832.0,2022-08-24 13:25:00,72
winter_lowest_rank_1,2022-01-31,3098.5,2022-01-31 07:20:00,20
winter_lowest_rank_2,2022-01-30,3113.68,2022-01-30 07:10:00,16
winter_lowest_rank_3,2022-02-13,3140.01,2022-02-13 07:50:00,30
february_2022_window_minimum,2022-02-06,4500.22,2022-02-06 07:45:00,0
july_2022_window_minimum,2022-07-13,2524.47,2022-07-13 15:25:00,117
elliott_2022_window_minimum,2022-12-23,4072.63,2022-12-23 20:35:00,0
