event,factor,chi_min,chi_max,central_chi
january_2025,shock_10_to_20_GW,0.20254533796296292,0.5678804328703703,0.4238405771604937
january_2025,retained_0_to_3_GW,0.2386491145833333,0.4238405771604937,0.4238405771604937
january_2025,nine_event_windows,0.3776718969907407,0.4687756037808642,0.4238405771604937
january_2025,three_buffer_definitions,0.015225833719135799,0.4238405771604937,0.4238405771604937
january_2025,joint_at_15_GW,0.0024269285300925923,0.4687756037808642,0.4238405771604937
elliott_2022,shock_10_to_20_GW,0.5377727808641974,0.7687235511188272,0.6916314014917695
elliott_2022,retained_0_to_3_GW,0.49163140149176954,0.6916314014917695,0.6916314014917695
elliott_2022,nine_event_windows,0.6744166564153439,0.7074658207070705,0.6916314014917695
elliott_2022,three_buffer_definitions,0.1093163063271605,0.6916314014917695,0.6916314014917695
elliott_2022,joint_at_15_GW,0.04679735332491582,0.7074658207070705,0.6916314014917695
uri_2021,shock_10_to_20_GW,0.8492054392361111,0.9246027196180555,0.8994702928240741
uri_2021,retained_0_to_3_GW,0.7117953719135802,0.8994702928240741,0.8994702928240741
uri_2021,nine_event_windows,0.8881900520833332,0.9154861792052468,0.8994702928240741
uri_2021,three_buffer_definitions,0.5488120561342593,0.8994702928240741,0.8994702928240741
uri_2021,joint_at_15_GW,0.35723004976851847,0.9154861792052468,0.8994702928240741
february_2022,shock_10_to_20_GW,0.49727204999999997,0.748636025,0.6648480333333333
february_2022,retained_0_to_3_GW,0.4648480333333333,0.6648480333333333,0.6648480333333333
february_2022,nine_event_windows,0.651733462962963,0.7050581185185185,0.6648480333333333
february_2022,three_buffer_definitions,0.01609529351851852,0.6648480333333333,0.6648480333333333
february_2022,joint_at_15_GW,0.00308983912037037,0.7050581185185185,0.6648480333333333
july_2022,shock_10_to_20_GW,0.8280219440972223,0.9140109720486111,0.8853479627314815
july_2022,retained_0_to_3_GW,0.6859169354166667,0.8853479627314815,0.8853479627314815
july_2022,nine_event_windows,0.8787968012152778,0.8982279071180554,0.8853479627314815
july_2022,three_buffer_definitions,0.3083085893518518,0.8853479627314815,0.8853479627314815
july_2022,joint_at_15_GW,0.1751418310185185,0.8982279071180554,0.8853479627314815
