event,alpha,retained_gw,shock_gwh,mean_shock_gw,ree_gwh,chi_wind,chi_constant,delta_chi,pearson,spearman
january_2025,0.5,0.0,1063.6884791405,7.386725549586806,34.796354298375,0.03271291828458248,0.0017432405426080582,0.030969677741974424,-0.0072974995336783,0.03240975728039474
january_2025,1.0,0.0,2127.376958281,14.773451099173611,668.9767733124166,0.3144608531686715,0.22982172292849956,0.08463913024017194,-0.0072974995336783,0.03240975728039474
january_2025,0.5,3.0,1063.6884791405,7.386725549586806,125.60070605012501,0.11808034825348025,0.07618570808569085,0.041894640167789404,-0.007297499533678267,0.03240975728039474
january_2025,1.0,3.0,2127.376958281,14.773451099173611,980.899679253583,0.4610840948687282,0.4150187254791728,0.04606536938955541,-0.007297499533678267,0.03240975728039474
elliott_2022,0.5,0.0,1386.2788067469999,6.417957438643519,184.45458399704168,0.13305734971876057,0.05205775683070863,0.08099959288805195,0.43027491966252884,0.457070673176785
elliott_2022,1.0,0.0,2772.5576134939997,12.835914877287038,1273.8048247534998,0.4594331308225695,0.4064584182602794,0.05297471256229008,0.43027491966252884,0.457070673176785
elliott_2022,0.5,3.0,1386.2788067469999,6.417957438643519,504.662106695625,0.3640408439048779,0.32766390621380487,0.03637693769107303,0.43027491966252884,0.457070673176785
elliott_2022,1.0,3.0,2772.5576134939997,12.835914877287038,1818.5830911861663,0.6559225612968861,0.6396416599950923,0.016280901301793826,0.43027491966252884,0.457070673176785
uri_2021,0.5,0.0,834.8215224989999,2.898685842010417,22.507425351625002,0.026960763163184936,0.05607984365727605,-0.029119080494091114,0.7129932244112553,0.6591615757698843
uri_2021,1.0,0.0,1669.6430449979998,5.797371684020834,499.59936621225,0.29922525518791265,0.30040669276401877,-0.0011814375761061147,0.7129932244112553,0.6591615757698843
uri_2021,0.5,3.0,834.8215224989999,2.898685842010417,423.90410285416664,0.5077781195497082,0.5660830799722268,-0.05830496042251865,0.7239517989256876,0.6627795660066522
uri_2021,1.0,3.0,1669.6430449979998,5.797371684020834,1235.40748904225,0.7399231187428628,0.7405152667322136,-0.0005921479893508108,0.7239517989256876,0.6627795660066522
february_2022,0.5,0.0,820.5352044745,6.837793370620834,34.867059813999994,0.04249306991810315,0.031380901163064905,0.011112168755038246,0.5218171976202929,0.49382559608930354
february_2022,1.0,0.0,1641.070408949,13.675586741241668,685.60280348475,0.41777781120545243,0.41302119961025036,0.004756611595202076,0.5218171976202929,0.49382559608930354
february_2022,0.5,3.0,820.5352044745,6.837793370620834,241.06477229512498,0.2937896765191342,0.2814937188022099,0.012295957716924266,0.5218171976202929,0.49382559608930354
february_2022,1.0,3.0,1641.070408949,13.675586741241668,1037.7968689489999,0.6323902151240677,0.6323902151240678,-1.1102230246251565e-16,0.5218171976202929,0.49382559608930354
july_2022,0.5,0.0,421.87937867499994,3.515661488958333,39.71769874583333,0.0941446791511238,0.018565690761314493,0.07557898838980931,0.38842895207746786,0.34352173034471317
july_2022,1.0,0.0,843.7587573499999,7.031322977916666,349.61573927499995,0.4143550940710127,0.33111407439333435,0.08324101967767833,0.38842895207746786,0.34352173034471317
july_2022,0.5,3.0,421.87937867499994,3.515661488958333,229.3981671809167,0.543752974846482,0.5225176940778826,0.021235280768599374,0.3902210533888129,0.3440402285753545
july_2022,1.0,3.0,843.7587573499999,7.031322977916666,639.1008646128333,0.7574450149946447,0.7554115257641972,0.0020334892304474383,0.3902210533888129,0.3440402285753545
