event,start_shift_h,end_shift_h,start,end_exclusive,hours,ree_mwh,ree_gwh,stress_gwh,chi,hourly_min_gwh,overstatement_pct,incidence,mean_depth_mw,risk_hours
january_2025,-24,-24,2025-01-18 00:00:00,2025-01-24 00:00:00,144.0,815771.2975,815.7712975,2160.0,0.3776718969907407,889.2692300000001,9.009624722669308,1.0,5665.078454861111,144.0
january_2025,-24,0,2025-01-18 00:00:00,2025-01-25 00:00:00,168.0,1005996.3874999998,1005.9963874999999,2520.0,0.3992049156746031,1090.94275,8.444002737534696,1.0,5988.073735119046,168.0
january_2025,-24,24,2025-01-18 00:00:00,2025-01-26 00:00:00,192.0,1211948.1466666667,1211.9481466666666,2880.0,0.42081532870370375,1307.1256899999998,7.853268606838415,1.0,6312.229930555556,192.0
january_2025,0,-24,2025-01-19 00:00:00,2025-01-24 00:00:00,120.0,725270.5566666666,725.2705566666666,1800.0,0.40292808703703703,789.5639100000002,8.864740577478415,1.0,6043.921305555556,120.0
january_2025,0,0,2025-01-19 00:00:00,2025-01-25 00:00:00,144.0,915495.6466666665,915.4956466666665,2160.0,0.4238405771604937,991.2374299999999,8.273308956641179,1.0,6357.608657407406,144.0
january_2025,0,24,2025-01-19 00:00:00,2025-01-26 00:00:00,168.0,1121447.4058333333,1121.4474058333333,2520.0,0.4450188118386243,1207.42037,7.6662502155222745,1.0,6675.282177579365,168.0
january_2025,24,-24,2025-01-20 00:00:00,2025-01-24 00:00:00,96.0,616378.455,616.3784549999999,1440.0,0.42804059375,665.866,8.028759700888655,1.0,6420.60890625,96.0
january_2025,24,0,2025-01-20 00:00:00,2025-01-25 00:00:00,120.0,806603.5449999999,806.6035449999999,1800.0,0.4481130805555555,867.53952,7.554637637998485,1.0,6721.696208333333,120.0
january_2025,24,24,2025-01-20 00:00:00,2025-01-26 00:00:00,144.0,1012555.3041666667,1012.5553041666667,2160.0,0.4687756037808642,1083.72246,7.028470992199676,1.0,7031.634056712963,144.0
elliott_2022,-24,-24,2022-12-19 00:00:00,2022-12-28 00:00:00,216.0,2265937.4074999997,2265.9374074999996,3240.0,0.6993633973765432,2331.3777299999997,2.888002214156482,1.0,10490.450960648148,216.0
elliott_2022,-24,0,2022-12-19 00:00:00,2022-12-29 00:00:00,240.0,2524839.5791666666,2524.8395791666667,3600.0,0.7013443275462963,2596.72217,2.847016160015148,1.0,10520.164913194445,240.0
elliott_2022,-24,24,2022-12-19 00:00:00,2022-12-30 00:00:00,264.0,2801564.6499999994,2801.5646499999993,3960.0,0.7074658207070705,2879.22918,2.772184107905562,1.0,10611.98731060606,264.0
elliott_2022,0,-24,2022-12-20 00:00:00,2022-12-28 00:00:00,192.0,1981983.5691666664,1981.9835691666663,2880.0,0.6881887392939814,2040.57818,2.9563620882069097,1.0,10322.831089409721,192.0
elliott_2022,0,0,2022-12-20 00:00:00,2022-12-29 00:00:00,216.0,2240885.740833333,2240.8857408333333,3240.0,0.6916314014917695,2305.92262,2.9022844842807816,1.0,10374.471022376543,216.0
elliott_2022,0,24,2022-12-20 00:00:00,2022-12-30 00:00:00,240.0,2517610.8116666665,2517.6108116666665,3600.0,0.699336336574074,2588.42963,2.812937488398015,1.0,10490.045048611111,240.0
elliott_2022,24,-24,2022-12-21 00:00:00,2022-12-28 00:00:00,168.0,1699529.9741666666,1699.5299741666665,2520.0,0.6744166564153439,1751.3318399999998,3.0480113102290707,1.0,10116.24984623016,168.0
elliott_2022,24,0,2022-12-21 00:00:00,2022-12-29 00:00:00,192.0,1958432.1458333333,1958.4321458333332,2880.0,0.6800111617476852,2016.67628,2.9740184918116253,1.0,10200.167426215277,192.0
elliott_2022,24,24,2022-12-21 00:00:00,2022-12-30 00:00:00,216.0,2235157.216666667,2235.157216666667,3240.0,0.6898633384773663,2299.18329,2.8644997701242847,1.0,10347.950077160494,216.0
uri_2021,-24,-24,2021-02-09 00:00:00,2021-02-21 00:00:00,288.0,3954900.294166666,3954.900294166666,4320.0,0.9154861792052468,4005.4403599999996,1.277909986956649,1.0,13732.292688078702,288.0
uri_2021,-24,0,2021-02-09 00:00:00,2021-02-22 00:00:00,312.0,4220143.1925,4220.1431925,4680.0,0.9017399983974359,4274.100149999999,1.2785575047759457,1.0,13526.099975961539,312.0
uri_2021,-24,24,2021-02-09 00:00:00,2021-02-23 00:00:00,336.0,4506804.938333333,4506.804938333333,5040.0,0.8942073290343914,4567.070169999999,1.3372052372196297,1.0,13413.109935515873,336.0
uri_2021,0,-24,2021-02-10 00:00:00,2021-02-21 00:00:00,264.0,3620468.7666666666,3620.4687666666664,3960.0,0.9142597895622896,3665.1751199999994,1.2348222347597693,1.0,13713.896843434344,264.0
uri_2021,0,0,2021-02-10 00:00:00,2021-02-22 00:00:00,288.0,3885711.665,3885.711665,4320.0,0.8994702928240741,3933.83491,1.2384666992526272,1.0,13492.054392361113,288.0
uri_2021,0,24,2021-02-10 00:00:00,2021-02-23 00:00:00,312.0,4172373.4108333336,4172.373410833334,4680.0,0.8915327800925926,4226.804929999999,1.304569697077862,1.0,13372.991701388892,312.0
uri_2021,24,-24,2021-02-11 00:00:00,2021-02-21 00:00:00,240.0,3285076.3808333334,3285.076380833333,3600.0,0.9125212168981481,3325.543579999999,1.2318495668097729,1.0,13687.818253472222,240.0
uri_2021,24,0,2021-02-11 00:00:00,2021-02-22 00:00:00,264.0,3550319.279166667,3550.319279166667,3960.0,0.896545272516835,3594.2033699999997,1.236060404224637,1.0,13448.179087752525,264.0
uri_2021,24,24,2021-02-11 00:00:00,2021-02-23 00:00:00,288.0,3836981.0249999994,3836.9810249999996,4320.0,0.8881900520833332,3887.1733899999995,1.3081212722442448,1.0,13322.85078125,288.0
february_2022,-24,-24,2022-02-01 00:00:00,2022-02-06 00:00:00,120.0,1213949.4216666664,1213.9494216666665,1800.0,0.6744163453703702,1246.11872,2.649970234276111,1.0,10116.245180555554,120.0
february_2022,-24,0,2022-02-01 00:00:00,2022-02-07 00:00:00,144.0,1472179.6949999998,1472.1796949999998,2160.0,0.6815646736111111,1511.0870399999997,2.6428393987596666,1.0,10223.470104166667,144.0
february_2022,-24,24,2022-02-01 00:00:00,2022-02-08 00:00:00,168.0,1768274.7433333332,1768.2747433333332,2520.0,0.7016963267195766,1815.83679,2.6897430303737035,1.0,10525.44490079365,168.0
february_2022,0,-24,2022-02-02 00:00:00,2022-02-06 00:00:00,96.0,938496.1866666666,938.4961866666666,1440.0,0.651733462962963,964.6603500000001,2.7878816882850543,1.0,9776.001944444444,96.0
february_2022,0,0,2022-02-02 00:00:00,2022-02-07 00:00:00,120.0,1196726.46,1196.7264599999999,1800.0,0.6648480333333333,1229.6286699999998,2.7493509251897086,1.0,9972.7205,120.0
february_2022,0,24,2022-02-02 00:00:00,2022-02-08 00:00:00,144.0,1492821.508333333,1492.821508333333,2160.0,0.6911210686728394,1534.37842,2.7837830199179736,1.0,10366.816030092592,144.0
february_2022,24,-24,2022-02-03 00:00:00,2022-02-06 00:00:00,72.0,714779.2916666666,714.7792916666666,1080.0,0.6618326774691358,736.0711299999999,2.9787989917400504,1.0,9927.490162037036,72.0
february_2022,24,0,2022-02-03 00:00:00,2022-02-07 00:00:00,96.0,973009.5650000001,973.0095650000001,1440.0,0.6757010868055556,1001.0394499999999,2.8807409514005844,1.0,10135.516302083335,96.0
february_2022,24,24,2022-02-03 00:00:00,2022-02-08 00:00:00,120.0,1269104.6133333333,1269.1046133333332,1800.0,0.7050581185185185,1305.7892,2.890588079284795,1.0,10575.871777777778,120.0
july_2022,-24,-24,2022-07-09 00:00:00,2022-07-14 00:00:00,120.0,1613391.44875,1613.3914487499999,1800.0,0.8963285826388889,1640.3781999999997,1.6726722625751034,1.0,13444.928739583334,120.0
july_2022,-24,0,2022-07-09 00:00:00,2022-07-15 00:00:00,144.0,1913569.5954166665,1913.5695954166665,2160.0,0.8859118497299382,1946.3815099999997,1.7146966936516739,1.0,13288.677745949073,144.0
july_2022,-24,24,2022-07-09 00:00:00,2022-07-16 00:00:00,168.0,2231791.0829166663,2231.7910829166663,2520.0,0.8856313821097882,2270.94478,1.7543621077724003,1.0,13284.470731646825,168.0
july_2022,0,-24,2022-07-10 00:00:00,2022-07-14 00:00:00,96.0,1293448.1862499998,1293.4481862499997,1440.0,0.8982279071180554,1314.89525,1.6581308766747016,1.0,13473.418606770832,96.0
july_2022,0,0,2022-07-10 00:00:00,2022-07-15 00:00:00,120.0,1593626.3329166668,1593.6263329166668,1800.0,0.8853479627314815,1620.8985599999999,1.7113313529037333,1.0,13280.219440972223,120.0
july_2022,0,24,2022-07-10 00:00:00,2022-07-16 00:00:00,144.0,1911847.8204166666,1911.8478204166665,2160.0,0.8851147316743827,1945.46183,1.758194832474036,1.0,13276.72097511574,144.0
july_2022,24,-24,2022-07-11 00:00:00,2022-07-14 00:00:00,72.0,965289.2470833333,965.2892470833333,1080.0,0.8937863398919753,981.4361799999999,1.6727559087035715,1.0,13406.795098379629,72.0
july_2022,24,0,2022-07-11 00:00:00,2022-07-15 00:00:00,96.0,1265467.39375,1265.4673937500002,1440.0,0.8787968012152778,1287.4394899999998,1.7362830807429175,1.0,13181.952018229167,96.0
july_2022,24,24,2022-07-11 00:00:00,2022-07-16 00:00:00,120.0,1583688.88125,1583.6888812500001,1800.0,0.8798271562500001,1612.0027599999999,1.7878435016637662,1.0,13197.407343750003,120.0
