slot,prc_mw,rtolcap_mw,rtoffcap_mw,rtordpa
2025-01-19 00:00:00,16011.18,35419.37,7587.66,0.0
2025-01-19 00:05:00,16053.12,36024.48,7299.16,0.0
2025-01-19 00:10:00,16252.61,36451.35,7299.08,0.0
2025-01-19 00:15:00,16161.17,36473.39,7299.05,0.0
2025-01-19 00:20:00,16034.42,35861.0,7298.99,0.0
2025-01-19 00:25:00,16056.4,35947.65,7298.85,0.0
2025-01-19 00:30:00,15840.67,36030.89,7298.95,0.0
2025-01-19 00:35:00,16076.1,36026.04,7300.09,0.0
2025-01-19 00:40:00,16100.21,35773.3,7299.07,0.0
2025-01-19 00:45:00,16129.99,35733.55,7299.04,0.0
2025-01-19 00:50:00,16108.94,35578.24,7299.81,0.0
2025-01-19 00:55:00,16123.96,35681.93,7301.06,0.0
2025-01-19 01:00:00,16212.81,35949.05,7306.07,0.0
2025-01-19 01:05:00,16226.54,35502.13,7306.05,0.0
2025-01-19 01:10:00,16185.41,35537.76,7306.08,0.0
2025-01-19 01:15:00,16095.87,35187.66,7306.02,0.0
2025-01-19 01:20:00,16140.32,35067.88,7306.08,0.0
2025-01-19 01:25:00,16151.92,35068.82,7306.0,0.0
2025-01-19 01:30:00,16108.81,34977.09,7306.07,0.0
2025-01-19 01:35:00,16125.14,34870.05,7306.11,0.0
2025-01-19 01:40:00,16013.58,34568.42,7306.09,0.0
2025-01-19 01:45:00,16034.6,34403.59,7306.1,0.0
2025-01-19 01:50:00,15938.98,34200.07,7305.99,0.0
2025-01-19 01:55:00,15890.95,34241.26,7305.97,0.0
2025-01-19 02:00:00,15906.82,34421.39,7307.36,0.0
2025-01-19 02:05:00,15849.58,34326.9,7307.36,0.0
2025-01-19 02:10:00,15925.02,34276.63,7307.27,0.0
2025-01-19 02:15:00,15891.5,34132.13,7307.33,0.0
2025-01-19 02:20:00,15819.07,34157.17,7307.38,0.0
2025-01-19 02:25:00,15864.89,34060.5,7307.29,0.0
2025-01-19 02:30:00,15877.97,34064.86,7307.39,0.0
2025-01-19 02:35:00,15884.1,33722.95,7307.46,0.0
2025-01-19 02:40:00,15648.0,33941.8,7307.48,0.0
2025-01-19 02:45:00,15673.49,33735.77,7307.46,0.0
2025-01-19 02:50:00,15477.1,33606.8,7307.33,0.0
2025-01-19 02:55:00,15356.59,33375.24,7308.36,0.0
2025-01-19 03:00:00,15281.29,33192.49,7313.28,0.0
2025-01-19 03:05:00,15354.67,32891.83,7313.71,0.0
2025-01-19 03:10:00,15347.03,32667.11,7313.7,0.0
2025-01-19 03:15:00,15349.07,32630.89,7313.67,0.0
2025-01-19 03:20:00,15391.72,32757.31,7313.75,0.0
2025-01-19 03:25:00,15343.01,32537.37,7313.62,0.0
2025-01-19 03:30:00,15466.02,32237.31,7313.7,0.0
2025-01-19 03:35:00,15367.14,31816.31,7313.82,0.0
2025-01-19 03:40:00,15025.97,31482.96,7278.82,0.0
2025-01-19 03:45:00,15212.51,31120.24,7313.81,0.0
2025-01-19 03:50:00,15081.51,31191.06,7313.7,0.0
2025-01-19 03:55:00,14981.52,30812.47,7313.71,0.0
2025-01-19 04:00:00,14948.03,30166.76,7282.13,0.0
2025-01-19 04:05:00,14954.01,30099.47,7373.61,0.0
2025-01-19 04:10:00,14753.29,29765.13,7373.53,0.0
2025-01-19 04:15:00,14640.05,29534.62,7373.44,0.0
2025-01-19 04:20:00,14773.77,29947.96,7373.52,0.0
2025-01-19 04:25:00,14842.29,29293.54,7373.42,0.0
2025-01-19 04:30:00,14733.19,29055.28,7373.39,0.0
2025-01-19 04:35:00,14645.17,28656.45,7373.56,0.0
2025-01-19 04:40:00,14647.04,28422.52,7373.56,0.0
2025-01-19 04:45:00,14457.64,28103.59,7373.49,0.0
2025-01-19 04:50:00,14280.91,27725.05,7373.33,0.0
2025-01-19 04:55:00,14381.01,27533.95,7373.44,0.0
2025-01-19 05:00:00,14336.95,27727.75,7375.54,0.0
2025-01-19 05:05:00,14280.3,27027.12,7379.84,0.0
2025-01-19 05:10:00,14214.51,26624.54,7379.93,0.0
2025-01-19 05:15:00,14169.96,26671.43,7379.98,0.0
2025-01-19 05:20:00,14094.97,26872.23,7380.1,0.0
2025-01-19 05:25:00,14069.38,26754.02,7379.88,0.0
2025-01-19 05:30:00,14160.43,26796.02,7379.9,0.0
2025-01-19 05:35:00,13969.63,26185.7,7380.12,0.0
2025-01-19 05:40:00,13730.97,26357.69,7380.09,0.0
2025-01-19 05:45:00,13752.48,26254.19,7379.97,0.0
2025-01-19 05:50:00,13519.14,25831.91,7377.86,0.0
2025-01-19 05:55:00,13354.28,25604.56,7330.83,0.0
2025-01-19 06:00:00,13400.47,25456.8,7197.96,0.0
2025-01-19 06:05:00,13410.85,25393.12,7098.33,0.0
2025-01-19 06:10:00,13381.23,25039.02,6988.23,0.0
2025-01-19 06:15:00,13186.82,25149.41,6988.08,0.0
2025-01-19 06:20:00,13093.68,24754.88,6988.3,0.0
2025-01-19 06:25:00,12834.03,24226.21,7006.78,0.0
2025-01-19 06:30:00,12618.43,23560.38,7006.97,0.0
2025-01-19 06:35:00,12684.23,23191.18,7007.09,0.0
2025-01-19 06:40:00,12445.12,22579.66,7007.08,0.0
2025-01-19 06:45:00,12203.91,21710.93,7007.11,0.0
2025-01-19 06:50:00,11996.48,21662.53,7006.93,0.0
2025-01-19 06:55:00,11685.89,21383.22,7006.92,0.0
2025-01-19 07:00:00,11549.89,20792.43,7005.55,0.0
2025-01-19 07:05:00,11566.53,21315.67,7008.88,0.0
2025-01-19 07:10:00,11374.98,20763.0,7008.91,0.0
2025-01-19 07:15:00,11188.78,20350.65,7009.02,0.0
2025-01-19 07:20:00,10468.58,19655.49,7009.08,0.0
2025-01-19 07:25:00,10282.35,19609.9,7008.95,0.0
2025-01-19 07:30:00,10071.0,19255.41,7009.08,0.0
2025-01-19 07:35:00,9985.08,18845.27,6959.14,0.0
2025-01-19 07:40:00,9857.5,18581.34,6959.01,0.0
2025-01-19 07:45:00,9890.79,18739.33,6959.06,0.0
2025-01-19 07:50:00,10080.85,19436.49,6909.12,0.0
2025-01-19 07:55:00,10240.83,19776.72,6909.35,0.0
2025-01-19 08:00:00,10591.24,20573.06,6909.18,0.0
2025-01-19 08:05:00,11354.49,21443.4,6873.13,0.0
2025-01-19 08:10:00,11370.05,21889.43,6873.08,0.0
2025-01-19 08:15:00,11582.18,22699.64,6873.15,0.0
2025-01-19 08:20:00,12110.31,23305.0,6873.27,0.0
2025-01-19 08:25:00,12365.46,23997.45,6873.11,0.0
2025-01-19 08:30:00,13171.82,25318.36,6873.28,0.0
2025-01-19 08:35:00,13301.36,26500.17,6914.87,0.0
2025-01-19 08:40:00,13771.04,27090.36,6914.86,0.0
2025-01-19 08:45:00,13811.36,28154.76,6914.9,0.0
2025-01-19 08:50:00,14493.26,29368.53,6914.89,0.0
2025-01-19 08:55:00,14806.67,30735.21,6914.86,0.0
2025-01-19 09:00:00,15055.38,30894.96,6908.66,0.0
2025-01-19 09:05:00,15259.03,31466.35,7020.27,0.0
2025-01-19 09:10:00,15576.75,32834.02,7020.3,0.0
2025-01-19 09:15:00,15842.17,33734.38,7020.27,0.0
2025-01-19 09:20:00,15905.42,34566.61,7019.57,0.0
2025-01-19 09:25:00,16038.71,35254.15,7019.38,0.0
2025-01-19 09:30:00,16103.09,35773.73,7019.29,0.0
2025-01-19 09:35:00,16426.55,36318.08,7019.19,0.0
2025-01-19 09:40:00,16344.16,36466.19,7019.35,0.0
2025-01-19 09:45:00,16292.91,36359.74,7019.38,0.0
2025-01-19 09:50:00,16352.1,36341.07,7019.36,0.0
2025-01-19 09:55:00,16590.75,37052.02,7019.41,0.0
2025-01-19 10:00:00,16664.57,36757.98,6717.73,0.0
2025-01-19 10:05:00,16707.19,36497.83,7131.61,0.0
2025-01-19 10:10:00,16477.25,36265.73,7181.45,0.0
2025-01-19 10:15:00,16526.18,36268.58,7181.5,0.0
2025-01-19 10:20:00,16407.0,36227.66,7181.76,0.0
2025-01-19 10:25:00,16114.96,35628.96,7181.78,0.0
2025-01-19 10:30:00,16148.29,35606.7,7181.95,0.0
2025-01-19 10:35:00,16082.99,35702.18,7181.87,0.0
2025-01-19 10:40:00,16084.45,35683.13,7181.99,0.0
2025-01-19 10:45:00,16285.23,35682.26,7181.94,0.0
2025-01-19 10:50:00,16139.18,35894.92,7181.74,0.0
2025-01-19 10:55:00,16101.74,35437.14,7181.69,0.0
2025-01-19 11:00:00,16110.74,35384.88,7168.77,0.0
2025-01-19 11:05:00,16081.41,35420.8,7168.73,0.0
2025-01-19 11:10:00,16052.58,35334.01,7168.65,0.0
2025-01-19 11:15:00,16037.11,35599.76,7167.44,0.0
2025-01-19 11:20:00,16214.83,35523.55,7168.58,0.0
2025-01-19 11:25:00,16082.81,35678.96,7168.52,0.0
2025-01-19 11:30:00,16092.62,35168.81,7168.66,0.0
2025-01-19 11:35:00,15991.13,34792.79,7168.69,0.0
2025-01-19 11:40:00,16015.98,34726.67,7167.69,0.0
2025-01-19 11:45:00,15978.0,34548.34,7167.67,0.0
2025-01-19 11:50:00,15874.85,34016.04,7167.6,0.0
2025-01-19 11:55:00,15813.21,34207.91,7167.63,0.0
2025-01-19 12:00:00,15800.58,34190.52,7168.34,0.0
2025-01-19 12:05:00,15838.3,34766.33,7168.23,0.0
2025-01-19 12:10:00,15849.16,34758.5,7168.05,0.0
2025-01-19 12:15:00,15778.6,34420.99,7168.03,0.0
2025-01-19 12:20:00,15825.11,34716.07,7168.25,0.0
2025-01-19 12:25:00,15871.51,34807.38,7168.22,0.0
2025-01-19 12:30:00,15853.5,34655.97,7168.33,0.0
2025-01-19 12:35:00,15898.89,34837.8,7168.41,0.0
2025-01-19 12:40:00,16101.45,34851.06,7168.22,0.0
2025-01-19 12:45:00,16160.54,34828.7,7168.28,0.0
2025-01-19 12:50:00,16099.43,34812.1,7168.26,0.0
2025-01-19 12:55:00,16084.39,34781.23,7168.33,0.0
2025-01-19 13:00:00,16287.54,34985.05,7162.3,0.0
2025-01-19 13:05:00,16084.38,34932.21,7165.42,0.0
2025-01-19 13:10:00,16164.39,34867.12,7165.32,0.0
2025-01-19 13:15:00,16240.08,35192.68,7165.33,0.0
2025-01-19 13:20:00,16226.48,35231.98,7165.4,0.0
2025-01-19 13:25:00,16226.91,35271.46,7165.59,0.0
2025-01-19 13:30:00,16206.23,35307.88,7165.79,0.0
2025-01-19 13:35:00,16295.83,35304.95,7165.88,0.0
2025-01-19 13:40:00,16304.97,35303.89,7165.81,0.0
2025-01-19 13:45:00,16603.02,35917.77,7165.64,0.0
2025-01-19 13:50:00,16495.11,36202.09,7165.54,0.0
2025-01-19 13:55:00,16322.02,36044.14,7165.59,0.0
2025-01-19 14:00:00,16511.26,36051.87,7156.84,0.0
2025-01-19 14:05:00,16511.25,36381.57,7155.25,0.0
2025-01-19 14:10:00,16541.99,36518.79,7154.99,0.0
2025-01-19 14:15:00,16573.82,36521.32,7154.95,0.0
2025-01-19 14:20:00,16724.58,36689.06,7155.19,0.0
2025-01-19 14:25:00,16627.84,36482.2,7155.13,0.0
2025-01-19 14:30:00,16813.75,36543.49,7155.44,0.0
2025-01-19 14:35:00,16864.55,36752.61,7155.46,0.0
2025-01-19 14:40:00,16879.84,36844.47,7155.39,0.0
2025-01-19 14:45:00,16969.47,37211.75,7155.42,0.0
2025-01-19 14:50:00,16944.3,37179.09,7155.31,0.0
2025-01-19 14:55:00,17276.89,37673.08,7155.23,0.0
2025-01-19 15:00:00,17141.12,38047.75,7152.26,0.0
2025-01-19 15:05:00,16997.05,37552.13,7155.38,0.0
2025-01-19 15:10:00,17155.25,37595.42,7155.22,0.0
2025-01-19 15:15:00,17316.17,37822.92,7155.12,0.0
2025-01-19 15:20:00,17197.83,37793.44,7155.27,0.0
2025-01-19 15:25:00,17348.2,37802.44,7155.25,0.0
2025-01-19 15:30:00,17232.08,37648.54,7155.52,0.0
2025-01-19 15:35:00,17163.22,37313.88,7155.51,0.0
2025-01-19 15:40:00,17110.47,37252.36,7155.52,0.0
2025-01-19 15:45:00,17352.8,37736.36,7155.58,0.0
2025-01-19 15:50:00,17122.27,37146.79,7155.47,0.0
2025-01-19 15:55:00,17123.14,36865.19,7155.46,0.0
2025-01-19 16:00:00,17179.38,36362.63,7158.71,0.0
2025-01-19 16:05:00,17267.79,36439.7,7065.43,0.0
2025-01-19 16:10:00,17144.5,35700.94,7065.23,0.0
2025-01-19 16:15:00,17342.12,35501.28,7065.21,0.0
2025-01-19 16:20:00,16930.16,34563.39,7065.32,0.0
2025-01-19 16:25:00,16770.81,33331.79,7065.35,0.0
2025-01-19 16:30:00,16803.92,33105.22,7065.58,0.0
2025-01-19 16:35:00,16502.01,31872.83,7065.5,0.0
2025-01-19 16:40:00,15983.05,30459.24,7065.4,0.0
2025-01-19 16:45:00,15567.96,29030.61,7065.45,0.0
2025-01-19 16:50:00,15115.64,27640.87,7066.33,0.0
2025-01-19 16:55:00,14495.53,26190.02,7066.35,0.0
2025-01-19 17:00:00,14388.15,25099.21,6742.28,0.0
2025-01-19 17:05:00,13837.21,24037.88,7280.75,0.0
2025-01-19 17:10:00,13367.74,22876.4,7280.54,0.0
2025-01-19 17:15:00,12821.73,21462.01,7280.46,0.0
2025-01-19 17:20:00,12251.67,19974.97,7280.61,0.0
2025-01-19 17:25:00,11632.34,18597.39,7280.63,0.0
2025-01-19 17:30:00,10852.9,17070.9,7280.82,0.0
2025-01-19 17:35:00,10460.76,16263.48,7280.78,0.0
2025-01-19 17:40:00,9979.43,15697.37,7280.87,0.0
2025-01-19 17:45:00,9406.79,14873.88,7076.84,0.0
2025-01-19 17:50:00,9215.87,14325.06,7076.75,0.0
2025-01-19 17:55:00,8806.06,13868.51,7076.79,0.0
2025-01-19 18:00:00,8646.67,13512.54,6922.93,0.0
2025-01-19 18:05:00,8360.4,13440.22,6919.76,0.0
2025-01-19 18:10:00,7969.27,13107.57,6919.54,0.0
2025-01-19 18:15:00,7793.77,12910.57,6919.5,0.0
2025-01-19 18:20:00,7854.49,12549.8,6809.64,0.0
2025-01-19 18:25:00,7604.57,12502.18,6810.53,0.0
2025-01-19 18:30:00,7814.74,12639.52,6810.7,0.0
2025-01-19 18:35:00,7763.92,12625.67,6810.73,0.0
2025-01-19 18:40:00,7844.42,12616.35,6760.69,0.0
2025-01-19 18:45:00,8028.33,12732.53,6760.69,0.0
2025-01-19 18:50:00,8089.89,12876.94,6760.79,0.0
2025-01-19 18:55:00,8103.19,13027.6,6719.14,0.0
2025-01-19 19:00:00,8272.74,13343.85,6696.16,0.0
2025-01-19 19:05:00,8279.6,13318.25,6699.36,0.0
2025-01-19 19:10:00,8371.27,13358.95,6699.26,0.0
2025-01-19 19:15:00,8534.45,13496.78,6699.28,0.0
2025-01-19 19:20:00,8562.89,13433.4,6699.46,0.0
2025-01-19 19:25:00,8693.04,13831.46,6699.4,0.0
2025-01-19 19:30:00,8680.58,13764.02,6699.43,0.0
2025-01-19 19:35:00,8617.95,13804.15,6698.92,0.0
2025-01-19 19:40:00,8674.41,13967.76,6699.09,0.0
2025-01-19 19:45:00,8650.4,14020.17,6699.14,0.0
2025-01-19 19:50:00,8697.03,14057.89,6699.15,0.0
2025-01-19 19:55:00,8603.23,13805.62,6699.3,0.0
2025-01-19 20:00:00,8477.75,13644.36,6774.94,0.0
2025-01-19 20:05:00,8402.09,13736.78,6778.88,0.0
2025-01-19 20:10:00,8511.66,14117.43,6593.6,0.0
2025-01-19 20:15:00,8703.5,14305.25,6592.95,0.0
2025-01-19 20:20:00,8798.39,14599.71,6593.48,0.0
2025-01-19 20:25:00,8750.09,14822.71,6594.61,0.0
2025-01-19 20:30:00,8840.98,15038.18,6594.28,0.0
2025-01-19 20:35:00,9062.04,15196.18,6594.33,0.0
2025-01-19 20:40:00,9104.8,15088.15,6693.91,0.0
2025-01-19 20:45:00,9001.98,14980.35,6795.29,0.0
2025-01-19 20:50:00,8892.97,15023.98,6796.02,0.0
2025-01-19 20:55:00,8878.16,15204.61,6795.97,0.0
2025-01-19 21:00:00,8882.09,14982.42,6712.9,0.0
2025-01-19 21:05:00,8424.22,14688.76,6662.1,0.0
2025-01-19 21:10:00,8315.73,14613.75,6606.08,0.0
2025-01-19 21:15:00,8391.29,14679.61,6606.09,0.0
2025-01-19 21:20:00,8378.39,14568.66,6756.44,0.0
2025-01-19 21:25:00,8319.97,14759.77,6756.36,0.0
2025-01-19 21:30:00,8343.69,14666.96,6700.57,0.0
2025-01-19 21:35:00,8554.11,14923.98,6700.5,0.0
2025-01-19 21:40:00,8760.46,15116.94,6706.45,0.0
2025-01-19 21:45:00,8852.45,15219.0,6731.39,0.0
2025-01-19 21:50:00,8934.77,15318.58,6731.38,0.0
2025-01-19 21:55:00,8694.44,15102.8,6731.36,0.0
2025-01-19 22:00:00,8798.83,15240.82,6579.97,0.0
2025-01-19 22:05:00,8845.76,15494.57,6707.04,0.0
2025-01-19 22:10:00,8905.71,15431.73,6700.96,0.0
2025-01-19 22:15:00,8863.46,15304.32,6700.94,0.0
2025-01-19 22:20:00,8874.83,15420.11,6701.14,0.0
2025-01-19 22:25:00,8994.45,15585.27,6701.06,0.0
2025-01-19 22:30:00,9251.2,16154.84,6701.09,0.0
2025-01-19 22:35:00,9330.26,16445.78,6701.17,0.0
2025-01-19 22:40:00,9445.74,16584.79,6701.08,0.0
2025-01-19 22:45:00,9330.27,16541.47,6752.11,0.0
2025-01-19 22:50:00,9394.18,16761.18,6806.82,0.0
2025-01-19 22:55:00,9439.82,16941.7,6858.1,0.0
2025-01-19 23:00:00,9493.61,17154.52,6907.13,0.0
2025-01-19 23:05:00,9444.13,17544.65,7140.36,0.0
2025-01-19 23:10:00,9487.29,17537.49,7140.18,0.0
2025-01-19 23:15:00,9572.23,17832.12,7140.34,0.0
2025-01-19 23:20:00,9685.9,18162.84,7140.43,0.0
2025-01-19 23:25:00,9763.38,18354.58,7140.2,0.0
2025-01-19 23:30:00,9850.05,18462.17,7140.31,0.0
2025-01-19 23:35:00,9901.29,18952.85,7124.19,0.0
2025-01-19 23:40:00,9999.25,19003.58,7124.37,0.0
2025-01-19 23:45:00,10150.06,19112.1,7124.26,0.0
2025-01-19 23:50:00,10442.81,19338.22,7124.29,0.0
2025-01-19 23:55:00,10744.37,19326.57,7124.12,0.0
2025-01-20 00:00:00,10752.49,19349.06,6922.21,0.0
2025-01-20 00:05:00,10575.62,19340.21,7125.14,0.0
2025-01-20 00:10:00,10836.78,19900.32,7124.93,0.0
2025-01-20 00:15:00,10800.68,19998.61,7124.86,0.0
2025-01-20 00:20:00,10792.8,19913.05,7125.03,0.0
2025-01-20 00:25:00,10913.2,20005.58,7170.05,0.0
2025-01-20 00:30:00,10804.73,20092.9,7170.19,0.0
2025-01-20 00:35:00,10883.63,20208.71,7170.19,0.0
2025-01-20 00:40:00,10874.6,20146.36,7170.13,0.0
2025-01-20 00:45:00,10836.47,20312.17,7170.28,0.0
2025-01-20 00:50:00,10910.77,20325.54,7170.14,0.0
2025-01-20 00:55:00,10875.13,20219.1,7170.13,0.0
2025-01-20 01:00:00,10780.78,20083.63,7173.51,0.0
2025-01-20 01:05:00,10667.13,19912.65,7175.42,0.0
2025-01-20 01:10:00,10644.55,19902.46,7175.35,0.0
2025-01-20 01:15:00,10696.13,19847.53,7175.28,0.0
2025-01-20 01:20:00,10525.23,19578.51,7175.22,0.0
2025-01-20 01:25:00,10552.48,19403.34,7175.17,0.0
2025-01-20 01:30:00,10604.65,19602.26,7175.14,0.0
2025-01-20 01:35:00,10640.59,19635.51,7175.12,0.0
2025-01-20 01:40:00,10753.86,19889.77,7175.0,0.0
2025-01-20 01:45:00,10832.39,20125.04,7175.17,0.0
2025-01-20 01:50:00,10896.36,20258.17,7175.16,0.0
2025-01-20 01:55:00,10920.24,20416.97,7174.95,0.0
2025-01-20 02:00:00,10755.52,20246.82,7178.0,0.0
2025-01-20 02:05:00,10838.63,20360.81,7173.15,0.0
2025-01-20 02:10:00,10959.8,20740.49,7127.83,0.0
2025-01-20 02:15:00,11094.59,20903.38,7127.76,0.0
2025-01-20 02:20:00,11011.88,20680.57,7127.91,0.0
2025-01-20 02:25:00,11107.74,20669.04,7127.94,0.0
2025-01-20 02:30:00,11067.2,20945.97,7127.79,0.0
2025-01-20 02:35:00,11151.07,21029.5,7127.65,0.0
2025-01-20 02:40:00,11048.73,21015.61,7127.75,0.0
2025-01-20 02:45:00,11205.54,20793.91,7127.86,0.0
2025-01-20 02:50:00,11209.79,21128.18,7172.83,0.0
2025-01-20 02:55:00,11179.88,21205.66,7172.92,0.0
2025-01-20 03:00:00,11317.64,21337.72,7180.5,0.0
2025-01-20 03:05:00,11194.69,21096.95,7180.43,0.0
2025-01-20 03:10:00,11264.58,20892.22,7180.31,0.0
2025-01-20 03:15:00,11357.48,21144.02,7135.19,0.0
2025-01-20 03:20:00,11457.71,21246.95,7135.37,0.0
2025-01-20 03:25:00,11425.83,21321.28,7135.21,0.0
2025-01-20 03:30:00,11424.58,21215.28,7135.16,0.0
2025-01-20 03:35:00,11412.0,21370.77,7135.21,0.0
2025-01-20 03:40:00,11405.16,21338.48,7135.17,0.0
2025-01-20 03:45:00,11364.89,21152.23,7135.41,0.0
2025-01-20 03:50:00,11506.41,20994.47,7135.24,0.0
2025-01-20 03:55:00,11464.84,21000.68,7135.22,0.0
2025-01-20 04:00:00,11536.76,21135.07,7139.69,0.0
2025-01-20 04:05:00,11350.52,20713.03,7143.09,0.0
2025-01-20 04:10:00,11256.88,20530.63,7142.92,0.0
2025-01-20 04:15:00,11167.61,20323.73,7142.77,0.0
2025-01-20 04:20:00,11033.32,20240.21,7142.85,0.0
2025-01-20 04:25:00,11055.49,20020.12,7142.91,0.0
2025-01-20 04:30:00,10975.54,19834.65,7143.0,0.0
2025-01-20 04:35:00,10973.16,20132.11,7143.0,0.0
2025-01-20 04:40:00,10866.08,19865.38,7142.82,0.0
2025-01-20 04:45:00,10862.76,19976.69,7143.98,0.0
2025-01-20 04:50:00,10913.52,19809.39,7143.9,0.0
2025-01-20 04:55:00,10718.72,19666.63,7144.89,0.0
2025-01-20 05:00:00,10870.1,19775.76,7052.38,0.0
2025-01-20 05:05:00,10943.47,19471.12,6953.57,0.0
2025-01-20 05:10:00,10894.14,19223.14,6953.27,0.0
2025-01-20 05:15:00,10856.22,18868.2,6953.37,0.0
2025-01-20 05:20:00,10768.7,18494.31,6953.38,0.0
2025-01-20 05:25:00,10702.99,18214.01,6953.14,0.0
2025-01-20 05:30:00,10708.76,17928.88,6953.36,0.0
2025-01-20 05:35:00,10644.02,17841.77,6953.3,0.0
2025-01-20 05:40:00,10437.11,17472.16,6953.38,0.0
2025-01-20 05:45:00,10231.37,17288.66,6998.5,0.0
2025-01-20 05:50:00,10230.64,17296.87,6953.44,0.0
2025-01-20 05:55:00,10029.29,16873.09,6953.46,0.0
2025-01-20 06:00:00,10188.47,16718.14,7014.45,0.0
2025-01-20 06:05:00,9856.7,16293.61,6882.82,0.0
2025-01-20 06:10:00,9692.42,15950.13,6850.97,0.0
2025-01-20 06:15:00,9579.49,15940.06,6856.38,0.0
2025-01-20 06:20:00,9503.6,16146.96,6808.99,0.0
2025-01-20 06:25:00,9580.23,15928.87,6808.87,0.0
2025-01-20 06:30:00,9242.21,15308.68,6809.04,0.0
2025-01-20 06:35:00,9052.55,14919.22,6808.96,0.0
2025-01-20 06:40:00,8892.51,15104.11,6808.86,0.0
2025-01-20 06:45:00,8979.19,15026.94,6809.04,0.0
2025-01-20 06:50:00,8942.58,14908.7,6808.87,0.0
2025-01-20 06:55:00,8867.27,14777.46,6808.33,0.0
2025-01-20 07:00:00,8778.82,14673.53,6802.5,0.0
2025-01-20 07:05:00,8309.56,14434.34,6809.75,0.0
2025-01-20 07:10:00,8083.87,14411.25,6809.48,0.0
2025-01-20 07:15:00,8007.57,14171.24,6809.63,0.0
2025-01-20 07:20:00,7988.93,14177.38,6809.2,0.0
2025-01-20 07:25:00,7874.98,13809.91,6809.78,0.0
2025-01-20 07:30:00,7831.37,13608.37,6854.86,0.0
2025-01-20 07:35:00,7969.49,13989.05,6855.67,0.0
2025-01-20 07:40:00,7738.69,13774.77,6855.64,0.0
2025-01-20 07:45:00,7740.31,13787.01,6855.86,0.0
2025-01-20 07:50:00,7961.37,13994.78,6855.74,0.0
2025-01-20 07:55:00,7874.1,14117.6,6855.63,0.0
2025-01-20 08:00:00,8168.46,14018.23,6865.0,0.0
2025-01-20 08:05:00,8300.77,14709.23,6696.82,0.0
2025-01-20 08:10:00,8470.87,14839.12,6806.31,0.0
2025-01-20 08:15:00,8546.01,15430.77,6839.48,0.0
2025-01-20 08:20:00,8806.41,16088.4,6901.94,0.0
2025-01-20 08:25:00,9036.64,16301.58,6950.84,0.0
2025-01-20 08:30:00,9252.11,16716.82,7081.58,0.0
2025-01-20 08:35:00,9553.09,17596.69,7025.9,0.0
2025-01-20 08:40:00,9559.21,17981.08,7064.09,0.0
2025-01-20 08:45:00,9628.9,18157.46,7237.78,0.0
2025-01-20 08:50:00,9822.35,18959.68,7236.4,0.0
2025-01-20 08:55:00,10063.43,19545.25,7194.35,0.0
2025-01-20 09:00:00,10214.06,19791.02,7401.56,0.0
2025-01-20 09:05:00,10508.02,20233.65,7411.58,0.0
2025-01-20 09:10:00,11016.85,21142.07,7412.8,0.0
2025-01-20 09:15:00,11156.17,21564.55,7411.27,0.0
2025-01-20 09:20:00,11196.97,21968.27,7413.98,0.0
2025-01-20 09:25:00,11352.58,22113.54,7413.41,0.0
2025-01-20 09:30:00,11430.74,22507.17,7419.45,0.0
2025-01-20 09:35:00,11519.16,23219.65,7418.59,0.0
2025-01-20 09:40:00,11932.72,23627.2,7419.2,0.0
2025-01-20 09:45:00,11884.98,23138.82,7458.19,0.0
2025-01-20 09:50:00,11928.21,23489.39,7503.84,0.0
2025-01-20 09:55:00,12139.88,24022.21,7503.19,0.0
2025-01-20 10:00:00,11987.02,24318.39,6787.45,0.0
2025-01-20 10:05:00,11856.76,24469.95,7011.42,0.0
2025-01-20 10:10:00,11707.23,24009.15,7010.93,0.0
2025-01-20 10:15:00,11759.25,24235.93,6966.11,0.0
2025-01-20 10:20:00,11675.16,24450.89,6966.3,0.0
2025-01-20 10:25:00,11787.32,24471.61,6966.5,0.0
2025-01-20 10:30:00,11860.23,24160.14,6966.63,0.0
2025-01-20 10:35:00,11771.2,24131.11,6966.6,0.0
2025-01-20 10:40:00,11919.39,24435.48,6966.66,0.0
2025-01-20 10:45:00,11677.59,23701.32,7058.87,0.0
2025-01-20 10:50:00,11573.15,23740.66,7058.88,0.0
2025-01-20 10:55:00,11551.22,23925.22,7059.11,0.0
2025-01-20 11:00:00,11406.13,23634.56,7007.72,0.0
2025-01-20 11:05:00,11458.46,23777.58,7137.12,0.0
2025-01-20 11:10:00,11687.65,23642.56,7100.25,0.0
2025-01-20 11:15:00,11451.08,23338.77,7100.42,0.0
2025-01-20 11:20:00,11468.94,23423.74,7100.31,0.0
2025-01-20 11:25:00,11676.75,23167.14,7081.49,0.0
2025-01-20 11:30:00,11712.04,23199.29,7137.62,0.0
2025-01-20 11:35:00,11712.18,23487.28,7137.57,0.0
2025-01-20 11:40:00,11622.13,23260.83,7137.34,0.0
2025-01-20 11:45:00,11749.43,23079.61,7137.68,0.0
2025-01-20 11:50:00,11776.55,23331.13,7137.54,0.0
2025-01-20 11:55:00,11877.13,23687.7,7137.69,0.0
2025-01-20 12:00:00,11826.55,23268.12,7037.07,0.0
2025-01-20 12:05:00,11646.4,23146.85,7128.83,0.0
2025-01-20 12:10:00,11434.47,22870.88,7128.73,0.0
2025-01-20 12:15:00,11321.52,22269.0,7128.51,0.0
2025-01-20 12:20:00,11379.08,22207.79,7128.43,0.0
2025-01-20 12:25:00,11603.92,22358.33,7128.42,0.0
2025-01-20 12:30:00,11493.09,22097.32,7128.44,0.0
2025-01-20 12:35:00,11466.08,22308.27,7128.32,0.0
2025-01-20 12:40:00,11538.95,22273.41,7128.56,0.0
2025-01-20 12:45:00,11523.94,21952.76,7128.6,0.0
2025-01-20 12:50:00,11431.29,21777.96,7127.48,0.0
2025-01-20 12:55:00,11479.18,21774.25,7127.53,0.0
2025-01-20 13:00:00,11410.7,21566.8,7119.56,0.0
2025-01-20 13:05:00,11355.5,21612.42,7118.11,0.0
2025-01-20 13:10:00,11119.02,21203.14,7117.77,0.0
2025-01-20 13:15:00,11074.44,20862.57,7117.81,0.0
2025-01-20 13:20:00,10912.74,21006.8,7117.99,0.0
2025-01-20 13:25:00,10994.32,21015.54,7118.09,0.0
2025-01-20 13:30:00,10742.97,20425.33,7117.88,0.0
2025-01-20 13:35:00,10552.05,20398.36,7117.95,0.0
2025-01-20 13:40:00,10863.45,20728.29,7118.05,0.0
2025-01-20 13:45:00,10913.27,20662.81,7118.1,0.0
2025-01-20 13:50:00,10921.79,20829.83,7117.98,0.0
2025-01-20 13:55:00,10868.46,20773.73,7099.25,0.0
2025-01-20 14:00:00,11004.22,20563.54,6889.16,0.0
2025-01-20 14:05:00,10849.36,20628.55,7095.22,0.0
2025-01-20 14:10:00,10891.63,20453.54,6939.43,0.0
2025-01-20 14:15:00,10929.43,20720.08,6883.58,0.0
2025-01-20 14:20:00,10944.66,20698.75,6883.58,0.0
2025-01-20 14:25:00,10724.32,20501.6,6883.87,0.0
2025-01-20 14:30:00,10807.37,20367.44,6883.95,0.0
2025-01-20 14:35:00,11004.07,20620.12,6883.88,0.0
2025-01-20 14:40:00,10900.24,20709.14,6883.93,0.0
2025-01-20 14:45:00,10666.51,20207.48,6883.95,0.0
2025-01-20 14:50:00,10669.08,20169.61,6883.68,0.0
2025-01-20 14:55:00,10620.93,20073.84,6883.72,0.0
2025-01-20 15:00:00,10491.22,19888.21,6880.43,0.0
2025-01-20 15:05:00,10419.26,19961.44,6863.83,0.0
2025-01-20 15:10:00,10558.63,19954.53,6919.27,0.0
2025-01-20 15:15:00,10514.36,19774.75,6224.0,0.0
2025-01-20 15:20:00,10607.88,20270.56,6030.77,0.0
2025-01-20 15:25:00,10594.09,20372.82,6031.02,0.0
2025-01-20 15:30:00,10613.47,20377.16,6031.03,0.0
2025-01-20 15:35:00,10663.64,20821.8,6030.93,0.0
2025-01-20 15:40:00,10751.87,21235.01,6030.94,0.0
2025-01-20 15:45:00,10691.66,20634.29,6030.92,0.0
2025-01-20 15:50:00,10500.13,20411.48,6005.76,0.0
2025-01-20 15:55:00,10631.12,20641.47,6030.79,0.0
2025-01-20 16:00:00,11191.61,21304.18,6030.44,0.0
2025-01-20 16:05:00,11459.33,21638.88,6008.62,0.0
2025-01-20 16:10:00,11739.59,21913.52,6033.49,0.0
2025-01-20 16:15:00,11757.87,21815.76,6033.46,0.0
2025-01-20 16:20:00,11639.92,21581.12,6008.47,0.0
2025-01-20 16:25:00,11554.64,21351.2,6008.38,0.0
2025-01-20 16:30:00,11613.05,21502.89,6008.4,0.0
2025-01-20 16:35:00,11684.82,21323.08,6008.54,0.0
2025-01-20 16:40:00,11561.28,20831.24,6008.45,0.0
2025-01-20 16:45:00,11566.02,20298.47,6144.73,0.0
2025-01-20 16:50:00,11546.93,20101.53,6144.71,0.0
2025-01-20 16:55:00,11533.64,19900.89,6144.88,0.0
2025-01-20 17:00:00,11659.11,19962.72,5949.88,0.0
2025-01-20 17:05:00,11587.53,19573.04,6247.85,0.0
2025-01-20 17:10:00,11533.12,19067.61,6227.8,0.0
2025-01-20 17:15:00,11445.22,18561.13,6227.82,0.0
2025-01-20 17:20:00,11407.22,17975.03,6227.92,0.0
2025-01-20 17:25:00,10941.63,17603.69,6227.97,0.0
2025-01-20 17:30:00,10868.0,17241.43,6227.95,0.0
2025-01-20 17:35:00,10754.8,16888.7,6228.05,0.0
2025-01-20 17:40:00,10522.52,16704.8,6227.94,0.0
2025-01-20 17:45:00,10403.21,16441.41,6228.03,0.0
2025-01-20 17:50:00,10295.88,16472.87,6116.13,0.0
2025-01-20 17:55:00,10155.86,16222.98,6116.14,0.0
2025-01-20 18:00:00,10228.77,16021.28,5938.77,0.0
2025-01-20 18:05:00,9973.12,16602.32,6015.86,0.0
2025-01-20 18:10:00,9900.56,16427.97,6015.85,0.0
2025-01-20 18:15:00,10046.83,16184.78,6015.78,0.0
2025-01-20 18:20:00,10351.83,16824.56,6015.83,0.0
2025-01-20 18:25:00,10469.21,17232.11,6015.82,0.0
2025-01-20 18:30:00,10633.57,17373.52,6015.91,0.0
2025-01-20 18:35:00,10739.79,17557.84,6015.86,0.0
2025-01-20 18:40:00,10823.59,17925.22,6015.92,0.0
2025-01-20 18:45:00,10865.14,17969.88,6015.9,0.0
2025-01-20 18:50:00,10937.56,18012.22,6015.79,0.0
2025-01-20 18:55:00,11036.35,18254.6,6015.76,0.0
2025-01-20 19:00:00,11118.51,18641.57,6023.46,0.0
2025-01-20 19:05:00,11165.52,18685.69,6078.2,0.0071
2025-01-20 19:10:00,11196.54,18836.48,6078.24,0.3381
2025-01-20 19:15:00,11198.58,19066.35,6078.14,0.0039
2025-01-20 19:20:00,11248.78,19160.8,6128.09,0.0276
2025-01-20 19:25:00,11183.86,19304.72,6183.98,0.5943
2025-01-20 19:30:00,11247.46,19558.53,6233.97,0.2699
2025-01-20 19:35:00,11260.18,19650.29,6289.62,0.0069
2025-01-20 19:40:00,11296.52,19589.69,6343.69,0.0521
2025-01-20 19:45:00,11333.19,19929.78,6343.74,0.8163
2025-01-20 19:50:00,11357.42,19832.49,6343.68,0.5347
2025-01-20 19:55:00,11373.5,19883.91,6343.92,0.6262
2025-01-20 20:00:00,11498.24,20005.66,6384.4,2.0235
2025-01-20 20:05:00,11607.12,20274.01,6361.03,1.6474
2025-01-20 20:10:00,11601.69,20388.53,6361.17,1.7356
2025-01-20 20:15:00,11548.12,20043.77,6361.01,0.0
2025-01-20 20:20:00,11540.82,20038.03,6361.2,0.1059
2025-01-20 20:25:00,11378.75,20263.04,6545.25,0.0067
2025-01-20 20:30:00,11407.36,20382.65,6545.15,0.0024
2025-01-20 20:35:00,11595.25,20560.93,6550.89,1.0912
2025-01-20 20:40:00,11637.66,20811.65,6550.97,1.6086
2025-01-20 20:45:00,11659.94,20686.49,6551.0,0.9981
2025-01-20 20:50:00,11623.9,20426.07,6550.89,0.0
2025-01-20 20:55:00,11603.5,20416.86,6551.05,0.8001
2025-01-20 21:00:00,11730.88,20993.17,6282.94,0.0
2025-01-20 21:05:00,11659.19,20940.64,6465.29,0.8699
2025-01-20 21:10:00,11551.22,21341.26,6465.59,3.2021
2025-01-20 21:15:00,11644.72,21548.16,6511.59,1.3814
2025-01-20 21:20:00,11541.7,21515.36,6511.64,1.3798
2025-01-20 21:25:00,11599.12,21648.12,6511.71,1.007
2025-01-20 21:30:00,11612.71,21968.97,6511.69,0.6404
2025-01-20 21:35:00,11756.07,22046.2,6505.73,0.9003
2025-01-20 21:40:00,11773.43,22219.68,6505.75,0.0962
2025-01-20 21:45:00,11918.96,22597.26,6505.43,1.5858
2025-01-20 21:50:00,12064.68,22853.41,6505.3,1.8305
2025-01-20 21:55:00,12151.64,22749.35,6505.22,0.1527
2025-01-20 22:00:00,12191.94,23248.94,6465.55,1.4259
2025-01-20 22:05:00,12250.11,23505.55,6557.02,3.9027
2025-01-20 22:10:00,12405.06,23513.88,6751.87,2.2248
2025-01-20 22:15:00,12283.37,23530.34,6751.83,1.5648
2025-01-20 22:20:00,12230.14,23535.7,6751.9,1.2211
2025-01-20 22:25:00,12250.22,23652.67,6751.89,1.8469
2025-01-20 22:30:00,12457.07,24132.91,6751.87,0.9815
2025-01-20 22:35:00,12426.24,24369.91,6751.74,1.6748
2025-01-20 22:40:00,12556.58,24537.96,6751.81,0.8271
2025-01-20 22:45:00,12596.76,24763.85,6751.54,2.1578
2025-01-20 22:50:00,12601.6,24814.39,6751.56,1.9609
2025-01-20 22:55:00,12647.87,24968.02,6751.69,1.8148
2025-01-20 23:00:00,12683.3,25138.04,6800.98,0.9526
2025-01-20 23:05:00,12776.46,25319.73,6851.89,1.4698
2025-01-20 23:10:00,12796.68,25319.9,6851.89,1.1963
2025-01-20 23:15:00,12710.4,25213.32,6851.69,0.8685
2025-01-20 23:20:00,12778.91,25317.08,6851.92,0.6169
2025-01-20 23:25:00,12936.78,25478.24,6851.94,0.3716
2025-01-20 23:30:00,12998.52,25556.69,6852.03,0.3169
2025-01-20 23:35:00,13139.39,25530.22,6851.94,0.2311
2025-01-20 23:40:00,13102.36,25462.72,6851.89,0.1902
2025-01-20 23:45:00,13181.66,25677.74,6851.65,0.1053
2025-01-20 23:50:00,13315.82,25980.45,6851.69,0.1759
2025-01-20 23:55:00,13377.35,25813.82,6851.97,0.0225
2025-01-21 00:00:00,12976.88,25397.2,6650.0,0.0
2025-01-21 00:05:00,12423.67,25041.26,6855.89,0.6976
2025-01-21 00:10:00,12373.33,24913.61,6855.92,0.0
2025-01-21 00:15:00,12202.25,24651.75,6856.1,0.0
2025-01-21 00:20:00,12339.25,24562.64,6856.24,0.0
2025-01-21 00:25:00,12271.93,24427.73,6856.29,0.0
2025-01-21 00:30:00,12200.88,24445.7,6856.38,0.0
2025-01-21 00:35:00,12228.81,24594.97,6856.36,0.0
2025-01-21 00:40:00,12203.1,24358.19,6856.38,0.0
2025-01-21 00:45:00,12305.69,24470.35,6856.11,0.0
2025-01-21 00:50:00,12448.25,24639.69,6856.06,0.0
2025-01-21 00:55:00,12375.09,24639.2,6856.17,0.0324
2025-01-21 01:00:00,12216.62,24486.43,6859.67,0.0
2025-01-21 01:05:00,12012.68,24175.07,6859.75,0.0
2025-01-21 01:10:00,12046.43,23969.37,6804.01,0.0
2025-01-21 01:15:00,12016.33,23873.79,6803.81,0.0
2025-01-21 01:20:00,11986.04,23602.02,6804.05,0.0
2025-01-21 01:25:00,12017.79,23625.16,6803.85,0.0
2025-01-21 01:30:00,12049.33,23852.73,6748.3,0.0
2025-01-21 01:35:00,12046.71,24061.05,6748.33,1.4333
2025-01-21 01:40:00,12108.85,24133.96,6748.24,0.1091
2025-01-21 01:45:00,12038.3,23925.31,6748.11,0.0
2025-01-21 01:50:00,11814.16,23566.57,6747.79,0.0
2025-01-21 01:55:00,11722.32,23003.83,6748.11,0.0
2025-01-21 02:00:00,11890.92,23303.51,6750.42,0.0
2025-01-21 02:05:00,11654.78,23171.46,6753.72,0.0
2025-01-21 02:10:00,11736.63,23028.51,6753.71,0.0
2025-01-21 02:15:00,11679.18,22568.63,6697.79,0.0
2025-01-21 02:20:00,11507.31,22563.26,6698.06,0.0
2025-01-21 02:25:00,11563.39,22513.26,6698.08,0.0
2025-01-21 02:30:00,11764.48,22684.98,6697.97,0.0
2025-01-21 02:35:00,11790.76,22472.02,6697.91,0.0
2025-01-21 02:40:00,11719.26,22463.13,6642.4,0.0
2025-01-21 02:45:00,11585.84,22253.09,6642.27,0.0
2025-01-21 02:50:00,11476.89,21944.53,6642.29,0.0
2025-01-21 02:55:00,11379.24,21634.49,6642.27,0.0
2025-01-21 03:00:00,11392.61,21518.87,6599.48,0.0
2025-01-21 03:05:00,11478.51,21385.46,6642.79,0.0
2025-01-21 03:10:00,11439.53,21423.62,6642.8,0.0
2025-01-21 03:15:00,11458.54,21526.09,6378.94,0.0
2025-01-21 03:20:00,11407.16,21207.73,6092.78,0.0
2025-01-21 03:25:00,11362.97,20901.44,6092.88,0.0
2025-01-21 03:30:00,11331.41,20746.01,6020.87,0.0
2025-01-21 03:35:00,11507.31,20778.22,5821.9,0.0
2025-01-21 03:40:00,11531.32,20816.48,5821.97,0.0
2025-01-21 03:45:00,11638.98,21174.31,5821.81,0.0
2025-01-21 03:50:00,11517.81,21051.32,5821.8,0.0
2025-01-21 03:55:00,11364.38,20504.46,5821.79,0.0
2025-01-21 04:00:00,11465.63,20292.86,5823.85,0.0
2025-01-21 04:05:00,11379.33,19994.72,5770.76,0.0
2025-01-21 04:10:00,11335.12,20336.35,5770.0,0.3903
2025-01-21 04:15:00,11060.26,19358.72,5769.97,0.0
2025-01-21 04:20:00,11020.06,18893.23,5769.82,0.0
2025-01-21 04:25:00,10960.54,18984.61,5720.91,0.0
2025-01-21 04:30:00,10988.13,19188.45,5721.01,0.0
2025-01-21 04:35:00,10860.18,18695.49,5720.1,0.0
2025-01-21 04:40:00,10667.11,18134.75,5802.44,0.0
2025-01-21 04:45:00,10568.08,18079.14,5373.69,0.014
2025-01-21 04:50:00,10310.97,17764.59,5319.49,0.0
2025-01-21 04:55:00,10260.24,17703.71,5270.61,0.0
2025-01-21 05:00:00,10466.24,18116.12,5078.71,0.0
2025-01-21 05:05:00,10525.7,17951.22,5244.9,0.0
2025-01-21 05:10:00,10569.31,17797.77,5153.56,0.0
2025-01-21 05:15:00,10637.3,17646.34,5198.56,0.0
2025-01-21 05:20:00,10707.05,17850.16,5089.47,2.9298
2025-01-21 05:25:00,10576.42,17351.74,5071.56,0.0
2025-01-21 05:30:00,10275.2,17367.24,5025.56,0.0
2025-01-21 05:35:00,10421.42,17450.78,4792.56,0.0
2025-01-21 05:40:00,10542.28,17530.74,4769.56,0.2033
2025-01-21 05:45:00,10383.8,16664.31,4769.47,0.0
2025-01-21 05:50:00,10214.06,16225.13,4769.56,0.0
2025-01-21 05:55:00,10144.45,16212.96,4770.56,0.0
2025-01-21 06:00:00,10334.21,15981.44,4743.3,4.3915
2025-01-21 06:05:00,10360.36,15706.79,4497.3,0.0
2025-01-21 06:10:00,10191.16,15602.73,4384.21,0.0
2025-01-21 06:15:00,10292.88,15612.75,4335.3,0.0
2025-01-21 06:20:00,10353.22,15419.88,4247.3,0.0
2025-01-21 06:25:00,10342.87,15264.51,4198.3,0.0
2025-01-21 06:30:00,10197.44,15052.01,4198.3,0.0
2025-01-21 06:35:00,10055.49,14805.4,4198.21,0.0
2025-01-21 06:40:00,9837.62,14502.96,3962.3,0.0
2025-01-21 06:45:00,9876.37,14692.95,3411.4,0.0
2025-01-21 06:50:00,9899.25,14516.76,3158.7,0.4564
2025-01-21 06:55:00,9588.94,14507.46,2907.21,0.6155
2025-01-21 07:00:00,9462.72,13987.53,2857.05,0.5275
2025-01-21 07:05:00,8827.29,13751.19,2720.9,1.1956
2025-01-21 07:10:00,8615.21,13455.05,2624.86,0.0
2025-01-21 07:15:00,8368.87,13236.01,2624.95,0.0
2025-01-21 07:20:00,7945.98,12933.18,2624.84,0.0
2025-01-21 07:25:00,7668.0,12374.08,2624.75,0.0
2025-01-21 07:30:00,7542.3,12319.97,2624.84,0.0
2025-01-21 07:35:00,7428.66,12227.96,2624.94,0.0
2025-01-21 07:40:00,7644.39,12530.73,2624.91,0.0
2025-01-21 07:45:00,7616.12,12599.91,2624.84,0.0
2025-01-21 07:50:00,7440.1,12471.08,2624.89,1.0393
2025-01-21 07:55:00,7402.21,12242.85,2624.91,0.0
2025-01-21 08:00:00,7561.31,12279.99,2719.86,0.0
2025-01-21 08:05:00,7817.45,12866.88,2652.94,4.6431
2025-01-21 08:10:00,8286.57,13481.96,2797.94,0.0
2025-01-21 08:15:00,8310.42,14004.76,2547.25,1.585
2025-01-21 08:20:00,8493.88,14208.92,2595.11,1.6388
2025-01-21 08:25:00,8592.76,14220.01,2643.14,1.3681
2025-01-21 08:30:00,8674.26,14416.31,2737.14,1.651
2025-01-21 08:35:00,8940.46,14999.49,2736.94,3.2025
2025-01-21 08:40:00,9313.95,15701.77,2743.34,0.8315
2025-01-21 08:45:00,9603.18,16073.74,2746.61,0.9315
2025-01-21 08:50:00,9768.44,16670.18,2859.7,0.9491
2025-01-21 08:55:00,9965.57,16579.83,2859.7,1.9205
2025-01-21 09:00:00,9881.55,16441.01,3307.53,12.0498
2025-01-21 09:05:00,9862.72,16775.9,3543.68,10.6157
2025-01-21 09:10:00,9966.62,17471.63,3728.21,11.5882
2025-01-21 09:15:00,10311.03,18422.04,3950.26,10.8325
2025-01-21 09:20:00,10283.23,18682.19,4170.52,9.3021
2025-01-21 09:25:00,10414.83,19107.39,4445.24,6.8463
2025-01-21 09:30:00,10662.33,19762.24,4580.0,11.7933
2025-01-21 09:35:00,11089.55,20413.63,4681.97,9.5996
2025-01-21 09:40:00,11032.49,19820.98,4676.15,4.707
2025-01-21 09:45:00,10863.38,20067.03,4767.15,8.3937
2025-01-21 09:50:00,11066.78,20378.09,4763.95,6.4192
2025-01-21 09:55:00,11192.92,20786.98,4767.16,7.8248
2025-01-21 10:00:00,11214.47,20922.06,4437.74,5.5249
2025-01-21 10:05:00,11205.55,21282.53,4757.41,3.4578
2025-01-21 10:10:00,11119.64,21157.45,4640.44,1.1578
2025-01-21 10:15:00,11167.58,21270.42,4594.39,2.6148
2025-01-21 10:20:00,11315.11,21998.86,4735.98,1.2812
2025-01-21 10:25:00,11201.87,21797.58,4873.09,0.1387
2025-01-21 10:30:00,11162.54,21881.06,5168.64,0.097
2025-01-21 10:35:00,11384.13,22201.28,5378.58,1.158
2025-01-21 10:40:00,11438.34,22604.68,5378.53,3.3987
2025-01-21 10:45:00,11523.9,22831.18,5332.55,2.8371
2025-01-21 10:50:00,11382.33,22716.85,5450.73,0.0
2025-01-21 10:55:00,11520.45,23343.82,5550.59,1.1329
2025-01-21 11:00:00,11559.81,22931.23,5307.86,0.0
2025-01-21 11:05:00,11695.41,23615.44,5306.51,0.7295
2025-01-21 11:10:00,12023.57,24276.17,5600.29,0.7437
2025-01-21 11:15:00,12314.03,25098.82,5554.36,0.8471
2025-01-21 11:20:00,12231.18,25536.56,5554.44,0.4423
2025-01-21 11:25:00,12053.29,25257.05,5649.21,0.8177
2025-01-21 11:30:00,12113.38,25529.76,5649.36,0.4168
2025-01-21 11:35:00,12308.7,26088.51,5649.24,0.9722
2025-01-21 11:40:00,12664.12,26677.44,5694.28,1.4283
2025-01-21 11:45:00,12497.01,26729.51,5739.27,0.5653
2025-01-21 11:50:00,12720.39,27298.91,5828.18,0.8194
2025-01-21 11:55:00,12676.21,27381.43,5828.3,1.3224
2025-01-21 12:00:00,12887.2,27934.12,5822.0,0.4444
2025-01-21 12:05:00,12789.33,28136.75,5854.82,0.17
2025-01-21 12:10:00,13186.56,28667.38,5854.87,1.4323
2025-01-21 12:15:00,13453.41,28799.76,5854.93,0.788
2025-01-21 12:20:00,13687.02,29318.26,5816.71,0.9153
2025-01-21 12:25:00,13872.6,29654.33,6090.76,0.1706
2025-01-21 12:30:00,14060.38,30171.08,6090.74,0.6832
2025-01-21 12:35:00,14359.81,30791.68,6090.97,0.2922
2025-01-21 12:40:00,14680.18,31127.07,6091.0,0.2201
2025-01-21 12:45:00,14947.84,31327.32,6090.97,0.125
2025-01-21 12:50:00,15039.99,31780.08,6090.87,0.1489
2025-01-21 12:55:00,15186.72,32197.13,6090.95,0.3594
2025-01-21 13:00:00,15348.24,32369.89,6068.73,0.3437
2025-01-21 13:05:00,15167.25,32496.39,6071.76,0.4777
2025-01-21 13:10:00,15288.54,32636.0,6096.82,0.4017
2025-01-21 13:15:00,15396.73,33149.41,6051.74,0.2445
2025-01-21 13:20:00,15648.93,33740.6,6189.73,0.247
2025-01-21 13:25:00,15768.67,34540.41,6235.6,0.9927
2025-01-21 13:30:00,15928.88,34956.37,6190.69,2.4058
2025-01-21 13:35:00,16209.6,35313.32,6190.57,2.1278
2025-01-21 13:40:00,16286.1,35436.42,6190.46,2.0207
2025-01-21 13:45:00,16319.39,35780.45,6190.59,4.4661
2025-01-21 13:50:00,16545.38,36253.91,6190.41,3.7575
2025-01-21 13:55:00,16668.85,36616.14,6190.51,4.7485
2025-01-21 14:00:00,16703.1,36533.14,6178.77,7.9386
2025-01-21 14:05:00,16946.9,37124.01,6175.6,5.6697
2025-01-21 14:10:00,16983.46,37673.53,6175.58,6.6485
2025-01-21 14:15:00,16983.99,37701.53,6220.62,8.4417
2025-01-21 14:20:00,17057.69,38254.45,6313.6,11.8434
2025-01-21 14:25:00,17088.22,38782.54,6313.71,7.6539
2025-01-21 14:30:00,17277.78,39288.9,6313.33,9.406
2025-01-21 14:35:00,17276.15,39585.93,6350.3,8.1555
2025-01-21 14:40:00,17402.77,40073.46,6350.76,2.8222
2025-01-21 14:45:00,17275.34,40062.58,6406.57,0.048
2025-01-21 14:50:00,17476.07,40452.13,6454.26,0.0456
2025-01-21 14:55:00,17374.61,40420.72,6454.35,0.0667
2025-01-21 15:00:00,17599.04,40965.61,6447.28,0.1881
2025-01-21 15:05:00,17380.69,41023.2,6448.69,0.0576
2025-01-21 15:10:00,17527.8,41495.69,6448.56,0.0261
2025-01-21 15:15:00,17534.86,41776.36,6448.63,0.0594
2025-01-21 15:20:00,17618.15,42117.25,6449.01,0.1911
2025-01-21 15:25:00,17570.93,42507.4,6448.9,0.0093
2025-01-21 15:30:00,17548.38,42674.5,6448.6,0.0124
2025-01-21 15:35:00,17571.62,42922.62,6448.67,0.0069
2025-01-21 15:40:00,17504.81,42596.74,6448.95,0.0112
2025-01-21 15:45:00,17520.8,42689.96,6448.91,0.0116
2025-01-21 15:50:00,17424.45,42427.99,6448.85,0.0089
2025-01-21 15:55:00,17489.07,42350.49,6448.62,0.007
2025-01-21 16:00:00,17528.02,42213.18,6462.42,0.0053
2025-01-21 16:05:00,17857.05,42060.04,6459.61,0.0071
2025-01-21 16:10:00,17961.55,41531.81,6459.51,0.0104
2025-01-21 16:15:00,17845.78,40434.64,6403.63,0.0022
2025-01-21 16:20:00,17654.13,39311.42,6403.57,0.025
2025-01-21 16:25:00,17655.75,38703.14,6459.25,0.951
2025-01-21 16:30:00,17511.95,38064.23,6459.5,2.2797
2025-01-21 16:35:00,17183.39,36808.16,6459.48,0.0
2025-01-21 16:40:00,17022.04,35892.55,6459.85,0.0
2025-01-21 16:45:00,16628.04,33871.13,6403.86,0.0
2025-01-21 16:50:00,16134.14,32644.94,6068.26,0.0
2025-01-21 16:55:00,16304.45,31951.45,6043.24,0.0
2025-01-21 17:00:00,16365.18,31392.45,6015.46,0.0
2025-01-21 17:05:00,15771.48,30142.81,6031.47,0.0
2025-01-21 17:10:00,14955.96,28153.46,6031.37,0.0
2025-01-21 17:15:00,14387.38,26718.78,6031.17,0.0
2025-01-21 17:20:00,13797.43,25304.04,6031.35,0.0
2025-01-21 17:25:00,13253.66,24236.13,6031.21,0.0
2025-01-21 17:30:00,12615.89,22960.46,6031.14,0.0
2025-01-21 17:35:00,12118.18,21426.26,6031.07,0.0
2025-01-21 17:40:00,11859.49,20436.97,6031.08,0.0
2025-01-21 17:45:00,11721.33,19476.81,6031.34,0.0
2025-01-21 17:50:00,11233.35,18245.44,6031.2,0.0
2025-01-21 17:55:00,11229.07,17872.23,5884.13,0.0
2025-01-21 18:00:00,11031.44,17605.94,5898.57,0.0
2025-01-21 18:05:00,10480.4,17472.73,5946.98,0.0
2025-01-21 18:10:00,10112.37,17019.46,5946.94,0.0
2025-01-21 18:15:00,9997.86,16614.61,5946.69,0.0
2025-01-21 18:20:00,10245.09,16669.84,5946.68,0.0
2025-01-21 18:25:00,10265.08,16674.24,5946.67,0.0
2025-01-21 18:30:00,10235.45,16491.0,5946.68,0.0
2025-01-21 18:35:00,10162.88,16781.42,5946.7,0.0
2025-01-21 18:40:00,10169.27,16831.18,5946.68,0.0
2025-01-21 18:45:00,10150.34,17167.24,5946.91,0.3015
2025-01-21 18:50:00,10101.19,17110.35,5946.75,0.1772
2025-01-21 18:55:00,10206.74,17416.46,5946.56,1.0842
2025-01-21 19:00:00,10460.29,17720.51,5922.26,0.0
2025-01-21 19:05:00,10438.52,17934.3,5923.78,0.0
2025-01-21 19:10:00,10559.85,17909.11,5923.83,0.0267
2025-01-21 19:15:00,10756.6,18142.62,5923.92,1.0266
2025-01-21 19:20:00,10658.62,18098.11,5923.86,0.4573
2025-01-21 19:25:00,10580.16,18212.29,5923.7,0.583
2025-01-21 19:30:00,10654.16,18455.65,5923.89,1.8333
2025-01-21 19:35:00,10658.22,18440.32,5923.93,0.771
2025-01-21 19:40:00,10700.7,18253.49,5923.98,2.012
2025-01-21 19:45:00,10721.79,18527.26,5923.94,2.7391
2025-01-21 19:50:00,10731.06,18562.76,5923.86,2.6644
2025-01-21 19:55:00,10663.5,18629.42,5924.03,1.8572
2025-01-21 20:00:00,10851.58,19042.46,5921.88,1.9594
2025-01-21 20:05:00,11137.76,19604.27,5920.26,3.4354
2025-01-21 20:10:00,11086.72,19800.84,5989.24,0.7908
2025-01-21 20:15:00,11170.97,20041.2,5988.91,0.0
2025-01-21 20:20:00,11163.23,20119.07,6044.69,0.0
2025-01-21 20:25:00,11295.76,20418.78,6090.91,0.0
2025-01-21 20:30:00,11459.67,20741.95,6090.87,0.8879
2025-01-21 20:35:00,11362.71,20737.33,6090.75,0.0
2025-01-21 20:40:00,11485.62,21081.97,6090.99,0.0
2025-01-21 20:45:00,11705.36,21248.32,6139.11,0.0
2025-01-21 20:50:00,11502.21,20900.82,6138.91,0.0
2025-01-21 20:55:00,11654.34,21313.08,6144.82,0.0367
2025-01-21 21:00:00,11755.76,21617.83,6092.91,0.0
2025-01-21 21:05:00,11820.04,22195.56,6221.9,2.574
2025-01-21 21:10:00,11765.33,22271.85,6130.69,0.166
2025-01-21 21:15:00,11861.65,22376.75,6130.66,0.0
2025-01-21 21:20:00,12144.92,22501.16,6130.89,0.0
2025-01-21 21:25:00,12233.64,22887.16,6080.96,0.7587
2025-01-21 21:30:00,12179.42,22982.58,6075.11,0.0
2025-01-21 21:35:00,12261.51,23254.55,6075.08,0.6378
2025-01-21 21:40:00,12336.59,23365.1,6075.01,1.076
2025-01-21 21:45:00,12504.46,23711.65,6074.86,0.5202
2025-01-21 21:50:00,12392.12,24467.13,5969.1,0.1392
2025-01-21 21:55:00,12377.06,24810.82,5968.98,0.0
2025-01-21 22:00:00,12423.48,24250.67,5671.08,0.474
2025-01-21 22:05:00,12465.85,24605.18,5924.15,2.8967
2025-01-21 22:10:00,12676.69,25034.88,5924.14,2.6247
2025-01-21 22:15:00,12893.39,25076.97,5924.35,1.9646
2025-01-21 22:20:00,12763.07,25221.04,5924.2,0.7189
2025-01-21 22:25:00,12874.52,25357.77,5924.19,1.7153
2025-01-21 22:30:00,13242.16,25783.87,5924.21,0.865
2025-01-21 22:35:00,12930.32,26160.74,5924.19,0.0
2025-01-21 22:40:00,12973.88,26309.81,5924.1,0.0
2025-01-21 22:45:00,12973.79,25875.45,5924.23,0.0
2025-01-21 22:50:00,13011.8,26185.74,6027.13,0.0
2025-01-21 22:55:00,12989.64,26523.97,6027.13,0.0
2025-01-21 23:00:00,12832.93,26478.22,6029.61,0.8169
2025-01-21 23:05:00,13011.2,26476.91,6032.91,0.2486
2025-01-21 23:10:00,13569.29,27010.46,6032.88,0.359
2025-01-21 23:15:00,13329.87,27344.13,6032.78,0.9512
2025-01-21 23:20:00,13361.4,27222.39,6032.84,0.1637
2025-01-21 23:25:00,13309.92,26540.96,6032.79,0.0
2025-01-21 23:30:00,13335.3,26639.97,6032.89,0.0
2025-01-21 23:35:00,13271.56,27040.91,6032.94,0.0
2025-01-21 23:40:00,13233.11,27231.75,6032.73,0.0
2025-01-21 23:45:00,12927.05,26461.23,6032.77,0.0
2025-01-21 23:50:00,12817.15,26183.85,6032.64,0.0
2025-01-21 23:55:00,13376.25,26694.09,6032.69,0.0
2025-01-22 00:00:00,13098.26,27227.07,6081.15,0.159
2025-01-22 00:05:00,13098.58,27038.04,6188.81,0.0
2025-01-22 00:10:00,13077.66,26163.47,6264.49,0.0
2025-01-22 00:15:00,13159.16,26025.74,6264.47,0.0
2025-01-22 00:20:00,13166.27,26309.23,6360.9,0.0
2025-01-22 00:25:00,13221.89,26526.44,6530.56,0.0
2025-01-22 00:30:00,13274.04,26369.46,6530.57,0.0206
2025-01-22 00:35:00,13469.79,26487.65,6530.55,0.0
2025-01-22 00:40:00,13257.49,26735.58,6530.68,0.5498
2025-01-22 00:45:00,13116.93,26733.82,6530.6,0.0
2025-01-22 00:50:00,13099.88,26248.16,6530.46,0.0
2025-01-22 00:55:00,12961.08,26114.78,6530.39,0.27
2025-01-22 01:00:00,12959.98,26373.27,6530.51,0.1735
2025-01-22 01:05:00,13311.1,26771.58,6528.97,0.0627
2025-01-22 01:10:00,13275.71,26727.93,6528.84,0.0
2025-01-22 01:15:00,13601.01,26757.1,6528.88,0.0
2025-01-22 01:20:00,13300.64,26916.29,6528.81,0.0
2025-01-22 01:25:00,13486.79,26251.74,6528.96,0.0
2025-01-22 01:30:00,13295.01,26531.95,6529.1,0.0
2025-01-22 01:35:00,13194.4,26374.69,6529.06,0.0
2025-01-22 01:40:00,13264.3,26090.33,6529.03,0.0
2025-01-22 01:45:00,13277.48,26213.4,6529.09,0.2936
2025-01-22 01:50:00,13183.29,26166.37,6528.81,0.185
2025-01-22 01:55:00,13221.93,25858.53,6528.94,0.0
2025-01-22 02:00:00,13170.15,25745.97,6530.33,0.0
2025-01-22 02:05:00,13171.86,25687.89,6528.56,0.0
2025-01-22 02:10:00,13179.96,25581.42,6528.68,0.0
2025-01-22 02:15:00,13118.53,25730.51,6528.61,0.0
2025-01-22 02:20:00,13043.26,25456.17,6528.7,0.0
2025-01-22 02:25:00,13115.01,25111.89,6528.53,0.0834
2025-01-22 02:30:00,12949.85,24779.02,6528.66,0.061
2025-01-22 02:35:00,13063.84,25166.88,6528.72,0.0659
2025-01-22 02:40:00,13137.46,25232.56,6528.61,0.0
2025-01-22 02:45:00,13306.4,25377.52,6528.65,0.0
2025-01-22 02:50:00,13395.77,25278.65,6528.58,0.0
2025-01-22 02:55:00,13353.59,25173.02,6528.49,0.0012
2025-01-22 03:00:00,13376.88,25041.21,6529.35,0.1009
2025-01-22 03:05:00,13154.06,24952.15,6530.75,0.0879
2025-01-22 03:10:00,13025.23,24716.89,6531.05,0.0
2025-01-22 03:15:00,12995.28,24418.26,6531.11,0.0
2025-01-22 03:20:00,13026.37,24101.14,6531.02,0.0126
2025-01-22 03:25:00,13082.34,24364.41,6530.92,0.0
2025-01-22 03:30:00,13172.12,24386.84,6558.95,0.1035
2025-01-22 03:35:00,13166.62,24190.03,6559.13,0.2682
2025-01-22 03:40:00,13024.21,24043.15,6559.1,0.0
2025-01-22 03:45:00,13059.49,23942.99,6517.71,0.0
2025-01-22 03:50:00,13007.01,23903.07,6517.6,0.0
2025-01-22 03:55:00,12988.47,23833.24,6517.73,0.103
2025-01-22 04:00:00,13028.55,23802.46,6466.46,0.0
2025-01-22 04:05:00,12993.11,23632.45,6468.03,0.0
2025-01-22 04:10:00,12897.66,23450.12,6468.05,0.0
2025-01-22 04:15:00,12653.84,23543.79,6467.99,0.0
2025-01-22 04:20:00,12380.4,23251.0,6467.9,0.0
2025-01-22 04:25:00,12362.05,22857.27,6468.07,0.0
2025-01-22 04:30:00,12306.27,22935.73,6439.97,0.0
2025-01-22 04:35:00,12317.15,22844.63,6439.98,0.0
2025-01-22 04:40:00,12296.19,22674.26,6440.02,0.0
2025-01-22 04:45:00,12142.71,22266.92,6440.02,0.0
2025-01-22 04:50:00,12300.95,22091.31,6439.99,0.0
2025-01-22 04:55:00,11987.12,22176.81,6439.83,0.0
2025-01-22 05:00:00,12088.3,21838.47,6382.39,0.0
2025-01-22 05:05:00,11856.3,21334.01,6629.67,0.0
2025-01-22 05:10:00,11886.32,20844.45,6585.83,0.0
2025-01-22 05:15:00,11799.65,20429.01,6584.59,0.0
2025-01-22 05:20:00,11882.48,20450.04,6585.65,0.0
2025-01-22 05:25:00,11701.77,20206.29,6585.75,0.0
2025-01-22 05:30:00,11583.83,19925.02,6585.84,0.0
2025-01-22 05:35:00,11442.47,19442.63,6585.74,0.0
2025-01-22 05:40:00,11338.28,19567.27,6585.68,0.0
2025-01-22 05:45:00,11291.79,19181.78,6585.65,0.0
2025-01-22 05:50:00,10903.15,18868.9,6585.78,0.0
2025-01-22 05:55:00,10785.59,18625.46,6402.73,0.0
2025-01-22 06:00:00,11016.91,18652.32,6021.01,1.3631
2025-01-22 06:05:00,10915.24,18025.53,6224.01,2.7038
2025-01-22 06:10:00,10535.37,17884.12,6020.81,1.7739
2025-01-22 06:15:00,10505.55,18174.08,5767.31,0.6206
2025-01-22 06:20:00,10492.3,18573.31,5314.82,0.5516
2025-01-22 06:25:00,10486.54,18461.85,5314.87,0.1659
2025-01-22 06:30:00,10382.18,18295.08,5289.82,0.1214
2025-01-22 06:35:00,10081.38,17797.02,5289.71,0.0
2025-01-22 06:40:00,10067.78,17583.53,5289.71,0.0
2025-01-22 06:45:00,10010.72,17947.59,4883.31,0.0
2025-01-22 06:50:00,9755.76,18022.66,4752.31,0.0161
2025-01-22 06:55:00,10037.55,17960.08,4599.36,0.0
2025-01-22 07:00:00,9905.17,17861.38,4598.21,0.0812
2025-01-22 07:05:00,9613.15,17395.09,4599.87,0.2651
2025-01-22 07:10:00,9415.29,17024.97,4550.92,0.0
2025-01-22 07:15:00,9592.9,16768.77,4568.92,0.0
2025-01-22 07:20:00,9522.33,16897.46,4568.92,0.2358
2025-01-22 07:25:00,9565.13,16886.74,4550.92,0.0
2025-01-22 07:30:00,9715.55,16979.42,4551.03,0.0386
2025-01-22 07:35:00,9817.72,16953.36,4550.97,0.0
2025-01-22 07:40:00,9927.73,17712.13,4550.92,0.553
2025-01-22 07:45:00,10303.66,18245.69,4550.87,2.1166
2025-01-22 07:50:00,10476.79,19046.95,4550.97,1.3061
2025-01-22 07:55:00,10912.14,19718.28,4551.03,2.4853
2025-01-22 08:00:00,11195.37,20035.34,4791.23,3.1621
2025-01-22 08:05:00,11393.56,20418.82,5138.6,6.7469
2025-01-22 08:10:00,11617.25,21308.32,5504.1,5.8994
2025-01-22 08:15:00,11924.3,22061.45,5901.71,5.5427
2025-01-22 08:20:00,12071.01,22943.57,6192.36,3.2976
2025-01-22 08:25:00,12348.46,23729.09,6371.53,5.2224
2025-01-22 08:30:00,12765.28,25062.54,6598.48,3.8122
2025-01-22 08:35:00,13492.18,26524.54,6552.59,3.3237
2025-01-22 08:40:00,13948.46,27914.64,6552.53,2.1761
2025-01-22 08:45:00,14242.47,29498.97,6552.53,2.492
2025-01-22 08:50:00,14710.2,30653.8,6597.62,1.9088
2025-01-22 08:55:00,15023.21,31780.04,6598.07,6.2464
2025-01-22 09:00:00,15263.34,32270.12,6929.57,5.4312
2025-01-22 09:05:00,15632.55,32799.24,6972.12,6.8724
2025-01-22 09:10:00,15993.82,33427.96,7177.09,6.522
2025-01-22 09:15:00,16076.11,33077.32,7324.53,5.4603
2025-01-22 09:20:00,16107.71,33005.09,7324.72,3.9025
2025-01-22 09:25:00,16199.51,33180.45,7324.87,3.5505
2025-01-22 09:30:00,16242.07,33432.83,7324.6,2.9902
2025-01-22 09:35:00,16386.09,33973.96,7324.69,3.9439
2025-01-22 09:40:00,16483.23,33913.91,7249.3,0.4443
2025-01-22 09:45:00,16501.69,33780.12,7249.25,0.0
2025-01-22 09:50:00,16516.14,33927.06,7249.42,0.0
2025-01-22 09:55:00,16660.3,34270.51,7249.53,0.2398
2025-01-22 10:00:00,16324.95,34054.46,6801.21,0.0
2025-01-22 10:05:00,16003.59,33716.8,6559.38,3.0746
2025-01-22 10:10:00,16040.64,33874.54,6584.69,1.4931
2025-01-22 10:15:00,16136.53,34202.43,6584.74,1.9297
2025-01-22 10:20:00,16467.08,34488.7,6576.65,0.4882
2025-01-22 10:25:00,16517.1,34843.5,6576.71,0.7751
2025-01-22 10:30:00,16675.36,35062.89,6576.45,0.5839
2025-01-22 10:35:00,16640.81,35054.87,6576.4,0.146
2025-01-22 10:40:00,16652.26,35108.65,6576.44,0.2652
2025-01-22 10:45:00,16646.44,35428.66,6576.54,0.7647
2025-01-22 10:50:00,16728.13,35782.11,6576.96,2.8063
2025-01-22 10:55:00,16757.91,35860.73,6576.77,0.3992
2025-01-22 11:00:00,16681.58,35681.01,6221.22,0.3152
2025-01-22 11:05:00,16406.27,35072.8,6591.8,0.0297
2025-01-22 11:10:00,16141.63,34787.26,6591.94,2.3213
2025-01-22 11:15:00,16122.84,35236.19,6633.97,8.4866
2025-01-22 11:20:00,16208.06,35502.26,6633.84,2.1179
2025-01-22 11:25:00,16281.95,35653.4,6633.81,0.7459
2025-01-22 11:30:00,16329.78,36047.76,6633.59,0.0047
2025-01-22 11:35:00,16271.7,36302.25,6633.94,0.8467
2025-01-22 11:40:00,16278.72,36354.18,6633.76,0.5551
2025-01-22 11:45:00,16462.55,36480.95,6633.74,0.0015
2025-01-22 11:50:00,16597.46,36448.8,6634.11,0.0015
2025-01-22 11:55:00,16662.28,36609.72,6634.06,0.0005
2025-01-22 12:00:00,16531.74,35960.53,6528.5,0.0
2025-01-22 12:05:00,16463.46,35724.31,6634.89,0.0
2025-01-22 12:10:00,16462.51,35738.26,6634.71,0.0
2025-01-22 12:15:00,16496.81,35749.46,6634.78,0.0
2025-01-22 12:20:00,16668.18,35951.37,6634.86,0.0
2025-01-22 12:25:00,16737.22,36179.03,6634.65,0.0
2025-01-22 12:30:00,16769.43,36560.74,6634.44,0.0
2025-01-22 12:35:00,16769.15,36761.7,6634.4,0.0
2025-01-22 12:40:00,16737.71,36789.28,6634.5,0.0
2025-01-22 12:45:00,16627.62,36702.82,6634.45,0.0
2025-01-22 12:50:00,16776.03,37282.86,6634.72,0.0
2025-01-22 12:55:00,16543.48,37720.78,6634.58,0.0
2025-01-22 13:00:00,16757.41,38495.38,6624.1,0.0
2025-01-22 13:05:00,16453.68,38734.02,6622.99,0.0
2025-01-22 13:10:00,16118.23,38663.99,6623.01,0.0
2025-01-22 13:15:00,16354.64,38646.05,6623.02,0.0
2025-01-22 13:20:00,16548.99,38887.04,6623.23,0.0
2025-01-22 13:25:00,16479.55,38967.32,6623.07,0.0
2025-01-22 13:30:00,16408.09,38860.63,6622.76,0.0
2025-01-22 13:35:00,16382.45,38767.39,6622.73,0.0
2025-01-22 13:40:00,16436.25,38910.66,6622.77,0.0
2025-01-22 13:45:00,16345.93,38897.67,6622.56,0.0
2025-01-22 13:50:00,16156.01,38903.94,6622.88,0.0
2025-01-22 13:55:00,16241.11,39404.08,6622.92,0.0
2025-01-22 14:00:00,16174.28,39531.77,6617.4,0.0
2025-01-22 14:05:00,15971.58,39445.68,6616.16,0.0
2025-01-22 14:10:00,15737.8,39252.93,6615.99,0.0
2025-01-22 14:15:00,16034.11,39160.27,6616.02,0.0
2025-01-22 14:20:00,16042.44,39307.4,6616.06,0.0
2025-01-22 14:25:00,16035.85,39410.49,6616.0,0.0
2025-01-22 14:30:00,15836.5,39243.5,6615.8,0.0
2025-01-22 14:35:00,16023.16,39389.04,6615.8,0.0
2025-01-22 14:40:00,16119.59,39606.86,6615.88,0.0
2025-01-22 14:45:00,15876.26,39345.58,6615.81,0.0
2025-01-22 14:50:00,15936.89,39259.08,6616.14,0.0
2025-01-22 14:55:00,15818.05,39056.01,6616.25,0.0
2025-01-22 15:00:00,16139.56,39257.75,6614.3,0.0
2025-01-22 15:05:00,16233.65,39140.22,6555.86,0.0
2025-01-22 15:10:00,16249.68,39331.2,6555.98,0.0
2025-01-22 15:15:00,16227.37,39242.82,6611.68,0.0
2025-01-22 15:20:00,16118.7,39201.55,6611.77,0.0
2025-01-22 15:25:00,16229.52,39009.27,6611.64,0.0
2025-01-22 15:30:00,16192.37,38978.56,6611.43,0.0
2025-01-22 15:35:00,16096.84,38584.95,6611.46,0.0
2025-01-22 15:40:00,16175.43,38291.14,6611.46,0.0
2025-01-22 15:45:00,15931.38,37837.57,6611.4,0.0
2025-01-22 15:50:00,15809.01,37966.71,6611.65,0.0
2025-01-22 15:55:00,15909.67,38054.19,6611.77,0.0
2025-01-22 16:00:00,15841.89,37004.98,6567.84,0.0
2025-01-22 16:05:00,15850.37,36946.71,6617.37,0.0
2025-01-22 16:10:00,16053.78,36373.25,6617.44,0.0
2025-01-22 16:15:00,15825.24,35357.31,6617.54,0.0
2025-01-22 16:20:00,15974.58,34176.21,6617.57,0.0
2025-01-22 16:25:00,15745.53,32282.83,6617.42,0.0
2025-01-22 16:30:00,15465.44,31619.98,6617.26,0.0
2025-01-22 16:35:00,15280.0,30964.78,6617.24,0.0
2025-01-22 16:40:00,14790.57,29697.25,6617.14,0.0
2025-01-22 16:45:00,14086.21,28110.95,6617.0,0.0
2025-01-22 16:50:00,14127.93,28143.94,6364.03,0.0
2025-01-22 16:55:00,14311.25,27230.25,6364.33,0.0
2025-01-22 17:00:00,13923.03,26302.52,6288.41,0.0
2025-01-22 17:05:00,14082.33,25712.56,6252.25,0.0
2025-01-22 17:10:00,13077.83,23716.24,6252.39,0.0
2025-01-22 17:15:00,12423.41,22216.14,6252.33,0.0
2025-01-22 17:20:00,11704.73,20832.31,6252.28,0.0
2025-01-22 17:25:00,11436.24,19946.94,6252.27,0.0
2025-01-22 17:30:00,10938.75,18980.5,6252.21,0.0
2025-01-22 17:35:00,10141.18,17615.32,6252.11,0.0
2025-01-22 17:40:00,9700.18,16636.64,6252.3,0.0
2025-01-22 17:45:00,9036.78,15794.4,6252.33,0.0
2025-01-22 17:50:00,8650.03,15101.57,6164.72,0.0
2025-01-22 17:55:00,8580.86,14991.14,6164.69,0.0
2025-01-22 18:00:00,8442.64,14853.94,6137.97,0.0
2025-01-22 18:05:00,8165.09,14028.92,6086.66,0.0
2025-01-22 18:10:00,7947.06,13849.18,6086.74,0.0
2025-01-22 18:15:00,8030.81,13756.07,6069.8,0.0
2025-01-22 18:20:00,8119.71,13698.99,6069.6,0.0
2025-01-22 18:25:00,8303.75,13863.35,6069.53,0.0
2025-01-22 18:30:00,8386.4,14137.49,6069.58,0.0
2025-01-22 18:35:00,8379.0,14272.44,6069.56,0.0
2025-01-22 18:40:00,8584.04,14416.06,6069.72,0.0
2025-01-22 18:45:00,8675.21,14643.97,6069.69,0.0
2025-01-22 18:50:00,8764.06,14716.47,6069.65,0.0
2025-01-22 18:55:00,8853.8,14904.0,6115.81,0.0
2025-01-22 19:00:00,9100.97,15180.52,6091.18,0.0
2025-01-22 19:05:00,9106.38,15545.32,6091.18,0.0
2025-01-22 19:10:00,9382.7,15617.03,6091.18,0.0
2025-01-22 19:15:00,9277.99,15565.11,6091.22,0.0
2025-01-22 19:20:00,9280.46,15296.24,6091.18,0.0
2025-01-22 19:25:00,9232.21,15294.36,6091.17,0.0
2025-01-22 19:30:00,9278.54,15338.41,6091.18,0.0
2025-01-22 19:35:00,9421.92,15572.82,6097.09,0.0
2025-01-22 19:40:00,9449.46,15998.22,6097.1,0.0
2025-01-22 19:45:00,9514.9,16076.16,6097.09,0.0
2025-01-22 19:50:00,9557.17,16098.42,6097.09,0.0
2025-01-22 19:55:00,9477.99,16089.4,6097.08,0.0
2025-01-22 20:00:00,9527.72,16237.11,6063.42,0.0
2025-01-22 20:05:00,9569.25,16640.74,6126.47,0.0
2025-01-22 20:10:00,9580.95,16699.55,6176.5,0.0
2025-01-22 20:15:00,9567.03,16969.85,6176.5,0.0
2025-01-22 20:20:00,9623.74,17159.91,6176.51,0.0
2025-01-22 20:25:00,9783.91,17550.91,6176.5,0.0
2025-01-22 20:30:00,9880.56,17717.59,6176.4,0.0
2025-01-22 20:35:00,10004.74,18063.91,6176.48,0.0
2025-01-22 20:40:00,9984.82,18147.72,6176.4,0.0
2025-01-22 20:45:00,9840.25,18054.89,6176.4,0.0
2025-01-22 20:50:00,9953.17,18048.01,6184.85,0.0
2025-01-22 20:55:00,10065.86,18148.72,6184.81,0.0
2025-01-22 21:00:00,9976.21,17972.08,6199.2,0.0
2025-01-22 21:05:00,9897.48,18010.96,6391.22,0.0
2025-01-22 21:10:00,9906.1,18008.56,6391.27,0.0
2025-01-22 21:15:00,9895.06,17693.21,6385.36,0.0
2025-01-22 21:20:00,9943.54,17753.51,6385.39,0.0
2025-01-22 21:25:00,9991.58,18005.34,6385.57,0.0
2025-01-22 21:30:00,10137.01,18284.22,6528.95,0.0
2025-01-22 21:35:00,10084.45,18038.11,6634.81,0.0
2025-01-22 21:40:00,10160.17,18130.2,6635.1,0.0
2025-01-22 21:45:00,10193.4,18252.72,6635.01,0.0
2025-01-22 21:50:00,10138.01,18495.64,6635.07,0.0
2025-01-22 21:55:00,10290.1,18740.51,6641.23,0.0
2025-01-22 22:00:00,10275.83,19050.47,6226.85,0.0
2025-01-22 22:05:00,10361.76,19336.7,6618.14,0.0
2025-01-22 22:10:00,10477.77,19482.82,6612.29,0.0
2025-01-22 22:15:00,10453.52,19379.83,6612.27,0.0
2025-01-22 22:20:00,10404.01,19175.43,6612.3,0.0
2025-01-22 22:25:00,10389.2,19126.65,6612.4,0.0
2025-01-22 22:30:00,10564.32,19240.02,6612.5,0.0
2025-01-22 22:35:00,10538.47,19341.76,6612.14,0.0
2025-01-22 22:40:00,10396.84,18976.39,6612.09,0.0
2025-01-22 22:45:00,10431.02,19000.41,6612.19,0.0
2025-01-22 22:50:00,10468.59,19079.24,6612.13,0.0
2025-01-22 22:55:00,10421.96,19215.15,6612.46,0.0
2025-01-22 23:00:00,10254.95,18777.95,6615.16,0.0
2025-01-22 23:05:00,10153.67,18670.63,6618.11,0.0
2025-01-22 23:10:00,10244.94,18725.06,6618.13,0.0
2025-01-22 23:15:00,10249.51,18780.05,6618.23,0.0
2025-01-22 23:20:00,10280.92,18726.44,6624.12,0.0
2025-01-22 23:25:00,10136.85,18449.31,6624.13,0.0
2025-01-22 23:30:00,10071.83,18473.47,6624.23,0.0
2025-01-22 23:35:00,9915.57,18599.01,6624.06,0.0
2025-01-22 23:40:00,10009.34,18490.07,6624.04,0.0
2025-01-22 23:45:00,9905.73,18372.27,6623.84,0.0
2025-01-22 23:50:00,9854.39,18550.58,6623.92,0.0
2025-01-22 23:55:00,9776.41,18098.32,6579.09,0.0
2025-01-23 00:00:00,9708.01,17729.83,6262.96,0.0
2025-01-23 00:05:00,9350.91,16705.01,6754.52,0.0
2025-01-23 00:10:00,9094.69,16354.87,6694.53,0.0
2025-01-23 00:15:00,9021.58,16127.47,6541.36,0.0
2025-01-23 00:20:00,9116.44,16093.64,6541.66,0.0
2025-01-23 00:25:00,9324.1,16577.49,6541.6,0.0
2025-01-23 00:30:00,9377.61,16465.12,6491.45,0.0
2025-01-23 00:35:00,9091.4,16002.89,6491.5,0.0
2025-01-23 00:40:00,8922.48,15921.46,6491.49,0.0
2025-01-23 00:45:00,8323.78,15757.65,6491.31,0.0
2025-01-23 00:50:00,8573.05,15884.59,6440.11,0.0
2025-01-23 00:55:00,8907.23,16009.44,6440.4,0.0
2025-01-23 01:00:00,9182.04,16038.77,6289.79,0.0
2025-01-23 01:05:00,9325.12,16148.71,6341.43,0.0
2025-01-23 01:10:00,9455.39,16245.06,6341.56,0.0
2025-01-23 01:15:00,9626.95,16341.0,6341.49,0.0
2025-01-23 01:20:00,9152.14,16202.84,6341.13,0.0
2025-01-23 01:25:00,9181.49,16397.07,6285.0,0.0
2025-01-23 01:30:00,9391.57,16176.27,6143.8,0.0
2025-01-23 01:35:00,9522.18,15997.99,6143.76,0.0
2025-01-23 01:40:00,9474.95,15941.84,6143.8,0.0
2025-01-23 01:45:00,9479.67,15731.31,6143.72,0.0
2025-01-23 01:50:00,9187.6,15489.13,6143.72,0.0
2025-01-23 01:55:00,9155.16,15578.39,6106.43,0.0
2025-01-23 02:00:00,9210.1,15808.59,6110.64,0.0
2025-01-23 02:05:00,9209.32,15855.84,6108.91,0.0
2025-01-23 02:10:00,9194.32,15920.79,6072.01,0.0
2025-01-23 02:15:00,9139.99,15995.76,6072.02,0.0
2025-01-23 02:20:00,9098.01,15808.54,6071.96,0.0
2025-01-23 02:25:00,9041.39,15551.06,6071.91,0.0
2025-01-23 02:30:00,9103.17,15947.91,6072.01,0.0
2025-01-23 02:35:00,9185.92,15904.18,6072.01,0.0
2025-01-23 02:40:00,9276.46,16050.83,6021.01,0.0
2025-01-23 02:45:00,9192.85,15780.81,6021.07,0.0
2025-01-23 02:50:00,9176.14,15843.82,6021.07,0.0
2025-01-23 02:55:00,9185.36,16174.16,5970.01,0.0
2025-01-23 03:00:00,9316.86,16218.84,6023.35,0.0
2025-01-23 03:05:00,9426.61,16097.2,6023.4,0.0
2025-01-23 03:10:00,9530.91,16115.71,6023.4,0.0
2025-01-23 03:15:00,9506.53,16056.47,6023.4,0.0
2025-01-23 03:20:00,9461.89,15927.82,6023.4,0.0
2025-01-23 03:25:00,9482.8,15965.06,6023.4,0.0
2025-01-23 03:30:00,9522.2,16025.13,6023.35,0.0
2025-01-23 03:35:00,9519.73,15750.21,6023.4,0.0
2025-01-23 03:40:00,9480.73,15861.01,6023.35,0.0
2025-01-23 03:45:00,9466.65,15727.25,6023.3,0.0
2025-01-23 03:50:00,9446.04,15751.37,6023.35,0.0
2025-01-23 03:55:00,9417.69,15716.28,6023.4,0.0
2025-01-23 04:00:00,9467.68,15671.95,5974.71,0.0
2025-01-23 04:05:00,9336.53,15130.19,6019.71,0.0
2025-01-23 04:10:00,9212.02,15008.6,6019.71,0.0
2025-01-23 04:15:00,9323.62,15040.35,6019.72,0.0
2025-01-23 04:20:00,9182.95,15008.44,6019.6,0.0
2025-01-23 04:25:00,9171.15,15052.75,6019.66,0.0
2025-01-23 04:30:00,9316.01,15029.51,6019.71,0.0
2025-01-23 04:35:00,9187.89,14749.52,6019.61,0.0
2025-01-23 04:40:00,9051.61,14665.51,6019.61,0.0
2025-01-23 04:45:00,8962.51,14610.42,6018.71,0.0
2025-01-23 04:50:00,9043.59,14526.73,6010.21,0.0
2025-01-23 04:55:00,8962.46,14231.09,6045.16,0.0
2025-01-23 05:00:00,8935.57,14260.83,5867.28,0.0
2025-01-23 05:05:00,8735.42,13746.3,5766.17,0.0
2025-01-23 05:10:00,8525.17,13515.43,5715.12,0.0
2025-01-23 05:15:00,8545.66,13909.71,5249.82,0.0
2025-01-23 05:20:00,8525.29,13800.19,5249.82,0.0
2025-01-23 05:25:00,8597.5,13873.71,5249.88,0.0
2025-01-23 05:30:00,8652.25,13983.82,5057.87,0.0
2025-01-23 05:35:00,8631.73,13537.25,5009.77,0.0
2025-01-23 05:40:00,8421.23,13336.6,5009.71,0.0
2025-01-23 05:45:00,8362.56,13360.64,5009.71,0.0
2025-01-23 05:50:00,8438.69,13293.56,4960.82,0.0
2025-01-23 05:55:00,8388.08,13245.45,4852.72,0.0
2025-01-23 06:00:00,8594.02,13451.42,4807.01,0.0
2025-01-23 06:05:00,8139.65,12740.85,4530.91,0.0
2025-01-23 06:10:00,8258.41,12790.92,4378.91,0.0
2025-01-23 06:15:00,8207.54,12768.3,4373.06,0.0
2025-01-23 06:20:00,8172.07,12698.9,4372.95,0.0
2025-01-23 06:25:00,8242.66,12592.2,4419.0,0.0
2025-01-23 06:30:00,7952.1,12247.05,4419.01,0.0
2025-01-23 06:35:00,7710.98,11995.17,4419.06,0.0
2025-01-23 06:40:00,7658.04,12254.98,4373.12,0.0
2025-01-23 06:45:00,7443.66,12003.07,4373.11,0.0
2025-01-23 06:50:00,7207.34,11718.38,4373.0,0.0
2025-01-23 06:55:00,7035.25,11434.95,4497.78,0.0
2025-01-23 07:00:00,7003.24,11423.65,4494.31,0.0
2025-01-23 07:05:00,6989.55,11038.06,4448.26,0.0
2025-01-23 07:10:00,6741.25,10614.39,4448.26,0.0
2025-01-23 07:15:00,6772.44,10683.86,4448.26,0.0
2025-01-23 07:20:00,6733.28,10727.64,4448.31,0.0
2025-01-23 07:25:00,6749.15,10786.53,4448.26,0.0
2025-01-23 07:30:00,6862.33,10983.84,4448.21,0.0
2025-01-23 07:35:00,7005.95,11349.14,4448.15,0.0
2025-01-23 07:40:00,7145.89,11589.49,4494.21,0.0
2025-01-23 07:45:00,7263.7,12105.98,4542.15,0.0
2025-01-23 07:50:00,7599.65,12435.82,4590.21,0.0
2025-01-23 07:55:00,7518.66,12709.42,4636.31,0.0
2025-01-23 08:00:00,7632.52,13215.96,4689.98,0.0
2025-01-23 08:05:00,7984.94,13772.06,5104.34,0.0
2025-01-23 08:10:00,8363.6,14375.65,5112.64,0.0
2025-01-23 08:15:00,8982.68,15563.85,5202.19,0.0
2025-01-23 08:20:00,9316.2,16092.82,5183.19,0.0
2025-01-23 08:25:00,9388.0,16605.36,5518.34,0.0
2025-01-23 08:30:00,9596.19,17134.35,5748.07,0.0
2025-01-23 08:35:00,9936.2,18255.67,5905.34,0.0
2025-01-23 08:40:00,10403.96,19643.65,6191.64,0.0
2025-01-23 08:45:00,11089.46,20664.54,6191.24,0.0
2025-01-23 08:50:00,11745.74,21144.69,6201.22,0.0
2025-01-23 08:55:00,12024.28,22237.43,6206.27,0.0
2025-01-23 09:00:00,11366.75,21596.56,5892.12,0.0
2025-01-23 09:05:00,11253.45,20942.03,5921.12,0.0
2025-01-23 09:10:00,10901.26,20293.83,6133.19,0.0
2025-01-23 09:15:00,10766.32,19832.44,6150.87,0.0
2025-01-23 09:20:00,10610.8,19578.24,6165.35,0.0
2025-01-23 09:25:00,10480.83,19073.27,6175.86,0.0
2025-01-23 09:30:00,10310.34,18978.88,6176.41,0.0
2025-01-23 09:35:00,10413.7,19232.51,6175.72,0.0
2025-01-23 09:40:00,10611.41,19736.38,6176.16,0.0
2025-01-23 09:45:00,10834.58,20363.77,6176.18,0.0
2025-01-23 09:50:00,10929.29,20821.62,6174.88,0.0
2025-01-23 09:55:00,11271.5,21271.3,6176.81,0.0
2025-01-23 10:00:00,11364.45,21707.0,5837.66,0.0
2025-01-23 10:05:00,11508.24,22203.13,6196.38,0.0
2025-01-23 10:10:00,11663.54,22631.77,6196.31,0.0
2025-01-23 10:15:00,11803.24,23198.06,6196.29,0.0
2025-01-23 10:20:00,11950.4,23327.91,6177.81,0.0
2025-01-23 10:25:00,12158.32,23881.59,6220.24,0.0
2025-01-23 10:30:00,12337.45,24779.34,6220.22,0.0
2025-01-23 10:35:00,12558.15,25274.22,6219.93,0.0
2025-01-23 10:40:00,12762.11,25814.86,6220.05,0.0
2025-01-23 10:45:00,12894.24,26374.75,6219.96,0.0
2025-01-23 10:50:00,13052.93,26940.24,6220.02,0.0
2025-01-23 10:55:00,13282.78,27514.47,6220.11,0.0
2025-01-23 11:00:00,13281.72,27576.83,6087.43,0.0
2025-01-23 11:05:00,13195.3,27785.73,6364.99,0.0
2025-01-23 11:10:00,13254.52,28164.02,6364.89,0.0
2025-01-23 11:15:00,13361.54,28965.98,6364.82,0.0
2025-01-23 11:20:00,13485.69,29606.29,6364.86,0.0
2025-01-23 11:25:00,13592.48,30457.32,6364.93,0.0
2025-01-23 11:30:00,13709.06,30745.9,6364.9,0.0
2025-01-23 11:35:00,13831.83,30974.96,6364.82,0.0
2025-01-23 11:40:00,13795.54,31219.91,6364.88,0.0
2025-01-23 11:45:00,13933.98,31599.61,6364.55,0.0
2025-01-23 11:50:00,14248.11,32014.3,6364.48,0.0
2025-01-23 11:55:00,14013.48,32355.52,6364.83,0.0
2025-01-23 12:00:00,13943.89,31893.67,6361.56,0.0
2025-01-23 12:05:00,14152.26,32097.45,6360.96,0.0
2025-01-23 12:10:00,14222.84,32096.3,6409.0,0.0
2025-01-23 12:15:00,14409.86,32568.56,6409.16,0.0
2025-01-23 12:20:00,14485.47,32190.72,6409.29,0.0
2025-01-23 12:25:00,14399.97,32204.68,6409.25,0.0
2025-01-23 12:30:00,14399.38,32606.38,6409.16,0.0
2025-01-23 12:35:00,14344.01,32434.96,6409.12,0.0
2025-01-23 12:40:00,14351.94,32290.59,6409.05,0.0
2025-01-23 12:45:00,14305.05,32700.12,6408.74,0.0
2025-01-23 12:50:00,14354.28,32481.04,6408.67,0.0
2025-01-23 12:55:00,14316.59,32464.88,6408.94,0.0
2025-01-23 13:00:00,14404.64,32493.07,6398.87,0.0
2025-01-23 13:05:00,14808.54,32862.86,6419.07,0.0
2025-01-23 13:10:00,14980.58,32947.74,6418.88,0.0
2025-01-23 13:15:00,15028.51,33274.68,6418.74,0.0
2025-01-23 13:20:00,15048.18,33651.53,6418.65,0.0
2025-01-23 13:25:00,15053.47,33917.18,6418.8,0.0
2025-01-23 13:30:00,15020.83,33782.2,6418.72,0.0
2025-01-23 13:35:00,15090.91,33852.21,6418.64,0.0
2025-01-23 13:40:00,15105.79,34401.9,6418.6,0.0
2025-01-23 13:45:00,15073.84,34460.3,6418.41,0.0
2025-01-23 13:50:00,15077.26,34544.38,6418.39,0.0
2025-01-23 13:55:00,15020.17,34762.07,6418.65,0.0
2025-01-23 14:00:00,15279.33,35068.52,6405.86,0.0
2025-01-23 14:05:00,15069.18,34172.9,6262.86,0.0
2025-01-23 14:10:00,15165.36,34431.67,6262.48,0.0
2025-01-23 14:15:00,15086.22,34691.92,6262.36,0.0
2025-01-23 14:20:00,14968.09,34707.78,6262.66,0.0
2025-01-23 14:25:00,15167.56,35168.68,6262.78,0.0
2025-01-23 14:30:00,15064.75,35220.32,6262.72,0.0
2025-01-23 14:35:00,15136.63,35712.59,6262.8,0.0
2025-01-23 14:40:00,14993.17,35573.28,6262.89,0.0
2025-01-23 14:45:00,14753.82,35342.58,6262.54,0.0
2025-01-23 14:50:00,14886.3,35494.7,6262.44,0.0
2025-01-23 14:55:00,14892.4,35696.43,6262.54,0.0
2025-01-23 15:00:00,15116.88,36050.84,6263.05,0.0
2025-01-23 15:05:00,14940.42,35967.87,6260.18,0.0
2025-01-23 15:10:00,14972.83,36194.28,6260.06,0.0
2025-01-23 15:15:00,14936.51,36078.25,6259.91,0.0
2025-01-23 15:20:00,14758.5,36036.72,6260.05,0.0
2025-01-23 15:25:00,14860.49,35943.66,6260.21,0.0
2025-01-23 15:30:00,14942.28,36030.15,6308.33,0.0
2025-01-23 15:35:00,14848.95,35785.61,6308.28,0.0
2025-01-23 15:40:00,14800.5,35358.21,6308.26,0.0
2025-01-23 15:45:00,14721.85,35510.87,6307.99,0.0
2025-01-23 15:50:00,14772.85,35128.77,6307.98,0.0
2025-01-23 15:55:00,14892.93,35150.75,6308.28,0.0
2025-01-23 16:00:00,14723.99,35117.41,6308.78,0.0
2025-01-23 16:05:00,14840.61,34951.29,6310.21,0.0
2025-01-23 16:10:00,15021.4,34498.35,6310.15,0.0
2025-01-23 16:15:00,14921.21,33559.74,6310.13,0.0
2025-01-23 16:20:00,15196.21,32624.75,6310.17,0.0
2025-01-23 16:25:00,15244.33,31747.11,6310.5,0.0
2025-01-23 16:30:00,14723.48,30485.34,6310.48,0.0
2025-01-23 16:35:00,14616.44,29797.83,6310.23,0.0
2025-01-23 16:40:00,14339.4,28304.87,6310.3,0.0
2025-01-23 16:45:00,13340.33,26515.76,6308.0,0.0
2025-01-23 16:50:00,13300.26,25489.49,6308.0,0.0
2025-01-23 16:55:00,13002.95,24554.23,6285.32,0.0
2025-01-23 17:00:00,13098.23,24244.13,6011.42,0.0
2025-01-23 17:05:00,12996.02,23660.76,6181.63,0.0
2025-01-23 17:10:00,12228.84,22250.26,6181.57,0.0
2025-01-23 17:15:00,12143.55,21015.01,6181.56,0.0
2025-01-23 17:20:00,11617.04,19376.26,6181.47,0.0
2025-01-23 17:25:00,10848.53,17830.35,6181.55,0.0
2025-01-23 17:30:00,9878.17,16279.19,6181.72,0.0
2025-01-23 17:35:00,9245.74,14908.96,5701.74,0.0
2025-01-23 17:40:00,8771.7,13825.24,5701.8,0.0
2025-01-23 17:45:00,8463.4,13358.45,5599.77,0.0
2025-01-23 17:50:00,8066.32,12611.57,5502.54,0.0
2025-01-23 17:55:00,8081.19,12596.0,5268.0,0.0
2025-01-23 18:00:00,7842.67,11966.23,5275.42,0.0
2025-01-23 18:05:00,7581.19,11467.04,5319.4,0.0
2025-01-23 18:10:00,7305.45,11079.21,5272.37,0.0
2025-01-23 18:15:00,7169.75,10752.89,5128.24,0.0
2025-01-23 18:20:00,7327.28,11234.47,4753.86,0.0
2025-01-23 18:25:00,7508.92,11099.23,4753.75,0.0
2025-01-23 18:30:00,7496.1,10937.34,4569.87,0.0
2025-01-23 18:35:00,7203.75,10610.66,4569.88,0.0
2025-01-23 18:40:00,7209.83,10678.18,4507.76,0.0
2025-01-23 18:45:00,7266.58,10899.41,4507.6,0.0
2025-01-23 18:50:00,7374.93,10886.04,4262.6,0.0
2025-01-23 18:55:00,7302.48,10771.67,4154.71,0.0
2025-01-23 19:00:00,7409.2,10460.28,4035.24,0.0
2025-01-23 19:05:00,7568.27,11150.0,3888.23,0.0
2025-01-23 19:10:00,8033.91,11164.27,3888.24,0.0152
2025-01-23 19:15:00,7889.54,10924.69,3888.18,3.378
2025-01-23 19:20:00,7866.17,10798.01,3888.23,2.1539
2025-01-23 19:25:00,7923.79,10792.75,3888.13,1.2355
2025-01-23 19:30:00,7788.43,10709.46,3888.18,3.7908
2025-01-23 19:35:00,7733.89,10497.43,3888.23,0.3431
2025-01-23 19:40:00,7543.94,10300.47,3808.23,0.0436
2025-01-23 19:45:00,7215.1,9994.1,3808.13,0.0061
2025-01-23 19:50:00,7356.09,10200.95,3808.18,1.0258
2025-01-23 19:55:00,7586.13,10760.37,3754.18,0.9628
2025-01-23 20:00:00,7509.89,9758.31,3868.62,5.9887
2025-01-23 20:05:00,7175.37,9379.82,3868.83,3.205
2025-01-23 20:10:00,7038.88,9400.97,3563.62,0.008
2025-01-23 20:15:00,6982.37,9135.14,3563.62,2.015
2025-01-23 20:20:00,6873.42,8906.49,3563.57,4.7912
2025-01-23 20:25:00,6673.57,8798.98,3563.62,12.5835
2025-01-23 20:30:00,6652.75,9256.74,3500.42,0.0
2025-01-23 20:35:00,6572.65,9335.83,3500.37,0.0
2025-01-23 20:40:00,6818.77,9551.12,3290.32,0.0
2025-01-23 20:45:00,6750.87,9421.32,3298.87,0.5668
2025-01-23 20:50:00,6637.65,9385.89,3187.92,0.0
2025-01-23 20:55:00,6445.01,9179.15,3188.11,0.0
2025-01-23 21:00:00,6213.2,9136.83,3130.95,1.2632
2025-01-23 21:05:00,6300.99,9472.08,2840.62,4.998
2025-01-23 21:10:00,6590.25,9454.7,2840.62,2.0085
2025-01-23 21:15:00,6811.9,9707.87,2840.56,4.0621
2025-01-23 21:20:00,6878.07,9629.65,2840.56,0.0
2025-01-23 21:25:00,6751.86,9641.5,2840.51,0.2175
2025-01-23 21:30:00,6838.17,10008.58,2795.62,0.0
2025-01-23 21:35:00,7001.86,10229.35,2757.68,2.7865
2025-01-23 21:40:00,7002.49,9998.29,2757.62,1.8031
2025-01-23 21:45:00,6865.54,9959.29,2757.67,0.1408
2025-01-23 21:50:00,6847.3,10297.35,2757.62,22.467
2025-01-23 21:55:00,7133.79,10708.81,2757.62,16.2272
2025-01-23 22:00:00,7132.88,9971.04,2393.06,109.1091
2025-01-23 22:05:00,7027.99,10149.27,2777.86,105.8787
2025-01-23 22:10:00,7221.53,10194.23,2777.86,88.2531
2025-01-23 22:15:00,6970.07,9883.83,2777.75,89.3707
2025-01-23 22:20:00,6977.77,9788.63,2777.75,78.9485
2025-01-23 22:25:00,7139.61,10259.06,2777.86,58.5186
2025-01-23 22:30:00,7291.36,10737.29,2777.86,26.3248
2025-01-23 22:35:00,7474.42,11098.54,2777.75,34.2541
2025-01-23 22:40:00,7466.02,11020.46,2777.75,34.0272
2025-01-23 22:45:00,7510.98,10980.58,2777.86,40.088
2025-01-23 22:50:00,7482.11,10938.4,2777.86,41.2884
2025-01-23 22:55:00,7506.56,10896.19,2887.86,39.0768
2025-01-23 23:00:00,7449.13,11359.58,2842.81,75.3883
2025-01-23 23:05:00,7618.92,11444.31,2979.16,59.4564
2025-01-23 23:10:00,7753.0,11575.54,2979.16,56.9581
2025-01-23 23:15:00,7880.54,11833.65,2979.16,46.3352
2025-01-23 23:20:00,7874.9,11862.62,2979.21,46.2079
2025-01-23 23:25:00,7870.7,12018.2,3033.21,41.3525
2025-01-23 23:30:00,7963.06,12238.2,3033.21,34.3227
2025-01-23 23:35:00,8106.45,12244.47,3033.11,35.45
2025-01-23 23:40:00,8143.28,12511.32,3033.11,32.4321
2025-01-23 23:45:00,8148.51,12634.83,3039.11,33.885
2025-01-23 23:50:00,8038.98,12511.19,3136.66,32.1711
2025-01-23 23:55:00,7972.66,12458.97,3483.61,22.833
2025-01-24 00:00:00,7815.36,12445.41,3434.66,26.8738
2025-01-24 00:05:00,7992.4,12116.6,3805.26,38.663
2025-01-24 00:10:00,8095.15,12414.09,3967.26,22.0803
2025-01-24 00:15:00,8083.88,12517.29,3967.26,30.8653
2025-01-24 00:20:00,8139.04,12882.58,4063.26,22.7122
2025-01-24 00:25:00,8251.92,13138.64,3884.26,15.3336
2025-01-24 00:30:00,8318.94,13135.81,3884.26,15.1344
2025-01-24 00:35:00,8272.13,13124.11,4064.26,12.4955
2025-01-24 00:40:00,8225.39,13114.18,4199.26,9.5829
2025-01-24 00:45:00,8246.41,13535.47,4199.26,6.919
2025-01-24 00:50:00,8208.75,13533.95,4333.26,6.9769
2025-01-24 00:55:00,8266.98,13696.05,4333.26,4.5032
2025-01-24 01:00:00,8330.64,13456.85,4291.58,3.9479
2025-01-24 01:05:00,8156.18,13328.16,4323.47,3.2997
2025-01-24 01:10:00,8347.56,13649.31,4387.17,3.458
2025-01-24 01:15:00,8317.64,13675.31,4490.17,3.5384
2025-01-24 01:20:00,8341.25,13548.64,4490.17,10.2004
2025-01-24 01:25:00,8497.4,14087.47,4490.17,2.5631
2025-01-24 01:30:00,8599.07,14381.04,4496.07,3.4854
2025-01-24 01:35:00,8623.41,13982.9,4541.07,4.5271
2025-01-24 01:40:00,8674.76,14197.08,4621.07,4.3544
2025-01-24 01:45:00,8743.86,14462.61,4701.07,5.0526
2025-01-24 01:50:00,8770.09,14537.27,4701.07,4.2447
2025-01-24 01:55:00,8655.67,14558.1,4695.17,3.9254
2025-01-24 02:00:00,8744.81,14550.39,4750.61,1.8097
2025-01-24 02:05:00,9056.81,14992.35,4840.64,5.103
2025-01-24 02:10:00,9267.82,15340.24,4930.64,2.4879
2025-01-24 02:15:00,9252.68,15370.29,4936.54,6.2023
2025-01-24 02:20:00,9291.51,15318.7,4891.54,4.1532
2025-01-24 02:25:00,9261.66,15505.14,4891.54,2.7896
2025-01-24 02:30:00,9342.37,15499.51,5117.54,5.7606
2025-01-24 02:35:00,9383.58,15657.07,5117.54,5.9205
2025-01-24 02:40:00,9305.08,15816.33,5162.54,4.296
2025-01-24 02:45:00,9478.12,16086.13,5117.54,3.2714
2025-01-24 02:50:00,9466.79,16172.11,5117.54,1.8192
2025-01-24 02:55:00,9588.07,16287.31,5261.54,2.9533
2025-01-24 03:00:00,9680.27,16361.2,5259.51,3.6263
2025-01-24 03:05:00,9920.37,16304.17,5259.47,3.1197
2025-01-24 03:10:00,9992.01,16608.25,5554.47,2.821
2025-01-24 03:15:00,9891.04,16543.79,5746.51,2.3907
2025-01-24 03:20:00,9789.3,16386.06,5854.92,3.1965
2025-01-24 03:25:00,9703.04,15963.23,5910.88,2.6575
2025-01-24 03:30:00,9748.37,16227.34,5966.92,2.6637
2025-01-24 03:35:00,9802.56,16399.87,5967.01,3.4965
2025-01-24 03:40:00,9800.19,16753.12,5967.03,3.4283
2025-01-24 03:45:00,9772.66,16763.25,5967.03,2.6759
2025-01-24 03:50:00,9874.56,16788.09,5967.02,3.3072
2025-01-24 03:55:00,9804.54,17026.29,5967.01,3.6294
2025-01-24 04:00:00,10020.48,17074.88,5918.81,1.0203
2025-01-24 04:05:00,10234.64,16848.25,5873.82,0.8347
2025-01-24 04:10:00,10104.17,16819.14,5873.82,0.8726
2025-01-24 04:15:00,9992.95,16929.22,5873.8,1.0577
2025-01-24 04:20:00,9979.53,16835.29,5873.81,0.891
2025-01-24 04:25:00,10083.79,16740.21,5867.97,0.6746
2025-01-24 04:30:00,9906.09,16648.25,5867.92,2.0649
2025-01-24 04:35:00,9811.36,16676.4,5868.03,2.9721
2025-01-24 04:40:00,9917.79,16666.39,5811.79,1.5379
2025-01-24 04:45:00,9871.93,16917.89,5811.81,2.8713
2025-01-24 04:50:00,9989.58,16830.13,5768.84,2.6048
2025-01-24 04:55:00,9994.24,16826.65,5752.87,1.3874
2025-01-24 05:00:00,10062.41,16750.21,5524.48,0.9594
2025-01-24 05:05:00,9906.93,16597.94,5431.27,0.9041
2025-01-24 05:10:00,9761.77,16247.35,5431.27,1.2375
2025-01-24 05:15:00,9666.5,15984.53,5375.17,1.4264
2025-01-24 05:20:00,9712.41,16095.63,5375.14,2.0985
2025-01-24 05:25:00,9787.39,16264.25,5375.13,3.1203
2025-01-24 05:30:00,9815.93,16009.38,5375.13,2.5455
2025-01-24 05:35:00,9793.64,15837.91,5375.12,2.0654
2025-01-24 05:40:00,9743.94,15570.08,5375.11,1.5835
2025-01-24 05:45:00,9751.66,15331.87,5374.99,1.7785
2025-01-24 05:50:00,9890.41,15226.06,5375.11,1.9439
2025-01-24 05:55:00,9737.55,14896.22,5375.13,2.8719
2025-01-24 06:00:00,9933.15,14763.67,5374.59,1.601
2025-01-24 06:05:00,9566.18,14263.99,5372.94,0.5891
2025-01-24 06:10:00,9422.6,13775.73,5372.93,1.0819
2025-01-24 06:15:00,9134.63,13418.17,5372.94,2.2154
2025-01-24 06:20:00,8743.34,12788.8,5414.21,0.3488
2025-01-24 06:25:00,8549.34,12581.15,5455.96,0.0871
2025-01-24 06:30:00,8565.04,12475.89,5455.94,0.6824
2025-01-24 06:35:00,8449.57,12252.8,5455.91,3.6998
2025-01-24 06:40:00,8307.38,12083.93,5456.1,2.4516
2025-01-24 06:45:00,8267.45,11548.01,5456.05,4.0245
2025-01-24 06:50:00,8130.03,11506.87,5326.61,2.8826
2025-01-24 06:55:00,8205.23,11613.63,5275.57,6.0294
2025-01-24 07:00:00,8342.93,11730.59,5052.72,1.0573
2025-01-24 07:05:00,8000.2,11667.15,5054.45,4.8149
2025-01-24 07:10:00,7915.11,11425.98,5054.66,2.6876
2025-01-24 07:15:00,8103.33,11855.59,5054.58,3.1945
2025-01-24 07:20:00,8142.71,11953.96,5054.41,3.0546
2025-01-24 07:25:00,8022.92,11957.15,5054.44,1.581
2025-01-24 07:30:00,8135.0,12297.17,5054.45,2.6509
2025-01-24 07:35:00,8512.38,12621.88,5054.53,1.8559
2025-01-24 07:40:00,8675.54,13099.72,5054.65,3.1398
2025-01-24 07:45:00,8839.67,13511.96,5054.54,2.0764
2025-01-24 07:50:00,9064.31,14444.6,5054.55,3.7718
2025-01-24 07:55:00,9327.0,15309.23,5219.12,3.5658
2025-01-24 08:00:00,9154.33,15297.01,5364.29,1.3105
2025-01-24 08:05:00,9868.98,16125.02,5367.64,2.3749
2025-01-24 08:10:00,10272.29,17212.89,5630.1,1.4575
2025-01-24 08:15:00,10760.26,18470.84,5890.48,4.5368
2025-01-24 08:20:00,11471.84,19922.87,6222.31,2.8926
2025-01-24 08:25:00,11796.98,20896.5,6222.69,3.3227
2025-01-24 08:30:00,12507.71,22179.99,6222.36,2.4512
2025-01-24 08:35:00,13120.09,24002.05,6222.42,1.816
2025-01-24 08:40:00,13525.54,25313.9,6222.71,1.4785
2025-01-24 08:45:00,14590.58,26785.63,6222.69,4.9458
2025-01-24 08:50:00,13961.73,28237.2,6222.76,10.1698
2025-01-24 08:55:00,13750.17,27746.49,6222.73,9.3282
2025-01-24 09:00:00,13224.49,26997.59,6304.06,0.0
2025-01-24 09:05:00,12706.69,23857.44,6262.22,0.0
2025-01-24 09:10:00,11410.2,20235.23,6183.24,0.0
2025-01-24 09:15:00,11078.92,19848.06,6693.23,0.0
2025-01-24 09:20:00,11096.61,19648.68,6693.21,0.0
2025-01-24 09:25:00,11185.28,20136.93,6693.15,0.0
2025-01-24 09:30:00,11191.61,20266.17,6789.08,0.0
2025-01-24 09:35:00,10980.72,19925.32,6882.11,0.0
2025-01-24 09:40:00,11058.04,19957.53,6928.1,0.0
2025-01-24 09:45:00,11085.84,20188.95,6973.0,0.0
2025-01-24 09:50:00,11254.86,20810.74,7090.12,0.0
2025-01-24 09:55:00,11318.48,21634.14,7090.2,0.0
2025-01-24 10:00:00,10990.86,20472.37,6752.48,0.0
2025-01-24 10:05:00,10756.2,20530.63,7366.5,0.0
2025-01-24 10:10:00,10732.58,20449.09,7364.86,0.0
2025-01-24 10:15:00,10603.23,20387.3,7363.88,0.0
2025-01-24 10:20:00,11108.53,20782.39,7361.7,0.0
2025-01-24 10:25:00,10438.7,21521.76,7362.75,0.0
2025-01-24 10:30:00,10616.3,21992.4,7362.51,0.0
2025-01-24 10:35:00,10652.43,22120.97,7361.71,0.0
2025-01-24 10:40:00,10791.82,22507.79,7360.4,0.0
2025-01-24 10:45:00,10824.12,22828.53,7359.68,0.0
2025-01-24 10:50:00,11054.65,23278.24,7359.73,0.0
2025-01-24 10:55:00,11162.32,23719.98,7359.53,0.0
2025-01-24 11:00:00,10971.46,23775.38,7064.07,0.0
2025-01-24 11:05:00,10860.67,23656.98,7143.28,0.0
2025-01-24 11:10:00,10899.33,23963.19,7143.65,0.0
2025-01-24 11:15:00,11055.01,24189.96,7145.7,0.0
2025-01-24 11:20:00,11178.38,24536.43,7143.54,0.0
2025-01-24 11:25:00,11078.47,24283.28,7143.49,0.0
2025-01-24 11:30:00,11759.14,24835.66,7142.52,0.0
2025-01-24 11:35:00,11161.96,24803.95,7142.34,0.0
2025-01-24 11:40:00,10988.8,24998.21,7143.36,0.0
2025-01-24 11:45:00,11246.25,24950.17,7142.33,0.0
2025-01-24 11:50:00,11240.45,25350.53,7142.25,0.0
2025-01-24 11:55:00,11400.26,25511.06,7142.29,0.0
2025-01-24 12:00:00,11495.77,25498.02,7114.7,0.0
2025-01-24 12:05:00,11455.18,25385.84,7116.34,0.0
2025-01-24 12:10:00,11577.67,25720.71,7116.63,0.0
2025-01-24 12:15:00,11540.71,25923.6,7114.5,0.0
2025-01-24 12:20:00,11637.48,26112.02,7115.56,0.0
2025-01-24 12:25:00,11815.83,26246.36,7117.64,0.0
2025-01-24 12:30:00,11728.55,26648.01,7117.54,0.0
2025-01-24 12:35:00,11786.25,26471.65,7116.31,0.0
2025-01-24 12:40:00,12421.52,26721.6,7071.29,0.0
2025-01-24 12:45:00,11696.09,27235.3,7071.25,0.0
2025-01-24 12:50:00,11747.74,27504.46,7071.35,0.0
2025-01-24 12:55:00,11885.24,27522.77,7069.31,0.0
2025-01-24 13:00:00,11846.32,27773.17,7047.96,0.0
2025-01-24 13:05:00,11941.2,27785.86,7050.94,0.0
2025-01-24 13:10:00,11884.74,27973.13,7051.22,0.0
2025-01-24 13:15:00,12045.52,28053.98,7052.28,0.0
2025-01-24 13:20:00,12083.68,28365.14,7049.99,0.0
2025-01-24 13:25:00,12110.63,28612.93,7049.31,0.0
2025-01-24 13:30:00,12118.41,29040.48,7049.3,0.0
2025-01-24 13:35:00,12294.82,29121.33,7047.31,0.0
2025-01-24 13:40:00,12150.17,29173.75,7046.14,0.0
2025-01-24 13:45:00,12227.31,29261.21,7045.08,0.0
2025-01-24 13:50:00,12317.12,29378.81,7049.21,0.0
2025-01-24 13:55:00,12331.05,29809.73,7050.26,0.0
2025-01-24 14:00:00,12199.55,29973.04,7036.91,0.0
2025-01-24 14:05:00,12305.39,30236.18,7038.53,0.0
2025-01-24 14:10:00,12584.05,30700.78,7038.81,0.0
2025-01-24 14:15:00,12624.08,30717.32,7036.69,0.0
2025-01-24 14:20:00,12692.33,30710.13,7034.75,0.0
2025-01-24 14:25:00,12702.77,30894.27,7037.84,0.0
2025-01-24 14:30:00,12655.62,31020.46,7037.83,0.0
2025-01-24 14:35:00,12748.54,31868.92,7036.73,0.0
2025-01-24 14:40:00,12884.26,31917.31,6911.46,0.0
2025-01-24 14:45:00,12877.22,31932.7,6653.76,0.0
2025-01-24 14:50:00,12846.47,32037.0,6655.91,0.0
2025-01-24 14:55:00,12853.92,32204.68,6652.99,0.0
2025-01-24 15:00:00,12742.11,32277.71,6645.94,0.0
2025-01-24 15:05:00,12643.44,32166.63,6645.84,0.0
2025-01-24 15:10:00,12715.18,32020.72,6643.9,0.0
2025-01-24 15:15:00,12882.35,32217.53,6690.0,0.0
2025-01-24 15:20:00,12772.6,32061.9,6690.99,0.0
2025-01-24 15:25:00,12711.85,32075.79,6694.17,0.0
2025-01-24 15:30:00,12784.78,32317.6,6695.11,0.0
2025-01-24 15:35:00,12887.26,32412.34,6691.23,0.0
2025-01-24 15:40:00,12945.0,32183.65,6691.01,0.0
2025-01-24 15:45:00,12976.07,32405.79,6689.98,0.0
2025-01-24 15:50:00,12845.29,32140.75,6689.0,0.0
2025-01-24 15:55:00,13093.78,32375.84,6690.02,0.0
2025-01-24 16:00:00,13076.17,32225.74,6685.56,0.0
2025-01-24 16:05:00,13052.94,32011.08,6684.01,0.0
2025-01-24 16:10:00,13126.24,31704.25,6685.26,0.0
2025-01-24 16:15:00,13068.05,30975.66,6686.42,0.0
2025-01-24 16:20:00,12939.83,30493.69,6689.37,0.0
2025-01-24 16:25:00,12955.83,29776.01,6689.15,0.0
2025-01-24 16:30:00,12795.48,29226.81,6687.11,0.0
2025-01-24 16:35:00,12823.52,28421.94,6686.13,0.0
2025-01-24 16:40:00,12407.81,27716.41,6686.05,0.0
2025-01-24 16:45:00,12409.9,26883.83,6686.21,0.0
2025-01-24 16:50:00,11915.63,25952.47,6687.4,0.0
2025-01-24 16:55:00,11916.12,24537.36,6686.36,0.0
2025-01-24 17:00:00,12046.84,24593.15,6606.21,0.0
2025-01-24 17:05:00,11806.82,23139.35,6860.77,0.0
2025-01-24 17:10:00,11497.22,21131.27,6861.2,0.0
2025-01-24 17:15:00,11332.69,19940.29,6863.12,0.0
2025-01-24 17:20:00,11188.56,18779.2,6864.23,0.0
2025-01-24 17:25:00,10990.18,17840.12,6864.24,0.0
2025-01-24 17:30:00,10622.42,16847.41,6861.27,0.0
2025-01-24 17:35:00,10013.31,15590.73,6720.08,0.0
2025-01-24 17:40:00,9661.38,14364.09,6720.96,0.0
2025-01-24 17:45:00,9437.07,13955.75,6722.01,0.0
2025-01-24 17:50:00,9696.18,14143.12,6577.2,0.0
2025-01-24 17:55:00,9706.75,13687.62,6576.0,0.0
2025-01-24 18:00:00,9625.76,13647.19,6595.74,0.0
2025-01-24 18:05:00,9397.17,13473.82,6595.52,0.0
2025-01-24 18:10:00,9047.41,13117.59,6595.86,0.0
2025-01-24 18:15:00,8877.35,12871.17,6596.85,0.0
2025-01-24 18:20:00,8979.58,12879.47,6596.78,0.0
2025-01-24 18:25:00,8844.89,12857.11,6596.89,0.0
2025-01-24 18:30:00,9033.74,13029.09,6597.83,0.0
2025-01-24 18:35:00,8754.64,13487.4,6597.83,0.0
2025-01-24 18:40:00,8607.19,13182.81,6597.64,0.0
2025-01-24 18:45:00,8606.85,12874.65,6599.6,0.0
2025-01-24 18:50:00,8578.72,13046.11,6599.87,0.0
2025-01-24 18:55:00,8731.9,13093.22,6600.03,0.0
2025-01-24 19:00:00,8379.39,12785.14,6764.4,0.0
2025-01-24 19:05:00,8603.94,13153.29,6552.73,0.0
2025-01-24 19:10:00,8226.62,13370.35,6553.92,0.0
2025-01-24 19:15:00,8128.47,13224.1,6595.89,0.0
2025-01-24 19:20:00,8083.47,13090.12,6483.07,0.0
2025-01-24 19:25:00,8198.97,13218.48,6395.87,0.0
2025-01-24 19:30:00,8396.82,13314.75,6395.96,0.0
2025-01-24 19:35:00,8453.81,13295.34,6397.82,0.0
2025-01-24 19:40:00,8391.22,13359.6,6397.79,0.0
2025-01-24 19:45:00,8839.86,13538.25,6397.89,0.0
2025-01-24 19:50:00,8265.68,13507.68,6397.78,0.0
2025-01-24 19:55:00,8286.54,13740.41,6397.74,0.0
2025-01-24 20:00:00,8328.08,13662.36,6412.61,0.0
2025-01-24 20:05:00,8166.05,13359.07,6416.23,0.0
2025-01-24 20:10:00,8272.75,13179.57,6416.35,0.0
2025-01-24 20:15:00,8279.32,13268.72,6416.36,0.0
2025-01-24 20:20:00,8219.76,13118.74,6416.5,0.0
2025-01-24 20:25:00,8162.84,13371.89,6147.19,0.0
2025-01-24 20:30:00,8368.4,13472.48,6147.19,0.0
2025-01-24 20:35:00,8488.68,13478.42,6147.19,0.0
2025-01-24 20:40:00,8616.01,13472.36,6147.19,0.0
2025-01-24 20:45:00,8462.08,13294.72,6147.19,0.0
2025-01-24 20:50:00,8343.8,13189.7,6198.79,0.0
2025-01-24 20:55:00,8199.01,13221.12,6148.19,0.0
2025-01-24 21:00:00,8114.17,12629.89,6211.28,0.0
2025-01-24 21:05:00,7921.09,12818.91,6162.78,0.0
2025-01-24 21:10:00,7950.37,13015.75,6162.78,0.0
2025-01-24 21:15:00,7989.65,12887.65,6162.78,0.0
2025-01-24 21:20:00,7906.12,12638.3,6162.78,0.0
2025-01-24 21:25:00,7953.3,12815.03,6111.78,0.0
2025-01-24 21:30:00,8012.92,12944.67,6111.78,0.0
2025-01-24 21:35:00,8054.07,13069.42,6111.78,0.0
2025-01-24 21:40:00,8104.25,13099.92,6111.78,0.0
2025-01-24 21:45:00,8212.83,13083.65,6111.78,0.0
2025-01-24 21:50:00,8212.84,12999.3,6111.78,0.0
2025-01-24 21:55:00,8174.56,13350.27,6111.78,0.0
2025-01-24 22:00:00,8275.76,13431.46,5778.93,0.0
2025-01-24 22:05:00,8142.81,13311.94,5865.27,0.0
2025-01-24 22:10:00,8212.84,13497.82,5859.97,0.0
2025-01-24 22:15:00,8377.0,13476.31,5859.97,0.0
2025-01-24 22:20:00,8204.22,13480.89,5854.07,0.0
2025-01-24 22:25:00,8335.3,13575.21,5854.07,0.0
2025-01-24 22:30:00,8296.0,13389.46,5854.07,0.0
2025-01-24 22:35:00,8365.35,13669.79,5809.07,0.0
2025-01-24 22:40:00,8508.12,13823.21,5855.07,0.0
2025-01-24 22:45:00,8564.87,13828.92,5855.07,0.0
2025-01-24 22:50:00,8714.06,13991.25,5855.07,0.0
2025-01-24 22:55:00,8609.76,14004.78,5855.07,0.0
2025-01-24 23:00:00,8745.66,14332.13,6029.33,0.0
2025-01-24 23:05:00,8701.14,14071.03,6182.97,0.0
2025-01-24 23:10:00,8601.29,13931.14,6183.97,0.0
2025-01-24 23:15:00,8743.98,14114.64,6340.63,0.0
2025-01-24 23:20:00,8738.47,14434.67,6341.64,0.0
2025-01-24 23:25:00,8683.69,14458.8,6496.85,0.0
2025-01-24 23:30:00,8765.85,14413.64,6497.03,0.0
2025-01-24 23:35:00,8787.66,14466.31,6497.12,0.0
2025-01-24 23:40:00,8798.81,14649.35,6496.84,0.0
2025-01-24 23:45:00,8884.84,14970.44,6495.8,0.0
2025-01-24 23:50:00,8957.59,15040.77,6496.88,0.0
2025-01-24 23:55:00,8799.85,14804.94,6496.85,0.0
