datetime,load_mw,prc_min_mw,prc_mean_mw,rtordpa_max,sced_intervals,res_irr_outage_mw,all_outage_mw,wind_mw,solar_mw,gas_mw,coal_mw,nuclear_mw,fuel_total_mw
2025-01-19 00:00:00,56193.3,15840.67,16079.064166666663,0.0,12,10378.0,15806.0,27152.884863,0.043585,19070.555272,4949.590269,5110.044831,56068.826988000001
2025-01-19 01:00:00,56755.08,15890.95,16093.744166666664,0.0,12,11095.0,16523.0,27186.590919,0.012613,19302.140209,5085.901524,5109.810082,56444.846383999997
2025-01-19 02:00:00,57402.16,15356.59,15764.510833333334,0.0,12,10839.0,16267.0,26756.351229,0.017251,20021.350969,5653.051431000001,5111.132557999999,57371.549322999999
2025-01-19 03:00:00,58600.23,14981.52,15266.788333333332,0.0,12,10839.0,16267.0,25705.235045,0.000976,20989.32525,6853.256598,5110.675542,58485.759855000004
2025-01-19 04:00:00,60003.58,14280.91,14671.366666666669,0.0,12,11321.0,16749.0,23832.95375,0.000981,22182.365492,8869.206918,5109.588474,59916.353975999999
2025-01-19 05:00:00,61764.44,13354.28,13971.083333333334,0.0,12,11061.0,16489.0,22068.03509,0.00094,24344.333044,10263.59167,5109.6899570000005,61887.844109999998
2025-01-19 06:00:00,64076.46,11685.89,12745.095,0.0,12,11061.0,16489.0,20421.899269,0.119879,26670.204692,11003.149883,5108.902773,64189.730275000002
2025-01-19 07:00:00,66335.12,9857.5,10546.43,0.0,12,10964.0,16392.0,17577.485995000003,519.392625,28994.250833,11614.469651,5109.366053,66582.390226000003
2025-01-19 08:00:00,67638.08,10591.24,12727.436666666666,0.0,12,10789.0,16217.0,14156.81148,9157.394015,27361.223044,11267.025291,5108.8566980000005,67457.685855999996
2025-01-19 09:00:00,67952.54,15055.38,15982.251666666663,0.0,12,11465.0,16893.0,13809.882108000002,18908.248331,21568.103223,8944.620034,5108.853356,66927.850691000000
2025-01-19 10:00:00,65849.13,16082.99,16311.585833333333,0.0,12,11329.0,16757.0,11821.749948,20824.764945,20413.275909,7911.987262000001,5109.572195,65119.181079000002
2025-01-19 11:00:00,63211.0,15813.21,16028.7725,0.0,12,11746.0,17174.0,9159.332961,20896.231622000003,20505.119472,7708.650285000001,5109.253751,62981.855622000003
2025-01-19 12:00:00,61168.03,15778.6,15930.121666666666,0.0,12,11604.0,17032.0,7093.06958,20827.809672,20543.744094,7739.834992,5110.385764000001,60722.094310000000
2025-01-19 13:00:00,59307.66,16084.38,16288.08,0.0,12,11072.0,16500.0,5836.491864999999,21299.471211,20081.866762,7161.780580999999,5110.204472,58853.614120999999
2025-01-19 14:00:00,58013.86,16511.25,16769.961666666666,0.0,12,11439.0,16867.0,5528.739146,21098.388183000003,19845.715674,6594.2501950000005,5110.728603,57375.898598000000
2025-01-19 15:00:00,56817.23,16997.05,17188.3,0.0,12,11540.0,16968.0,5144.732818,20902.069137,20256.342425,5518.545741,5110.435161,56811.695652000002
2025-01-19 16:00:00,57309.2,14495.53,16425.239166666666,0.0,12,12111.0,17539.0,5304.575323,16685.277587,22984.909277,7098.977054000001,5110.583124000001,57421.188581000002
2025-01-19 17:00:00,60067.05,8806.06,11418.3875,0.0,12,11707.0,17135.0,5256.975994,3660.95614,33186.206372,10838.7399,5110.341583,60110.706968999999
2025-01-19 18:00:00,63901.05,7604.57,7989.471666666667,0.0,12,11699.0,17127.0,5940.179976,10.993754,37611.589028,11606.741579,5109.919382,63852.382728999997
2025-01-19 19:00:00,65486.65,8272.74,8553.1325,0.0,12,12088.0,17516.0,8410.562394,0.097804,37988.981169000006,11631.696211,5109.364873,65319.514390999997
2025-01-19 20:00:00,66481.26,8402.09,8785.3675,0.0,12,12418.0,17846.0,11269.877889,0.018372,37606.100793000005,11608.984755,5109.494705,66266.112544000003
2025-01-19 21:00:00,66764.31,8315.73,8570.9675,0.0,12,12686.0,18114.0,12913.162699,0.00519,36484.368024,11576.505056999998,5109.921866,66516.278907000000
2025-01-19 22:00:00,65970.38,8798.83,9122.875833333334,0.0,12,13384.0,18812.0,13843.611951,0.000823,35083.325708000004,11613.919241,5109.440709,65812.210881999999
2025-01-19 23:00:00,66563.89,9444.13,9877.864166666666,0.0,12,11434.0,16862.0,14827.096219999999,0.000788000000,34719.723203000001,11713.739960999999,5110.017768000000,65075.639855000001
2025-01-20 00:00:00,65361.51,10575.62,10821.408333333333,0.0,12,11884.0,17312.0,15416.652122,0.000821,32865.973895,11854.304241,5109.599058,64884.220662000000
2025-01-20 01:00:00,65879.17,10525.23,10709.5325,0.0,12,12073.0,17501.0,15274.347156,0.001678,33472.932870000004,11908.175477,5109.700992,64712.042460000004
2025-01-20 02:00:00,66427.62,10755.52,11052.530833333332,0.0,12,12138.0,17566.0,15790.329739,0.001767,33419.864155,11914.298567999998,5109.71377,64830.665372000003
2025-01-20 03:00:00,67040.1,11194.69,11382.984166666669,0.0,12,12071.0,17499.0,15929.906736,0.000861,33889.588685,11922.30591,5109.709144,65270.794848999998
2025-01-20 04:00:00,67427.74,10718.72,11059.196666666665,0.0,12,11930.0,17358.0,15884.793844,0.000829,33846.029551,11899.744699,5109.682694,66651.240701999996
2025-01-20 05:00:00,69043.36,10029.29,10609.734166666669,0.0,12,11753.0,17181.0,15692.674915,0.0039629999999999,35445.67477,11902.496222999998,5110.478965,68895.527958999999
2025-01-20 06:00:00,71562.21,8867.27,9364.768333333332,0.0,12,11286.0,16714.0,15377.310568,0.0572009999999999,37399.730164,11916.42753,5110.070835999999,71517.478550000000
2025-01-20 07:00:00,73219.23,7738.69,8013.255,0.0,12,11272.0,16700.0,15210.913151,222.710765,37633.949843,11835.675593,5109.930758,73205.197444999998
2025-01-20 08:00:00,73589.65,8168.46,9100.6875,0.0,12,11477.0,16905.0,14300.259916,4643.823004,36540.844592,11617.710676,5109.589725,73721.617821000007
2025-01-20 09:00:00,74848.1,10214.06,11356.695,0.0,12,11248.0,16676.0,15649.697466999998,10354.357501,32283.230000000003,11549.2007,5110.460302,74372.624589999992
2025-01-20 10:00:00,73925.83,11551.22,11760.46,0.0,12,11398.0,16826.0,15092.391349,12068.419914,30391.257709000005,11286.180077,5109.957807,73487.225835000005
2025-01-20 11:00:00,72703.85,11406.13,11633.205833333332,0.0,12,11718.0,17146.0,12358.49126,12628.922572,31450.850067,11295.943178,5110.549101,71513.921249000006
2025-01-20 12:00:00,71227.84,11321.52,11512.039166666667,0.0,12,12041.0,17469.0,10222.55672,12447.326216,32166.304532,11373.707339,5110.708928,70096.447925000000
2025-01-20 13:00:00,69917.45,10552.05,10977.3925,0.0,12,12207.0,17635.0,8698.213142999999,11650.280711,32961.963887000005,11447.433665,5110.541018,69213.449192000000
2025-01-20 14:00:00,69468.69,10620.93,10834.318333333336,0.0,12,11949.0,17377.0,8478.507576,10319.942393,34093.659852,11316.581976,5110.853945,68683.789271000001
2025-01-20 15:00:00,70398.4,10419.26,10586.444166666666,0.0,12,11984.0,17412.0,9442.044499,8194.429151999999,35961.623376,11572.622956,5111.221733,68687.167184000005
2025-01-20 16:00:00,70966.03,11191.61,11570.725,0.0,12,11492.0,16920.0,11899.3209,6036.91472,35861.023022,11617.824596,5111.812433,69403.876426000003
2025-01-20 17:00:00,71587.57,10155.86,10964.508333333331,0.0,12,11331.0,16759.0,13845.935976,1770.338967,38084.656417000006,11649.22109,5111.724162,71195.763152000000
2025-01-20 18:00:00,73017.74,9900.56,10500.526666666668,0.0,12,11323.0,16751.0,15459.009656000002,61.33511,39118.969244,11610.717817,5111.433331,72614.765618999998
2025-01-20 19:00:00,72744.95,11118.51,11248.338333333331,0.8163,12,10755.0,16183.0,17601.975399000003,0.001001,37710.83463900001,11647.465738,5111.170144,72449.856960999998
2025-01-20 20:00:00,72594.65,11378.75,11558.529166666667,2.0235,12,10755.0,16183.0,19122.563022,0.000946,36465.860117,11644.486579,5111.565053,72502.874767999994
2025-01-20 21:00:00,71719.13,11541.7,11750.36,3.2021,12,10865.0,16293.0,19627.813006000004,0.000891,35332.225816,11619.447777,5110.834527,71545.701029999997
2025-01-20 22:00:00,69880.35,12191.94,12408.08,3.9027,12,11168.0,16596.0,20467.84824,0.000838,32975.069121,11547.524005,5111.389779,69961.339370999995
2025-01-20 23:00:00,68466.11,12683.3,12983.135833333334,1.4698,12,11134.0,16562.0,20923.782350000001,0.000751000000,31498.901862999999,11185.217677000001,5111.364374000000,68618.526538999999
2025-01-21 00:00:00,67841.19,12200.88,12362.4275,0.6976,12,11239.0,16667.0,20228.592223,0.000819,31569.074143,11238.06405,5111.105589,67865.657193999999
2025-01-21 01:00:00,67519.19,11722.32,12006.296666666669,1.4333,12,11419.0,16847.0,19141.898495,0.003289,32015.903089,11351.3523,5111.8420750000005,67677.367311000009
2025-01-21 02:00:00,67812.33,11379.24,11645.723333333332,0.0,12,11465.0,16893.0,17918.899852,0.000874,33510.057785,11571.803709,5110.226640999999,67694.298169999995
2025-01-21 03:00:00,67869.78,11331.41,11452.544166666668,0.0,12,11680.0,17108.0,16248.73001,0.000881,35148.359854,11579.445902,5110.433682,67881.011849999995
2025-01-21 04:00:00,68529.09,10260.24,10906.304166666667,0.3903,12,11847.0,17275.0,14398.61456,0.007739,37630.370591,11463.029421,5110.586534,68926.774107000005
2025-01-21 05:00:00,69888.84,10144.45,10455.269166666669,2.9298,12,12090.0,17518.0,12870.381987,0.001724,40492.553522,11445.393478,5110.715442999999,70114.052527000007
2025-01-21 06:00:00,72327.69,9588.94,10110.8175,4.3915,12,11877.0,17305.0,12124.017295,0.003614,42688.665106,11618.737617,5110.309679,72398.139660999994
2025-01-21 07:00:00,74082.03,7402.21,7996.820833333334,1.1956,12,12683.0,18111.0,10027.837328,131.343636,43972.79192,11607.589233,5110.050411,74477.501579000003
2025-01-21 08:00:00,74084.97,7561.31,8777.354166666666,4.6431,12,12978.0,18406.0,7985.752427,4427.74074,43210.382249,11576.596795,5110.111161000001,74517.096911999994
2025-01-21 09:00:00,74062.11,9862.72,10552.285833333332,12.0498,12,13366.0,18794.0,6004.097068,12696.407066,38787.657124000005,11554.168904,5109.964876,73915.403019999998
2025-01-21 10:00:00,72586.31,11119.64,11302.9925,5.5249,12,13940.0,19368.0,5932.961339,15717.674557,34933.94514,11330.633888,5109.438379,72717.113165000002
2025-01-21 11:00:00,71255.85,11559.81,12238.091666666667,1.4283,12,14242.0,19670.0,6584.071399,16703.902567,32005.832512,11386.438375,5108.668825,70776.294815999994
2025-01-21 12:00:00,69547.08,12789.33,14012.586666666668,1.4323,12,13937.0,19365.0,7805.656303,17500.447168000002,28495.501766,11126.111746,5109.52931,68396.800405000002
2025-01-21 13:00:00,66969.23,15167.25,15881.38,4.7485,12,14003.0,19431.0,9125.852991000002,18655.896348,24894.640163000004,9774.731386,5109.40825,66033.266415999999
2025-01-21 14:00:00,64527.38,16703.1,17153.84,11.8434,12,13683.0,19111.0,9490.072658,20053.275057,23620.88429,6821.240955,5109.581774,63755.886415000001
2025-01-21 15:00:00,62388.42,17380.69,17524.216666666667,0.1911,12,13781.0,19209.0,9819.147653,18813.152968,23630.058292,5492.900199,5109.959269,62081.528998000002
2025-01-21 16:00:00,61628.25,16134.14,17273.857500000002,2.2797,12,13659.0,19087.0,10732.719675,15691.351787,24829.470111,5599.655848,5111.791319,62104.871910000002
2025-01-21 17:00:00,64445.85,11229.07,13275.7,0.0,12,13665.0,19093.0,12068.279686999998,4027.859351000001,33761.401933999994,9048.323654,5112.431417,64621.616765999999
2025-01-21 18:00:00,68763.74,9997.86,10263.175833333333,1.0842,12,14003.0,19431.0,12997.462409,19.499813,38737.153256000005,10691.817419,5111.479813,69033.141971999998
2025-01-21 19:00:00,70692.9,10438.52,10631.955833333332,2.7391,12,13929.0,19357.0,16045.124291,0.045086,37747.213815,10934.837092000002,5111.439613,70830.490682999996
2025-01-21 20:00:00,72074.29,10851.58,11322.994166666664,3.4354,12,14138.0,19566.0,19560.300758,0.000904,35759.475115,11082.904394,5110.466416,71802.353527999992
2025-01-21 21:00:00,72491.95,11755.76,12136.041666666666,2.574,12,13463.0,18891.0,22369.679456,0.151712,33642.360675,11115.221907,5111.84403,71817.396510000006
2025-01-21 22:00:00,70960.47,12423.48,12851.549166666666,2.8967,12,13808.0,19236.0,23148.335103,0.179113,31274.810194,11115.671946,5110.94879,70384.756624000001
2025-01-21 23:00:00,69766.04,12817.15,13197.919166666667,0.9512,12,13287.0,18715.0,23222.638405000002,0.056051000000,30298.764187000001,10797.083755000000,5110.818702000000,69451.428312999997
2025-01-22 00:00:00,69704.14,12961.08,13166.7525,0.5498,12,13266.0,18694.0,23627.346724,0.0561259999999999,30547.270186,10112.442924,5111.227932,68690.779445000007
2025-01-22 01:00:00,69446.93,12959.98,13280.97,0.2936,12,14640.0,20068.0,23702.35747,0.06627,30350.196571,9953.992974,5110.626505,68675.353954999999
2025-01-22 02:00:00,69410.44,12949.85,13167.14,0.0834,12,14690.0,20118.0,23623.965628,0.02049,30482.26315,10010.322956,5110.770018,69064.787798000005
2025-01-22 03:00:00,69847.1,12988.47,13089.839999999998,0.2682,12,14690.0,20118.0,23515.612698,0.066661,31000.814745,10102.663047,5111.912268,69771.836683000001
2025-01-22 04:00:00,71164.31,11987.12,12472.166666666666,0.0,12,14703.0,20131.0,23465.793259,0.249404,32288.897851,10156.628598,5112.195985,71100.167199000003
2025-01-22 05:00:00,73396.71,10785.59,11546.660833333332,0.0,12,14510.0,19938.0,23084.58116,0.122521,34694.140092,10189.298948,5112.096015,73346.561243999997
2025-01-22 06:00:00,76295.81,9755.76,10357.273333333333,2.7038,12,14228.0,19656.0,22113.285682,0.256935,37510.949567,9858.846552,5111.2615510000005,76244.115894999995
2025-01-22 07:00:00,77537.21,9415.29,9897.296666666669,2.4853,12,14587.0,20015.0,21218.731162,623.019744,38908.610388,9681.111193,5111.838272999999,77629.665997999997
2025-01-22 08:00:00,76156.01,11195.37,12894.3125,6.7469,12,14369.0,19797.0,20009.207663,9885.188294,31629.796762,9087.205063,5111.323593,75651.958046999993
2025-01-22 09:00:00,72208.82,15263.34,16171.88,6.8724,12,14201.0,19629.0,15395.99217,19995.404322,24897.320498,6863.987073,5111.411061,71817.186176000003
2025-01-22 10:00:00,68099.43,16003.59,16465.899999999998,3.0746,12,14068.0,19496.0,12644.879062,21299.839096,23344.778592,5912.333407,5112.526519999999,67837.182398999998
2025-01-22 11:00:00,64608.31,16122.84,16370.401666666668,8.4866,12,14091.0,19519.0,11794.760544,20581.591201000003,22372.829405,5020.98942,5112.832652,64018.087834999998
2025-01-22 12:00:00,61130.06,16462.51,16631.945,0.0,12,13514.0,18942.0,11027.576706000002,19369.393809,21263.335526000003,4581.951258,5111.84956,60421.417235000001
2025-01-22 13:00:00,58078.75,16118.23,16390.195,0.0,12,13062.0,18490.0,11115.090749,16764.627081,20821.880865,4395.511849,5113.36079,57371.553513999999
2025-01-22 14:00:00,55179.47,15737.8,15967.209166666667,0.0,12,12714.0,18142.0,9966.955868,16157.30823,19925.91507,4123.982695999999,5113.665282,54971.009394000001
2025-01-22 15:00:00,53685.19,15809.01,16109.431666666664,0.0,12,12686.0,18114.0,9098.351043,15858.219763,19663.848367,4123.765286,5113.235144,53778.570345000000
2025-01-22 16:00:00,53797.73,14086.21,15279.399166666668,0.0,12,12637.0,18065.0,9330.346231,13700.670002,20443.865712,5144.769426,5113.98622,54015.656296000001
2025-01-22 17:00:00,56070.82,8580.86,11141.279166666667,0.0,12,12972.0,18400.0,9028.922224999998,3358.1834110000004,29686.80486,7656.385848,5113.782219,56261.857722000001
2025-01-22 18:00:00,59735.45,7947.06,8387.630833333335,0.0,12,13322.0,18750.0,9891.351049,6.034299,33678.352045,9214.410783,5114.284876,59796.758720999998
2025-01-22 19:00:00,61057.63,9100.97,9340.0575,0.0,12,13638.0,19066.0,12409.7133,0.050397,33404.048396,9391.975816,5113.540044000001,60992.679766000001
2025-01-22 20:00:00,61888.36,9527.72,9781.833333333334,0.0,12,13656.0,19084.0,15001.607367,0.005647,31917.035616,9350.609727,5113.545174,61633.669137999997
2025-01-22 21:00:00,61785.31,9895.06,10051.0925,0.0,12,13706.0,19134.0,16077.52249,0.00095,30895.039588,9278.032717000002,5113.291244,61732.997876000001
2025-01-22 22:00:00,60716.18,10275.83,10431.940833333334,0.0,12,12866.0,18294.0,16246.188282000005,0.000968,29986.673806,9092.553376999998,5113.842681,60261.419828999999
2025-01-22 23:00:00,59002.51,9776.41,10071.175833333333,0.0,12,12540.0,17968.0,14502.679101000000,0.000976000000,30210.283969000000,9099.518722000001,5113.833633000000,58764.517868000003
2025-01-23 00:00:00,58257.68,8323.78,9067.606666666668,0.0,12,12402.0,17830.0,12804.565015,0.001745,30901.951407,9040.348931,5114.441561,58185.079915000002
2025-01-23 01:00:00,58377.51,9152.14,9344.521666666667,0.0,12,12731.0,18159.0,12184.709421,0.00098,31630.270664000003,9119.686299,5114.805545,58023.123401000004
2025-01-23 02:00:00,59052.02,9041.39,9167.7525,0.0,12,12731.0,18159.0,12341.121433,0.000816,31951.4916,9331.801781,5114.45888,58589.355138999999
2025-01-23 03:00:00,59777.69,9316.86,9464.886666666667,0.0,12,12497.0,17925.0,12712.916109,0.007905,32555.081179,9314.151289,5113.516467,59327.776295000003
2025-01-23 04:00:00,61299.68,8962.46,9184.835,0.0,12,12497.0,17925.0,12951.342885,0.002821,33697.847358,9393.801689,5112.969292,61002.947521000002
2025-01-23 05:00:00,63908.9,8362.56,8563.262499999999,0.0,12,12637.0,18065.0,12998.460126,0.007036,35812.976705,9516.983524,5112.489275,63774.356116000003
2025-01-23 06:00:00,67716.23,7035.25,7885.143333333333,0.0,12,12282.0,17710.0,13644.618758,26.308586,37196.277714,9672.370649,5112.119516000001,67554.539193000004
2025-01-23 07:00:00,69267.7,6733.28,7032.090833333333,0.0,12,12285.0,17713.0,13718.3923,481.357016,37111.073557,9727.725662,5110.940676,69087.071584999998
2025-01-23 08:00:00,67740.78,7632.52,9705.314166666669,0.0,12,12554.0,17982.0,12392.563157,8469.612155,31451.543916,9439.806344,5110.441285,67228.157231000005
2025-01-23 09:00:00,64193.26,10310.34,10812.519166666669,0.0,12,13070.0,18498.0,8103.65132,17798.192888999998,23858.208713,8730.826432,5108.586614,63691.293596999996
2025-01-23 10:00:00,60628.12,11364.45,12277.9875,0.0,12,13181.0,18609.0,8185.792229000001,19913.736746,19524.18648,7774.618415999999,5110.711495,60094.164764000001
2025-01-23 11:00:00,58746.9,13195.3,13641.9375,0.0,12,13163.0,18591.0,11054.538601,20243.560253,16670.261999000002,5770.016396,5111.834316,56887.664678000001
2025-01-23 12:00:00,56529.92,13943.89,14307.128333333334,0.0,12,12847.0,18275.0,11406.005737,19913.110727,15852.708068999998,4511.113499,5112.708571,54378.656616000000
2025-01-23 13:00:00,54552.69,14404.64,14976.06,0.0,12,12793.0,18221.0,10808.82282,18797.667598,15788.407037,4393.365663999999,5111.898937,52640.429579999996
2025-01-23 14:00:00,52622.15,14753.82,15038.5675,0.0,12,13147.0,18575.0,10438.230728,16868.371721000003,15949.422191,4384.548782000001,5112.7822240000005,51108.276600999998
2025-01-23 15:00:00,51357.24,14721.85,14880.415833333333,0.0,12,14054.0,19472.0,10490.824661,15255.551583,16316.74315,4261.344653,5112.726092,50608.291369999999
2025-01-23 16:00:00,51252.71,13002.95,14439.2175,0.0,12,13948.0,19366.0,10470.612511,13291.990306,17790.923194,4413.027966,5114.202872,51258.628605999998
2025-01-23 17:00:00,53726.13,8066.32,10453.2275,0.0,12,14350.0,19768.0,9227.440934,3809.503783,27387.217265,7008.539336,5114.526635,53904.327920000003
2025-01-23 18:00:00,57085.13,7169.75,7382.410833333332,0.0,12,14460.0,19878.0,7416.534455,22.442567,33042.312849,8846.343394,5113.738089,57313.984747999995
2025-01-23 19:00:00,58575.36,7215.1,7659.538333333334,3.7908,12,15372.0,20790.0,7231.528925,0.04,35551.802144,8941.981989,5113.941448,58740.434472000001
2025-01-23 20:00:00,59173.46,6445.01,6844.266666666666,12.5835,12,15144.0,20562.0,5977.622169,0.007029,36664.362324,9170.125849,5113.695654,59108.417224999997
2025-01-23 21:00:00,58578.04,6213.2,6769.618333333333,22.467,12,14854.0,20272.0,4913.345521,0.007725,37558.977405,9552.174414,5113.588949,58589.638768999997
2025-01-23 22:00:00,57568.44,6970.07,7266.775000000001,109.1091,12,14760.0,20178.0,4498.925635,0.342165,38004.037943,9464.239275,5113.141798,57277.145277999996
2025-01-23 23:00:00,56959.37,7449.13,7901.677500000001,75.3883,12,14439.0,19857.0,5039.340335000000,0.000720000000,37161.136641000005,9323.899222000000,5113.129184000000,56356.108812999999
2025-01-24 00:00:00,56842.09,7815.36,8159.695833333334,38.663,12,14255.0,19673.0,6476.037934,0.003982,35472.622869,9312.411789000002,5112.520264999999,55825.010254000001
2025-01-24 01:00:00,57568.09,8156.18,8504.794166666667,10.2004,12,14575.0,19993.0,8949.926401,0.011164,33952.04602,9242.916965,5113.046244,56514.430983999999
2025-01-24 02:00:00,58461.15,8744.81,9286.608333333334,6.2023,12,14575.0,19993.0,11757.245953,0.009051,32281.396276000003,9200.124338,5112.51259,57531.652599000001
2025-01-24 03:00:00,59950.93,9680.27,9814.909166666666,3.6294,12,14198.0,19616.0,14967.386811,0.004775,30667.314943,9220.081987,5112.420139999999,59027.592420000001
2025-01-24 04:00:00,62188.36,9811.36,9992.2125,2.9721,12,14301.0,19719.0,17403.675295999998,0.004484,30545.791602000005,9219.350165,5112.458417000001,60919.961393999998
2025-01-24 05:00:00,64960.55,9666.5,9802.545,3.1203,12,13969.0,19387.0,19420.045556,0.153489,31049.496293,9155.17582,5113.177972,64049.684402999999
2025-01-24 06:00:00,68728.19,8130.03,8772.828333333333,6.0294,12,14712.0,20130.0,21023.414248,0.413236,31790.474917,9206.662927,5112.837592,68792.090697000007
2025-01-24 07:00:00,70714.21,7915.11,8423.425000000001,4.8149,12,14659.0,20077.0,22072.169247,708.512195,31149.374408,9195.618185,5112.720696,70550.731606000001
2025-01-24 08:00:00,68769.94,9154.33,12065.041666666666,10.1698,12,14295.0,19713.0,21592.557576,10585.30708,22925.222392,7942.779144,5113.195912,68045.550159000006
2025-01-24 09:00:00,64214.07,10980.72,11465.978333333333,0.0,12,14030.0,19448.0,17138.020265,20893.65964,14105.991004,6707.3595860000005,5115.053496,63766.628560000005
2025-01-24 10:00:00,60049.79,10438.7,10810.978333333334,0.0,12,14374.0,19792.0,17802.272,20691.701414000003,10018.219306,6369.290089,5115.63885,59806.688260000003
2025-01-24 11:00:00,56834.18,10860.67,11153.348333333332,0.0,12,14687.0,20105.0,19096.025497,18946.964222,7991.147659,5641.542524,5115.66151,56248.531863999997
2025-01-24 12:00:00,54505.08,11455.18,11732.335833333333,0.0,12,14861.0,20279.0,18898.242066000003,18392.064169,7770.388013000001,4482.803367,5116.616026,53582.965231000002
2025-01-24 13:00:00,53070.7,11846.32,12112.580833333332,0.0,12,15072.0,20490.0,19002.845993,17737.599333,7423.909896,3947.903758,5115.649020000001,51457.626619999995
2025-01-24 14:00:00,52283.72,12199.55,12664.516666666668,0.0,12,14930.0,20348.0,19015.378146000003,17016.969766,7303.408549999999,3929.459268,5116.122458999999,49947.952417000000
2025-01-24 15:00:00,51045.68,12643.44,12833.309166666666,0.0,12,15329.0,20747.0,19164.659664,15573.895979,7262.684969,3929.513695,5115.613322,49250.618990000003
2025-01-24 16:00:00,49951.69,11915.63,12707.293333333333,0.0,12,14229.0,19647.0,20237.622573,12456.333528,7819.663885,4046.857258,5116.870504,49495.848744000003
2025-01-24 17:00:00,51060.92,9437.07,10666.854166666666,0.0,12,14148.0,19566.0,22704.809707,3561.1287369999995,12026.495540999998,6609.05699,5116.576102999999,51126.588512000002
2025-01-24 18:00:00,53992.52,8578.72,8923.766666666666,0.0,12,14102.0,19520.0,24989.974166,31.561782,13682.496473,8695.219118,5117.048982,54154.183732999998
2025-01-24 19:00:00,55489.57,8083.47,8354.565833333334,0.0,12,14454.0,19872.0,25819.439902,0.247227,14164.623004,9109.439203,5116.510095000001,55604.963809000001
2025-01-24 20:00:00,56216.15,8162.84,8325.565,0.0,12,14283.0,19701.0,26486.302804,0.121978,14528.274357,9155.734673,5116.02742,56349.418325999999
2025-01-24 21:00:00,56397.58,7906.12,8050.514166666667,0.0,12,14025.0,19443.0,26636.448915,0.25617,14705.571115,9133.008582,5115.155546,56447.540163000005
2025-01-24 22:00:00,55711.14,8142.81,8383.840833333334,0.0,12,14135.0,19553.0,26503.977653,0.205896,14622.271428,9085.720305,5114.948009,55493.157568000002
2025-01-24 23:00:00,54843.61,8601.29,8767.4025,0.0,12,13960.0,19378.0,26677.005895999999,0.126871000000,13910.245020000000,8935.263018000000,5118.647647000000,54527.922089000000
