datetime,Biomass,Coal,Gas,Gas-CC,Hydro,Nuclear,Other,Solar,WSL,Wind,wind_mw,solar_mw,gas_mw,load_mw
2022-07-10 00:00:00,92.140161,9439.930419,8815.630209,27401.324098,57.376027,4955.80326,34.065388,0.0,-78.322655,6248.610555,6248.610555,0.0,36216.954307,57744.994135
2022-07-10 01:00:00,80.919715,8929.155905,7138.842453,26515.326686,86.294875,4957.1128069999995,35.815761,0.0,-68.362493,6001.894162,6001.894162,0.0,33654.169139,54474.183528
2022-07-10 02:00:00,71.602948,9183.059493,5731.242015,25760.222436,93.959619,4958.306888,4.421022,0.0,-66.022238,5333.201484,5333.201484,0.0,31491.464451,51867.078976
2022-07-10 03:00:00,71.894187,9111.78975,4844.943306,25214.286678,55.842502,4955.272044,24.582754,0.0,-171.802261,5041.200462,5041.200462,0.0,30059.229984,49945.134533
2022-07-10 04:00:00,71.951998,8852.566628,4423.227919,24810.589186,55.155847,4956.365675,14.404579,0.0,-259.299676,4709.8577700000005,4709.8577700000005,0.0,29233.817105000002,48446.462105
2022-07-10 05:00:00,71.954736,8876.082346,4214.409208,24678.455463000002,54.997696,4961.590943,16.093071,0.0,-226.970902,3959.975455,3959.975455,0.0,28892.864671000003,47418.895831
2022-07-10 06:00:00,72.15832400000001,8963.990363,4100.705134,24261.202981000002,54.266116,4963.411683,3.413339,37.629542,-339.384035,3644.476496,3644.476496,37.629542,28361.908115000002,46569.659561
2022-07-10 07:00:00,71.93453099999999,8746.319603,4094.591894,23957.672005,33.461505,4961.329125,35.487595999999996,1897.6441360000001,-135.110983,2793.485101,2793.485101,1897.6441360000001,28052.263899,47045.85719
2022-07-10 08:00:00,71.894331,8814.626289,4033.157568,24085.914423000002,103.816813,4961.373659,59.00595,6229.273305,-70.797377,1759.828501,1759.828501,6229.273305,28119.071991,50345.015262
2022-07-10 09:00:00,72.178103,8992.262127,4554.494049,25416.704891,97.027966,4963.705273,41.725957,9038.361764,-43.819339,1674.281149,1674.281149,9038.361764,29971.198940000002,55081.789288
2022-07-10 10:00:00,72.15164999999999,9319.332491000001,6983.986866,27099.331212,123.978931,4964.830449,51.206541,9744.76261,-92.772396,1096.374721,1096.374721,9744.76261,34083.318078000004,59879.334432
2022-07-10 11:00:00,74.130696,10347.295548,9326.946948,28428.306437,141.894792,4963.964495,31.165965,9790.166098,-70.307283,797.053815,797.053815,9790.166098,37755.253385,64700.433925
2022-07-10 12:00:00,93.755165,11313.715057,12537.521595,28821.07657,113.674852,4962.60013,46.907279,9538.633937,-78.97692699999999,954.982579,954.982579,9538.633937,41358.598165,69174.919777
2022-07-10 13:00:00,119.08445499999999,11803.580876,14814.056629,29385.113545,110.504099,4960.00622,56.079598000000004,9258.853943,-143.963828,1438.1218039999999,1438.1218039999999,9258.853943,44199.170174,72666.64778
2022-07-10 14:00:00,124.965969,12031.636569,16122.994475,29566.63654,167.380065,4956.81599,115.427669,8874.648131,-55.78988,2172.002669,2172.002669,8874.648131,45689.631015,74923.615095
2022-07-10 15:00:00,123.852052,12066.984299,16405.357844,29583.168599,136.941913,4954.401799,193.56535,8897.044154,-40.527427,3228.779216,3228.779216,8897.044154,45988.526442999995,76352.859442
2022-07-10 16:00:00,122.825976,12088.804526,16784.336016,29626.789186,137.21653,4953.210913,302.742437,8560.833098,-35.895328,3965.859286,3965.859286,8560.833098,46411.125202,77310.080505
2022-07-10 17:00:00,122.811941,12138.559185,16632.130416,29617.926096,138.16539799999998,4951.747873,217.520441,7976.054539000001,-31.709964,4796.331099999999,4796.331099999999,7976.054539000001,46250.056511999996,77389.462903
2022-07-10 18:00:00,122.988209,12204.777185,16773.582655,29562.608673,139.00869699999998,4950.375664,299.943582,6110.306512,-41.809123,5709.653594,5709.653594,6110.306512,46336.191328,76664.851409
2022-07-10 19:00:00,121.700602,12253.755703,17270.528436,29483.812441000002,137.485514,4949.153558,133.215354,3162.819684,-63.797615,6504.958616,6504.958616,3162.819684,46754.340877,74797.914867
2022-07-10 20:00:00,124.072769,12091.767478,16874.38591,28970.064611,21.036316,4950.414192,52.846353,379.128583,-49.824152999999995,7685.124862000001,7685.124862000001,379.128583,45844.450521000006,71927.296442
2022-07-10 21:00:00,123.992971,11730.936649,14273.808992,28222.743114,18.722601,4952.233547,89.276848,0.0,-45.083025,9276.420904999999,9276.420904999999,0.0,42496.552106,69458.115253
2022-07-10 22:00:00,124.18027599999999,10482.716838,10554.283346,27399.638311000002,18.76528,4953.767428,58.502881,0.000358,-105.51271,11392.322678,11392.322678,0.000358,37953.921657,65677.724957
2022-07-10 23:00:00,108.637847,10241.195769,7177.869881,26157.050701,19.29547,4954.951687,24.850065999999998,0.000438,-90.426967,12118.711397,12118.711397,0.000438,33334.920582,61494.82305
2022-07-11 00:00:00,89.341415,10130.297583,5115.022796,24805.728170000002,55.9796,4954.730865,16.010782,0.0,-128.701671,11961.739174,11961.739174,0.0,29920.750966000003,57736.434017
2022-07-11 01:00:00,89.314962,9288.737496,4761.944569,23765.99193,85.945948,4956.36363,11.820331,0.0,-129.008862,11259.286611,11259.286611,0.0,28527.936499,54904.03275
2022-07-11 02:00:00,89.288095,9425.694198,4826.449844000001,22620.240150999998,93.6011,4956.337911,28.265958,0.0,-94.310642,9859.428286999999,9859.428286999999,0.0,27446.689995,52620.168709
2022-07-11 03:00:00,89.311138,9468.301272,4736.096061,23456.402335,56.062462999999994,4958.84437,7.498026,0.0,-283.272709,7880.713234000001,7880.713234000001,0.0,28192.498396,51185.119639
2022-07-11 04:00:00,89.332562,9517.957327,4728.824425,23710.30202,55.652069,4959.973237,15.61273,0.0,-295.209524,6869.8785530000005,6869.8785530000005,0.0,28439.126444999998,50467.396824
2022-07-11 05:00:00,89.250012,9748.262725999999,4759.144351,24441.051368,55.591699,4962.13615,25.393875,0.0,-193.117799,6043.817677,6043.817677,0.0,29200.195719,50745.231028
2022-07-11 06:00:00,89.420942,10192.122286,4903.575761,25236.322636,55.637461,4962.9033420000005,39.925994,26.299427,-86.535402,4965.6148,4965.6148,26.299427,30139.898397,51195.966007
2022-07-11 07:00:00,88.977768,10237.947583000001,5218.830864,25566.30259,34.099278999999996,4961.280575,16.022873999999998,1796.428263,-113.655314,3720.308287,3720.308287,1796.428263,30785.133454,52124.747014
2022-07-11 08:00:00,88.299882,10262.881927,4915.844361,25423.12352,102.512649,4961.29328,5.867313,6323.519521,-65.994912,2601.9683059999998,2601.9683059999998,6323.519521,30338.967881,54991.269791
2022-07-11 09:00:00,88.91664,10297.337273000001,5547.356692,26142.225059,97.643289,4962.528147,21.752916,9015.667999,-59.372777,2651.316328,2651.316328,9015.667999,31689.581751,59126.749626
2022-07-11 10:00:00,87.577802,10558.962305000001,8436.420316,27536.841758,125.101718,4962.529797,63.313648,9682.662972,-52.213069,1907.167039,1907.167039,9682.662972,35973.262074,63780.703323
2022-07-11 11:00:00,110.989192,11493.976917,11941.238066,28276.860567,143.148118,4960.757244,52.134676,9794.221397,-76.786183,1046.103731,1046.103731,9794.221397,40218.098633,68545.004536
2022-07-11 12:00:00,123.310109,12143.128230999999,14823.453022,28988.53677,150.752487,4958.413712,60.50077,9739.999493,-55.467462999999995,745.7507089999999,745.7507089999999,9739.999493,43811.989792,72487.96509
2022-07-11 13:00:00,123.736861,12291.311598,16508.086321,29523.745197,208.533289,4956.083646,31.358788,9477.573819,-90.27132499999999,1542.180662,1542.180662,9477.573819,46031.831518,75365.151692
2022-07-11 14:00:00,124.025397,12388.428313,16819.882149,29544.644934,167.051215,4955.331561999999,43.325643,9590.631734,-47.130294,3097.1840460000003,3097.1840460000003,9590.631734,46364.527083,77451.119288
2022-07-11 15:00:00,124.957667,12367.96999,16377.129589,29413.949236,136.842005,4953.987744,43.478103,9306.336497,-33.566214,4805.29443,4805.29443,9306.336497,45791.078825000004,78189.395203
2022-07-11 16:00:00,125.012029,12113.034541,16017.690097,29157.319419,136.896592,4952.727086,35.450323,8926.701726,-38.692722,6278.541416,6278.541416,8926.701726,45175.009516,78407.050458
2022-07-11 17:00:00,124.649654,11979.890816,15437.743934999999,28972.834758,136.772833,4952.737018,42.820855,8440.290954,-14.025769,7299.274528,7299.274528,8440.290954,44410.578693,78168.399767
2022-07-11 18:00:00,124.489596,11936.931556,15043.118512,28566.24087,137.10218700000001,4952.304573,58.972402,7512.340369,-12.890847,8568.488978,8568.488978,7512.340369,43609.359382,77675.56307
2022-07-11 19:00:00,124.482061,11947.470286,15251.758727,28014.763838,135.04222,4952.657209999999,107.354043,4406.763455,-11.226512,10148.908204,10148.908204,4406.763455,43266.522565,75866.831595
2022-07-11 20:00:00,123.813964,11919.782482,15495.679493,28192.479694,112.33209,4952.745663,361.38118399999996,583.339275,-39.959348,10354.019445,10354.019445,583.339275,43688.159187,72844.737113
2022-07-11 21:00:00,123.682676,11774.055987,12695.0875,27757.968518,16.981171,4951.683333,85.32607399999999,0.0,-34.563562,12042.335614,12042.335614,0.0,40453.056018,70200.081792
2022-07-11 22:00:00,123.678944,10788.054834,8527.178334,27010.700735,14.595773,4952.589425,47.130096,0.0,-24.071784,14076.401508,14076.401508,0.0,35537.879069,66233.702243
2022-07-11 23:00:00,107.790694,10251.6473,5861.9580320000005,25186.517841,45.392121,4953.164375,46.940488,0.0,-37.04242,14587.39287,14587.39287,0.0,31048.475873000003,61788.541328
2022-07-12 00:00:00,79.663191,9896.221351,4550.424062,23250.604015999998,83.119057,4955.0785319999995,44.174395000000004,0.0,-68.314009,14432.287374,14432.287374,0.0,27801.028077999996,57963.100687
2022-07-12 01:00:00,69.286258,8921.452065,4505.336645,21978.242045,81.454376,4955.466204,31.164318,0.0,-56.950564,13477.435053,13477.435053,0.0,26483.57869,54724.719644
2022-07-12 02:00:00,69.396159,8396.871462,4470.898465,21349.376405,81.134611,4957.572789,15.380438,0.0,-74.57612400000001,12225.695513,12225.695513,0.0,25820.27487,52263.859248
2022-07-12 03:00:00,68.804886,8739.101878,4462.678539,20998.70163,43.680259,4958.573935,14.790249999999999,0.0,-241.191486,10683.698252,10683.698252,0.0,25461.380169,50507.567257
2022-07-12 04:00:00,66.03157,9145.199364,4439.073332,21111.581588,43.601212000000004,4960.054371,20.38335,0.0,-263.630852,9365.518013,9365.518013,0.0,25550.65492,49702.197589
2022-07-12 05:00:00,66.086591,9417.399578,4369.714852,21415.041642,84.756515,4960.041041,15.508042,0.0,-71.828399,8927.530214,8927.530214,0.0,25784.756494,49999.092549
2022-07-12 06:00:00,66.033774,9694.943097,4335.107579,22582.613747,64.16574,4961.471845,22.773018,31.861437000000002,-49.095345,8004.104162,8004.104162,31.861437000000002,26917.721326,50523.752244
2022-07-12 07:00:00,65.66686200000001,9771.028428,4180.00786,22928.74696,121.383153,4960.474137,36.31463,1582.103539,-96.007482,7425.936513,7425.936513,1582.103539,27108.754820000002,51541.076847
2022-07-12 08:00:00,63.475553000000005,9710.354204,4119.19905,22392.282171,131.821699,4961.21031,117.639845,5631.675269,-97.469852,7130.332612,7130.332612,5631.675269,26511.481221,54399.709661
2022-07-12 09:00:00,63.554521,9863.202803,4282.329261,23838.073873,132.649718,4962.146087,52.269022,8428.536154,-34.56759,6877.337345,6877.337345,8428.536154,28120.403134,58625.795044
2022-07-12 10:00:00,80.535463,10327.254874,6154.226324,26301.303154,133.843976,4961.352219,64.809139,9076.500694,-135.341302,6168.823015,6168.823015,9076.500694,32455.529478,63370.214063
2022-07-12 11:00:00,114.090294,10350.081756,8209.498455,26706.981955,130.285122,4958.960725999999,80.240829,9577.423688,-157.638361,7429.540028,7429.540028,9577.423688,34916.480410000004,68058.916694
2022-07-12 12:00:00,122.12728,10930.403167,9890.559545,27502.700408,43.888346,4957.218524,70.792235,9282.34992,-94.09268,8745.25815,8745.25815,9282.34992,37393.259953,72246.045918
2022-07-12 13:00:00,122.25952699999999,12111.904123,11629.971590000001,28536.314239,14.453909,4954.1717499999995,39.840927,8982.081622,-129.423109,8808.255557,8808.255557,8982.081622,40166.285829,75808.695256
2022-07-12 14:00:00,122.229326,12374.110142000001,13107.884236,29190.799719,123.07024,4950.733629,168.899657,8820.771235,-39.861236,8165.391516,8165.391516,8820.771235,42298.683955,77787.825261
2022-07-12 15:00:00,122.46943,12352.903624,13833.472104,29357.464058,123.38900100000001,4948.750438,413.109204,8173.874754,-24.034046,8462.33782,8462.33782,8173.874754,43190.936162,78501.497634
2022-07-12 16:00:00,124.367106,12360.840381,13851.256300000001,29221.41675,123.397307,4946.375378,178.438235,7799.460711,-38.70357,9285.62616,9285.62616,7799.460711,43072.67305,78606.268241
2022-07-12 17:00:00,124.203399,12227.223822,13449.812773,28907.602025,123.088396,4944.312121,66.752238,6857.093852,-36.141894,10281.097941,10281.097941,6857.093852,42357.414798,77758.32926
2022-07-12 18:00:00,124.738978,11966.498339,12896.452095,28353.388475,123.997273,4944.313892,72.67538,5518.758552,-125.61410000000001,11574.065299,11574.065299,5518.758552,41249.84057,76264.096251
2022-07-12 19:00:00,124.420923,11905.671878,12951.283933,28126.937644,122.97583,4945.257574,173.525494,3347.827556,-118.62651000000001,11581.83475,11581.83475,3347.827556,41078.221577000004,73974.621924
2022-07-12 20:00:00,124.424321,11916.841887,14162.628879,27982.654878,7.3505400000000005,4946.712312,448.265628,503.339742,-82.85269100000001,10418.045029,10418.045029,503.339742,42145.283757,71179.792396
2022-07-12 21:00:00,124.723192,11914.420617,13466.735362,27949.762147,5.272768,4947.586652,116.882526,0.000434,-78.494881,9501.480857,9501.480857,0.000434,41416.497509,68709.508244
2022-07-12 22:00:00,124.169037,11254.20733,10297.642587,27585.589180000003,5.235417,4950.524106,50.033788,0.000793,-30.505771,9658.377972,9658.377972,0.000793,37883.231767000005,64648.259283
2022-07-12 23:00:00,107.984432,10309.941409,7930.226517,27348.063860000002,6.917456,4952.383833,24.263281,0.0,-64.877138,8834.41462,8834.41462,0.0,35278.290377000005,60200.593879
2022-07-13 00:00:00,89.262697,10254.634216,6039.0598709999995,25861.582603,75.010172,4954.0251929999995,35.456679,0.000707,-84.325234,8223.738942,8223.738942,0.000707,31900.642474,56208.708662
2022-07-13 01:00:00,82.951187,9652.2538,5311.055765,25318.888372,101.686508,4954.348404,6.741944999999999,0.000836,-96.430522,6945.143529,6945.143529,0.000836,30629.944137000002,53059.229188
2022-07-13 02:00:00,69.793918,9457.708797,4581.602183,24636.54784,78.53706199999999,4953.81297,8.379496,0.0,-59.762697,6148.1115580000005,6148.1115580000005,0.0,29218.150023,50660.55294
2022-07-13 03:00:00,69.745082,9534.704450000001,4182.1328300000005,24502.811043,43.756895,4954.61631,5.601989,0.0,-190.137476,5101.798726999999,5101.798726999999,0.0,28684.943873000004,48998.301096
2022-07-13 04:00:00,69.768524,9871.651004,4182.564243,24362.288494,56.191877,4955.839448,6.437192,0.0,-234.52098900000001,4222.547858,4222.547858,0.0,28544.852737,48305.348967
2022-07-13 05:00:00,69.788443,10026.58735,4372.42104,24549.493808,84.64231,4957.235189,10.592999,0.0,-90.48327499999999,3877.956794,3877.956794,0.0,28921.914848,48669.366426
2022-07-13 06:00:00,69.674957,10022.213908,5083.666669,25276.18708,90.15862,4959.27049,50.594915,26.780744,-294.331287,3423.648337,3423.648337,26.780744,30359.853749,49515.485335
2022-07-13 07:00:00,68.671442,9984.319674,5288.535465,25537.500368,138.718088,4958.878979,11.023306,1534.008384,-178.129425,2612.674813,2612.674813,1534.008384,30826.035833,50451.349053
2022-07-13 08:00:00,68.100257,9985.237823,5373.655822,25505.756605,149.494984,4958.748188,2.0679980000000002,5765.694579,-118.51775699999999,1601.013686,1601.013686,5765.694579,30879.412427,53529.915945
2022-07-13 09:00:00,81.716679,10063.748455,6352.3379669999995,26280.508143,151.971772,4960.196891,52.292692,8273.999566,-80.412735,1339.870459,1339.870459,8273.999566,32632.84611,57683.783942
2022-07-13 10:00:00,111.91267500000001,10983.453392,8529.692087,27387.094856,153.016973,4955.824898,40.5923,9356.051037000001,-73.603996,1015.838879,1015.838879,9356.051037000001,35916.786943,62743.994296
2022-07-13 11:00:00,123.679745,11416.345106,11678.550193,28427.453677999998,151.254346,4957.274801,76.739887,9519.013497,-68.505193,672.859958,672.859958,9519.013497,40106.00387099999,67713.066437
2022-07-13 12:00:00,123.844116,11710.59141,14800.75891,29243.60164,64.745643,4959.187296,107.285425,9397.580743,-75.011038,663.369674,663.369674,9397.580743,44044.36055,71752.854996
2022-07-13 13:00:00,123.157003,11705.429232999999,16557.287018,29393.860972,115.627964,4957.254584,313.005229,9246.451487999999,-32.06627,2040.913494,2040.913494,9246.451487999999,45951.14799,75128.176622
2022-07-13 14:00:00,123.973054,11830.765539,17310.702174,29491.278137,103.09806,4945.668536,566.449716,8404.119345,-19.781224,4002.084112,4002.084112,8404.119345,46801.980311,77466.068398
2022-07-13 15:00:00,124.096138,11862.538773,17774.544082,29570.551274,143.71531199999998,4939.772804,677.1418080000001,7121.676600000001,-41.27982,5386.352137,5386.352137,7121.676600000001,47345.095356000005,78255.575405
2022-07-13 16:00:00,123.77885,11862.30288,17677.379867,29603.752104,127.997866,4937.069211,341.942142,6420.369319,-51.660606,6763.045554,6763.045554,6420.369319,47281.131970999995,78502.163321
2022-07-13 17:00:00,123.779158,11887.953078,17618.091512,29566.795002,99.024265,4937.201094,247.18559299999998,5079.308974,-52.942634999999996,7708.916848,7708.916848,5079.308974,47184.886514,77912.276439
2022-07-13 18:00:00,123.64838,11735.497132,17432.258516,29423.520252000002,98.941963,4936.334991,192.934685,3833.875196,-163.545389,7986.009585,7986.009585,3833.875196,46855.778768000004,76304.514593
2022-07-13 19:00:00,123.436863,11655.151926,16494.973733,29280.017134,98.814972,4938.116232,82.395087,1989.140489,-119.317002,9066.508639,9066.508639,1989.140489,45774.990867,74386.895244
2022-07-13 20:00:00,123.908293,11691.540363,16080.339306,29550.002377,8.691171,4937.899861,37.932586,237.044998,-112.040448,8538.307173000001,8538.307173000001,237.044998,45630.341683,71868.918248
2022-07-13 21:00:00,123.954538,11391.025209,13917.622469,29212.908018000002,5.214113,4938.8611710000005,39.765866,0.0,-82.79244,9368.272717,9368.272717,0.0,43130.530487,69685.500881
2022-07-13 22:00:00,123.450648,10187.426444,9823.707411,28745.051595999998,5.115507,4943.583678,79.759729,0.0,-70.889069,11263.931465,11263.931465,0.0,38568.759007,65872.082345
2022-07-13 23:00:00,108.16861800000001,9737.12384,7643.484337,27630.738261,6.540922,4945.216212,21.836571,0.0,-87.220345,10822.701889,10822.701889,0.0,35274.222598,61593.543469
2022-07-14 00:00:00,77.902557,9567.358778,5824.693524,26324.994405999998,74.488662,4946.636761,26.076947999999998,0.0,-149.651242,10235.476036,10235.476036,0.0,32149.68793,57703.084323
2022-07-14 01:00:00,69.09217100000001,8970.905553,5340.316322000001,26251.792078,101.985961,4947.997716,15.07452,0.0,-134.648099,8252.298093,8252.298093,0.0,31592.108399999997,54608.244021
2022-07-14 02:00:00,68.96807199999999,8510.063225,4529.425692,25892.083394,80.460313,4948.983262,5.843278,0.0,-147.082278,7434.460059,7434.460059,0.0,30421.509086000002,52116.520323
2022-07-14 03:00:00,69.004987,8805.865425,3884.556579,24806.08759,43.606277,4946.111974,7.820432,0.0,-386.385903,7443.872399,7443.872399,0.0,28690.644169,50414.815275
2022-07-14 04:00:00,68.79408600000001,9031.385571,3767.190272,23630.726313,43.482951,4946.915832,3.649749,0.0,-322.20509,7524.583863,7524.583863,0.0,27397.916585,49507.782978
2022-07-14 05:00:00,68.974031,9044.349745,3765.973445,24342.625965,84.905687,4951.850410999999,7.957006,0.0,-86.315383,6898.938333,6898.938333,0.0,28108.59941,49891.890046
2022-07-14 06:00:00,68.813646,9348.56234,3829.498538,24257.908382,62.963133,4953.558156,15.44585,13.144936,-43.778959,7220.689964,7220.689964,13.144936,28087.40692,50540.772423
2022-07-14 07:00:00,68.235829,9415.351193,3838.817446,24069.648286,93.267903,4953.5402300000005,3.047657,1259.495492,-104.144077,6879.881775,6879.881775,1259.495492,27908.465732,51282.108791
2022-07-14 08:00:00,67.810298,9198.515156000001,4309.173527,24406.391574,129.709853,4953.631071,2.8902,5988.6614420000005,-107.621992,4561.576879,4561.576879,5988.6614420000005,28715.565101,53763.258611
2022-07-14 09:00:00,67.97142600000001,9417.829963,4783.022369,25462.872901,151.425377,4954.199751,27.133243,8593.292707999999,-33.542691,3854.320389,3854.320389,8593.292707999999,30245.89527,57511.928239
2022-07-14 10:00:00,68.000692,9760.898124,6229.787076,27437.762931999998,151.62184200000002,4954.0688979999995,221.081694,9274.474678999999,-40.54187,3238.178206,3238.178206,9274.474678999999,33667.550008,61535.788834
2022-07-14 11:00:00,79.768581,10086.106372,8528.661692,28716.968885000002,150.48540300000002,4952.802277,103.052671,9150.588081,-78.40324,2455.126188,2455.126188,9150.588081,37245.630577,64897.97977
2022-07-14 12:00:00,103.810618,10068.321979,10385.483386,29097.504162,63.620641,4950.661692,21.396762,9016.432741,-269.488791,2952.992154,2952.992154,9016.432741,39482.987548000005,67192.427433
2022-07-14 13:00:00,123.255293,10155.243469000001,11329.030477,28948.300442,34.018312,4948.018994999999,30.193946,8732.358540000001,-107.650349,3913.163019,3913.163019,8732.358540000001,40277.330919,68716.212178
2022-07-14 14:00:00,122.994885,9702.374881,11182.164682999999,28608.959192,119.47501,4948.098462,11.626887,8002.300755,-28.778961,6241.163527,6241.163527,8002.300755,39791.123875,69419.438792
2022-07-14 15:00:00,124.351674,9516.416472,10620.630805,27634.931045999998,120.157138,4950.305485,8.770945,7569.116018,-46.826863,8876.521116,8876.521116,7569.116018,38255.561851,69844.71609
2022-07-14 16:00:00,124.737339,9406.196948,9456.396678000001,26927.199976,120.19292300000001,4950.399897,25.117436,7109.8031900000005,-26.787458,11951.137888,11951.137888,7109.8031900000005,36383.596654,70313.052554
2022-07-14 17:00:00,124.668372,9154.038581,8300.109219,25160.322847,120.358856,4951.988461,21.385413,7063.036985,-29.529229,14359.568335,14359.568335,7063.036985,33460.432066,69417.903611
2022-07-14 18:00:00,125.516808,9252.104009,7046.136576,25112.172958,120.59402399999999,4951.025775,101.807396,5353.036811,-36.78098,15159.526543,15159.526543,5353.036811,32158.309534,67322.263488
2022-07-14 19:00:00,125.701472,9351.494878,6769.527075,25760.670725,121.144151,4952.18122,57.225398,2284.74451,-22.791657,14634.636213,14634.636213,2284.74451,32530.1978,64413.959874
2022-07-14 20:00:00,125.738266,9187.970396,6613.004334,25460.476347,29.619306,4951.582897,26.15676,387.828075,-37.617358,14649.385562,14649.385562,387.828075,32073.480681,61944.897636
2022-07-14 21:00:00,125.777747,9192.115631,5143.035298,24749.793612,5.768344,4954.041566,49.490296,0.0,-26.995551,15269.873964999999,15269.873964999999,0.0,29892.82891,60074.115067
2022-07-14 22:00:00,125.878575,8680.298814,4273.407314,23363.689062,5.425638,4954.647558,69.487825,0.0,-21.652118,14619.324519,14619.324519,0.0,27637.096376,56640.082333
2022-07-14 23:00:00,111.464212,8499.320326000001,4089.693212,22265.023781,36.448524,4955.848739,40.543352999999996,0.000234,-27.456607,12255.398919,12255.398919,0.000234,26354.716993000002,52846.943366
