date,observed_slots,min_prc_mw,min_slot,min_slot_repeated_hour,slots_below_3500_mw
2022-01-01,288,3269.26,2022-01-01 00:25:00,N,5
2022-01-02,288,4140.38,2022-01-02 20:55:00,N,0
2022-01-03,288,4477.14,2022-01-03 05:55:00,N,0
2022-01-04,288,3817.62,2022-01-04 18:20:00,N,0
2022-01-05,288,3404.30,2022-01-05 18:20:00,N,5
2022-01-06,288,3652.17,2022-01-06 18:55:00,N,0
2022-01-07,288,3413.99,2022-01-07 09:25:00,N,6
2022-01-08,288,3299.96,2022-01-08 19:00:00,N,14
2022-01-09,288,3703.34,2022-01-09 18:25:00,N,0
2022-01-10,288,3646.56,2022-01-10 20:15:00,N,0
2022-01-11,288,3536.01,2022-01-11 08:10:00,N,0
2022-01-12,288,3205.19,2022-01-12 19:05:00,N,51
2022-01-13,288,3175.02,2022-01-13 20:10:00,N,53
2022-01-14,288,3806.08,2022-01-14 07:05:00,N,0
2022-01-15,288,3475.56,2022-01-15 21:45:00,N,2
2022-01-16,288,3576.09,2022-01-16 02:35:00,N,0
2022-01-17,288,3781.43,2022-01-17 07:35:00,N,0
2022-01-18,288,3710.18,2022-01-18 18:45:00,N,0
2022-01-19,288,4145.02,2022-01-19 08:00:00,N,0
2022-01-20,288,4629.44,2022-01-20 21:20:00,N,0
2022-01-21,288,4436.44,2022-01-21 07:35:00,N,0
2022-01-22,288,3800.42,2022-01-22 19:10:00,N,0
2022-01-23,288,3990.36,2022-01-23 08:15:00,N,0
2022-01-24,288,3372.06,2022-01-24 18:25:00,N,14
2022-01-25,288,3514.86,2022-01-25 00:30:00,N,0
2022-01-26,288,3388.48,2022-01-26 08:55:00,N,8
2022-01-27,288,3443.39,2022-01-27 09:25:00,N,3
2022-01-28,288,3212.57,2022-01-28 20:40:00,N,26
2022-01-29,288,3233.31,2022-01-29 07:25:00,N,36
2022-01-30,288,3113.68,2022-01-30 07:10:00,N,16
2022-01-31,288,3098.50,2022-01-31 07:20:00,N,20
2022-02-01,288,4588.13,2022-02-01 18:15:00,N,0
2022-02-02,288,6823.39,2022-02-02 00:10:00,N,0
2022-02-03,288,6495.08,2022-02-03 20:55:00,N,0
2022-02-04,288,5027.31,2022-02-04 18:20:00,N,0
2022-02-05,288,4871.81,2022-02-05 07:25:00,N,0
2022-02-06,288,4500.22,2022-02-06 07:45:00,N,0
2022-02-07,288,3403.65,2022-02-07 19:15:00,N,16
2022-02-08,288,3559.01,2022-02-08 07:10:00,N,0
2022-02-09,288,3263.20,2022-02-09 07:25:00,N,13
2022-02-10,286,3322.63,2022-02-10 18:35:00,N,29
2022-02-11,288,4865.86,2022-02-11 13:10:00,N,0
2022-02-12,288,3448.51,2022-02-12 22:00:00,N,4
2022-02-13,288,3140.01,2022-02-13 07:50:00,N,30
2022-02-14,288,3248.15,2022-02-14 07:20:00,N,6
2022-02-15,288,4149.66,2022-02-15 07:25:00,N,0
2022-02-16,288,4371.09,2022-02-16 18:50:00,N,0
2022-02-17,288,3245.73,2022-02-17 19:55:00,N,29
2022-02-18,288,3362.24,2022-02-18 18:35:00,N,2
2022-02-19,288,3236.38,2022-02-19 07:20:00,N,26
2022-02-20,288,3368.43,2022-02-20 19:00:00,N,6
2022-02-21,288,3705.58,2022-02-21 19:05:00,N,0
2022-02-22,288,3574.20,2022-02-22 08:00:00,N,0
2022-02-23,288,3948.57,2022-02-23 23:15:00,N,0
2022-02-24,288,3657.42,2022-02-24 02:00:00,N,0
2022-02-25,288,4061.58,2022-02-25 19:35:00,N,0
2022-02-26,288,3899.28,2022-02-26 23:10:00,N,0
2022-02-27,288,3744.75,2022-02-27 00:10:00,N,0
2022-02-28,288,3717.46,2022-02-28 18:45:00,N,0
2022-03-01,288,3605.62,2022-03-01 17:55:00,N,0
2022-03-02,288,3374.76,2022-03-02 18:20:00,N,5
2022-03-03,288,3775.81,2022-03-03 18:00:00,N,0
2022-03-04,288,4178.34,2022-03-04 18:50:00,N,0
2022-03-05,288,3517.82,2022-03-05 21:40:00,N,0
2022-03-06,288,3421.07,2022-03-06 12:40:00,N,1
2022-03-07,288,3700.51,2022-03-07 18:45:00,N,0
2022-03-08,288,3580.08,2022-03-08 19:05:00,N,0
2022-03-09,288,3645.17,2022-03-09 18:50:00,N,0
2022-03-10,288,3965.22,2022-03-10 12:20:00,N,0
2022-03-11,288,4073.57,2022-03-11 21:30:00,N,0
2022-03-12,288,3852.12,2022-03-12 18:50:00,N,0
2022-03-13,276,4394.88,2022-03-13 08:00:00,N,0
2022-03-14,288,4133.06,2022-03-14 23:55:00,N,0
2022-03-15,288,3570.24,2022-03-15 02:10:00,N,0
2022-03-16,288,3685.46,2022-03-16 19:30:00,N,0
2022-03-17,288,3745.13,2022-03-17 22:00:00,N,0
2022-03-18,288,3428.08,2022-03-18 22:20:00,N,10
2022-03-19,288,3248.72,2022-03-19 21:05:00,N,28
2022-03-20,288,4062.74,2022-03-20 20:50:00,N,0
2022-03-21,288,3315.38,2022-03-21 23:20:00,N,6
2022-03-22,288,3465.65,2022-03-22 00:40:00,N,6
2022-03-23,288,3394.17,2022-03-23 23:50:00,N,2
2022-03-24,288,3335.05,2022-03-24 00:05:00,N,13
2022-03-25,288,3508.23,2022-03-25 18:50:00,N,0
2022-03-26,288,3309.22,2022-03-26 07:40:00,N,46
2022-03-27,288,3607.81,2022-03-27 21:15:00,N,0
2022-03-28,288,3583.21,2022-03-28 06:55:00,N,0
2022-03-29,288,3422.75,2022-03-29 23:20:00,N,5
2022-03-30,288,3278.57,2022-03-30 00:55:00,N,7
2022-03-31,288,3328.52,2022-03-31 20:10:00,N,20
2022-04-01,288,3420.77,2022-04-01 07:35:00,N,7
2022-04-02,288,2929.19,2022-04-02 19:40:00,N,39
2022-04-03,287,3554.61,2022-04-03 22:20:00,N,0
2022-04-04,288,3236.45,2022-04-04 19:45:00,N,19
2022-04-05,288,3723.45,2022-04-05 01:00:00,N,0
2022-04-06,288,3422.96,2022-04-06 22:20:00,N,5
2022-04-07,288,3398.06,2022-04-07 20:40:00,N,6
2022-04-08,288,3107.85,2022-04-08 20:15:00,N,15
2022-04-09,288,3303.67,2022-04-09 00:30:00,N,11
2022-04-10,288,3194.75,2022-04-10 14:15:00,N,21
2022-04-11,288,3594.49,2022-04-11 19:30:00,N,0
2022-04-12,288,3964.21,2022-04-12 07:35:00,N,0
2022-04-13,288,3188.12,2022-04-13 20:10:00,N,8
2022-04-14,288,3692.81,2022-04-14 00:15:00,N,0
2022-04-15,288,3265.98,2022-04-15 19:45:00,N,10
2022-04-16,288,3403.53,2022-04-16 20:15:00,N,3
2022-04-17,288,3062.75,2022-04-17 19:45:00,N,47
2022-04-18,288,3259.64,2022-04-18 20:05:00,N,18
2022-04-19,288,3182.27,2022-04-19 07:10:00,N,14
2022-04-20,288,3192.14,2022-04-20 20:10:00,N,12
2022-04-21,288,4159.52,2022-04-21 00:25:00,N,0
2022-04-22,288,4050.21,2022-04-22 00:20:00,N,0
2022-04-23,288,4003.99,2022-04-23 20:20:00,N,0
2022-04-24,288,3942.73,2022-04-24 05:40:00,N,0
2022-04-25,288,3486.40,2022-04-25 04:10:00,N,1
2022-04-26,288,3863.47,2022-04-26 20:20:00,N,0
2022-04-27,288,3907.76,2022-04-27 09:20:00,N,0
2022-04-28,288,3494.39,2022-04-28 07:30:00,N,1
2022-04-29,288,4385.25,2022-04-29 07:15:00,N,0
2022-04-30,288,3740.27,2022-04-30 20:00:00,N,0
2022-05-01,288,3646.50,2022-05-01 02:30:00,N,0
2022-05-02,288,3411.11,2022-05-02 20:15:00,N,1
2022-05-03,288,3739.15,2022-05-03 21:15:00,N,0
2022-05-04,288,3490.04,2022-05-04 07:15:00,N,2
2022-05-05,288,3410.70,2022-05-05 20:20:00,N,4
2022-05-06,288,4045.30,2022-05-06 17:45:00,N,0
2022-05-07,288,4331.30,2022-05-07 20:05:00,N,0
2022-05-08,288,4005.34,2022-05-08 21:15:00,N,0
2022-05-09,287,3937.03,2022-05-09 22:35:00,N,0
2022-05-10,288,3858.65,2022-05-10 06:45:00,N,0
2022-05-11,288,3729.93,2022-05-11 05:10:00,N,0
2022-05-12,288,3464.63,2022-05-12 17:15:00,N,2
2022-05-13,288,2988.97,2022-05-13 14:50:00,N,46
2022-05-14,288,4024.21,2022-05-14 16:20:00,N,0
2022-05-15,288,4559.24,2022-05-15 16:25:00,N,0
2022-05-16,288,4323.72,2022-05-16 16:00:00,N,0
2022-05-17,288,3577.40,2022-05-17 01:00:00,N,0
2022-05-18,288,3522.94,2022-05-18 21:10:00,N,0
2022-05-19,288,3536.25,2022-05-19 21:20:00,N,0
2022-05-20,288,3182.67,2022-05-20 20:10:00,N,8
2022-05-21,288,3560.22,2022-05-21 00:30:00,N,0
2022-05-22,288,3477.51,2022-05-22 18:25:00,N,2
2022-05-23,288,3564.31,2022-05-23 06:50:00,N,0
2022-05-24,288,3235.12,2022-05-24 09:45:00,N,11
2022-05-25,288,2915.53,2022-05-25 21:10:00,N,12
2022-05-26,288,3563.97,2022-05-26 00:20:00,N,0
2022-05-27,288,3942.72,2022-05-27 15:30:00,N,0
2022-05-28,288,4283.90,2022-05-28 23:40:00,N,0
2022-05-29,288,4151.15,2022-05-29 20:40:00,N,0
2022-05-30,288,3519.55,2022-05-30 21:15:00,N,0
2022-05-31,288,3721.00,2022-05-31 23:45:00,N,0
2022-06-01,288,3485.43,2022-06-01 01:25:00,N,3
2022-06-02,288,3640.56,2022-06-02 18:40:00,N,0
2022-06-03,288,3578.93,2022-06-03 23:00:00,N,0
2022-06-04,288,3293.90,2022-06-04 13:00:00,N,7
2022-06-05,288,4052.34,2022-06-05 21:10:00,N,0
2022-06-06,288,3455.21,2022-06-06 19:50:00,N,3
2022-06-07,288,3493.32,2022-06-07 22:20:00,N,2
2022-06-08,288,3545.57,2022-06-08 21:05:00,N,0
2022-06-09,288,3602.96,2022-06-09 13:25:00,N,0
2022-06-10,288,3379.95,2022-06-10 20:00:00,N,1
2022-06-11,288,4089.17,2022-06-11 16:10:00,N,0
2022-06-12,288,3980.72,2022-06-12 20:00:00,N,0
2022-06-13,288,3942.25,2022-06-13 06:15:00,N,0
2022-06-14,288,4351.74,2022-06-14 22:15:00,N,0
2022-06-15,288,4570.13,2022-06-15 21:00:00,N,0
2022-06-16,288,4069.43,2022-06-16 20:00:00,N,0
2022-06-17,288,3917.82,2022-06-17 12:40:00,N,0
2022-06-18,288,3953.64,2022-06-18 12:50:00,N,0
2022-06-19,288,3758.43,2022-06-19 12:50:00,N,0
2022-06-20,288,3529.68,2022-06-20 21:00:00,N,0
2022-06-21,288,3655.03,2022-06-21 13:55:00,N,0
2022-06-22,288,3725.29,2022-06-22 17:00:00,N,0
2022-06-23,288,3346.68,2022-06-23 18:45:00,N,17
2022-06-24,288,3557.87,2022-06-24 17:50:00,N,0
2022-06-25,288,3653.08,2022-06-25 20:10:00,N,0
2022-06-26,288,4067.12,2022-06-26 14:00:00,N,0
2022-06-27,288,3646.44,2022-06-27 13:55:00,N,0
2022-06-28,288,3274.26,2022-06-28 10:40:00,N,1
2022-06-29,288,3358.22,2022-06-29 20:20:00,N,3
2022-06-30,288,3531.75,2022-06-30 21:15:00,N,0
2022-07-01,288,3212.44,2022-07-01 12:50:00,N,3
2022-07-02,288,3241.38,2022-07-02 10:40:00,N,19
2022-07-03,288,3632.87,2022-07-03 00:35:00,N,0
2022-07-04,288,3670.26,2022-07-04 13:55:00,N,0
2022-07-05,288,3623.97,2022-07-05 17:20:00,N,0
2022-07-06,288,3191.36,2022-07-06 12:45:00,N,7
2022-07-07,288,3430.46,2022-07-07 13:45:00,N,5
2022-07-08,288,2991.84,2022-07-08 13:55:00,N,58
2022-07-09,288,2885.52,2022-07-09 16:40:00,N,93
2022-07-10,288,2867.03,2022-07-10 18:50:00,N,80
2022-07-11,288,2930.13,2022-07-11 12:55:00,N,46
2022-07-12,287,3179.57,2022-07-12 15:10:00,N,25
2022-07-13,288,2524.47,2022-07-13 15:25:00,N,117
2022-07-14,288,3924.99,2022-07-14 10:50:00,N,0
2022-07-15,288,3247.83,2022-07-15 13:55:00,N,20
2022-07-16,288,3373.81,2022-07-16 20:50:00,N,6
2022-07-17,288,3204.91,2022-07-17 17:50:00,N,45
2022-07-18,288,3292.75,2022-07-18 15:20:00,N,24
2022-07-19,288,3515.44,2022-07-19 18:20:00,N,0
2022-07-20,288,3554.73,2022-07-20 12:50:00,N,0
2022-07-21,288,3435.09,2022-07-21 21:45:00,N,3
2022-07-22,288,3571.64,2022-07-22 13:55:00,N,0
2022-07-23,288,3734.89,2022-07-23 12:30:00,N,0
2022-07-24,288,3169.78,2022-07-24 13:30:00,N,7
2022-07-25,288,3374.31,2022-07-25 13:40:00,N,4
2022-07-26,288,3223.95,2022-07-26 13:50:00,N,10
2022-07-27,288,3399.36,2022-07-27 13:45:00,N,3
2022-07-28,288,3129.12,2022-07-28 13:55:00,N,16
2022-07-29,288,3126.45,2022-07-29 11:25:00,N,6
2022-07-30,288,3260.69,2022-07-30 12:45:00,N,21
2022-07-31,288,3316.67,2022-07-31 17:50:00,N,16
2022-08-01,288,3304.94,2022-08-01 11:40:00,N,5
2022-08-02,288,3292.55,2022-08-02 19:40:00,N,20
2022-08-03,288,3314.32,2022-08-03 13:45:00,N,13
2022-08-04,288,3416.21,2022-08-04 15:30:00,N,6
2022-08-05,288,3220.09,2022-08-05 11:50:00,N,2
2022-08-06,288,4016.48,2022-08-06 13:40:00,N,0
2022-08-07,288,3327.36,2022-08-07 21:00:00,N,5
2022-08-08,288,3333.53,2022-08-08 13:45:00,N,10
2022-08-09,288,3013.31,2022-08-09 12:35:00,N,38
2022-08-10,288,3314.93,2022-08-10 11:40:00,N,16
2022-08-11,288,3050.78,2022-08-11 13:50:00,N,37
2022-08-12,288,2923.15,2022-08-12 10:35:00,N,68
2022-08-13,288,2889.21,2022-08-13 11:40:00,N,38
2022-08-14,288,3553.60,2022-08-14 12:40:00,N,0
2022-08-15,288,3613.50,2022-08-15 21:10:00,N,0
2022-08-16,288,3508.19,2022-08-16 11:45:00,N,0
2022-08-17,288,3143.08,2022-08-17 12:55:00,N,32
2022-08-18,288,3078.28,2022-08-18 13:55:00,N,18
2022-08-19,288,3363.64,2022-08-19 12:55:00,N,11
2022-08-20,288,2872.91,2022-08-20 13:40:00,N,28
2022-08-21,288,2800.74,2022-08-21 13:55:00,N,110
2022-08-22,288,3060.68,2022-08-22 22:00:00,N,61
2022-08-23,288,2839.83,2022-08-23 13:25:00,N,130
2022-08-24,288,2832.00,2022-08-24 13:25:00,N,72
2022-08-25,288,3106.96,2022-08-25 19:30:00,N,68
2022-08-26,288,3172.63,2022-08-26 11:00:00,N,38
2022-08-27,288,2996.14,2022-08-27 13:50:00,N,62
2022-08-28,288,2628.49,2022-08-28 13:10:00,N,51
2022-08-29,288,2926.80,2022-08-29 13:55:00,N,19
2022-08-30,288,3200.33,2022-08-30 13:50:00,N,33
2022-08-31,288,2866.36,2022-08-31 10:45:00,N,57
2022-09-01,277,3292.91,2022-09-01 13:25:00,N,26
2022-09-02,288,3185.57,2022-09-02 11:50:00,N,23
2022-09-03,288,2639.33,2022-09-03 12:35:00,N,90
2022-09-04,288,2987.12,2022-09-04 13:40:00,N,22
2022-09-05,288,2923.54,2022-09-05 13:35:00,N,38
2022-09-06,287,3137.83,2022-09-06 13:50:00,N,77
2022-09-07,288,3074.36,2022-09-07 13:50:00,N,19
2022-09-08,288,3356.10,2022-09-08 13:50:00,N,3
2022-09-09,288,2876.27,2022-09-09 13:40:00,N,23
2022-09-10,288,3159.14,2022-09-10 13:50:00,N,17
2022-09-11,288,3091.60,2022-09-11 18:50:00,N,32
2022-09-12,288,3420.32,2022-09-12 14:00:00,N,5
2022-09-13,288,2982.43,2022-09-13 16:05:00,N,41
2022-09-14,288,3324.89,2022-09-14 19:30:00,N,21
2022-09-15,288,3455.29,2022-09-15 15:40:00,N,2
2022-09-16,288,3308.36,2022-09-16 16:45:00,N,17
2022-09-17,288,3309.83,2022-09-17 19:50:00,N,7
2022-09-18,288,3579.01,2022-09-18 18:55:00,N,0
2022-09-19,288,3348.59,2022-09-19 13:55:00,N,4
2022-09-20,288,3413.07,2022-09-20 19:05:00,N,11
2022-09-21,288,3237.79,2022-09-21 19:00:00,N,21
2022-09-22,288,3296.51,2022-09-22 18:50:00,N,6
2022-09-23,288,3248.25,2022-09-23 19:05:00,N,13
2022-09-24,288,3220.36,2022-09-24 13:55:00,N,7
2022-09-25,288,3232.55,2022-09-25 13:55:00,N,11
2022-09-26,288,3473.65,2022-09-26 18:50:00,N,2
2022-09-27,288,3469.68,2022-09-27 18:50:00,N,2
2022-09-28,288,2883.64,2022-09-28 18:55:00,N,28
2022-09-29,288,3135.42,2022-09-29 19:10:00,N,23
2022-09-30,288,3406.60,2022-09-30 15:20:00,N,16
2022-10-01,288,2840.08,2022-10-01 18:55:00,N,20
2022-10-02,288,3100.34,2022-10-02 16:45:00,N,24
2022-10-03,288,3084.22,2022-10-03 18:50:00,N,17
2022-10-04,288,3045.60,2022-10-04 18:00:00,N,19
2022-10-05,288,2983.03,2022-10-05 15:50:00,N,56
2022-10-06,288,3023.35,2022-10-06 18:00:00,N,72
2022-10-07,288,3208.54,2022-10-07 07:05:00,N,24
2022-10-08,288,3489.72,2022-10-08 17:15:00,N,3
2022-10-09,288,3210.01,2022-10-09 16:00:00,N,44
2022-10-10,288,3332.54,2022-10-10 14:15:00,N,13
2022-10-11,288,3130.12,2022-10-11 19:20:00,N,11
2022-10-12,288,3058.09,2022-10-12 18:35:00,N,24
2022-10-13,288,3137.63,2022-10-13 19:10:00,N,31
2022-10-14,288,4389.09,2022-10-14 18:30:00,N,0
2022-10-15,288,3735.51,2022-10-15 18:05:00,N,0
2022-10-16,288,3952.30,2022-10-16 11:15:00,N,0
2022-10-17,288,4285.82,2022-10-17 19:40:00,N,0
2022-10-18,288,4117.22,2022-10-18 18:45:00,N,0
2022-10-19,288,4557.54,2022-10-19 18:55:00,N,0
2022-10-20,288,3937.09,2022-10-20 18:25:00,N,0
2022-10-21,288,4854.65,2022-10-21 11:45:00,N,0
2022-10-22,288,5135.22,2022-10-22 21:10:00,N,0
2022-10-23,288,5572.33,2022-10-23 00:35:00,N,0
2022-10-24,288,4667.59,2022-10-24 07:50:00,N,0
2022-10-25,288,4171.51,2022-10-25 19:35:00,N,0
2022-10-26,288,4566.22,2022-10-26 18:25:00,N,0
2022-10-27,288,4118.62,2022-10-27 18:50:00,N,0
2022-10-28,288,4021.95,2022-10-28 07:50:00,N,0
2022-10-29,288,4292.43,2022-10-29 01:05:00,N,0
2022-10-30,288,4380.03,2022-10-30 07:55:00,N,0
2022-10-31,288,4172.24,2022-10-31 07:40:00,N,0
2022-11-01,288,4716.63,2022-11-01 18:30:00,N,0
2022-11-02,288,4145.87,2022-11-02 18:55:00,N,0
2022-11-03,288,4898.83,2022-11-03 07:15:00,N,0
2022-11-04,288,5168.86,2022-11-04 20:15:00,N,0
2022-11-05,288,4722.77,2022-11-05 08:10:00,N,0
2022-11-06,300,4559.41,2022-11-06 17:40:00,N,0
2022-11-07,288,4769.56,2022-11-07 10:25:00,N,0
2022-11-08,288,5389.86,2022-11-08 18:30:00,N,0
2022-11-09,288,5051.28,2022-11-09 18:45:00,N,0
2022-11-10,288,4519.71,2022-11-10 08:30:00,N,0
2022-11-11,288,5330.16,2022-11-11 18:30:00,N,0
2022-11-12,288,4597.91,2022-11-12 07:10:00,N,0
2022-11-13,288,4824.65,2022-11-13 18:15:00,N,0
2022-11-14,288,4276.16,2022-11-14 07:05:00,N,0
2022-11-15,288,4646.92,2022-11-15 16:45:00,N,0
2022-11-16,288,4384.39,2022-11-16 02:30:00,N,0
2022-11-17,288,4643.17,2022-11-17 07:05:00,N,0
2022-11-18,288,4624.37,2022-11-18 20:00:00,N,0
2022-11-19,288,4777.07,2022-11-19 07:40:00,N,0
2022-11-20,288,4697.74,2022-11-20 06:00:00,N,0
2022-11-21,288,4273.53,2022-11-21 17:25:00,N,0
2022-11-22,288,4205.56,2022-11-22 07:35:00,N,0
2022-11-23,288,4240.74,2022-11-23 07:10:00,N,0
2022-11-24,288,4251.19,2022-11-24 07:25:00,N,0
2022-11-25,288,4258.83,2022-11-25 21:35:00,N,0
2022-11-26,288,3931.37,2022-11-26 16:45:00,N,0
2022-11-27,288,3759.12,2022-11-27 07:25:00,N,0
2022-11-28,288,4178.70,2022-11-28 00:15:00,N,0
2022-11-29,288,4227.61,2022-11-29 17:35:00,N,0
2022-11-30,288,3977.12,2022-11-30 17:15:00,N,0
2022-12-01,288,4134.56,2022-12-01 12:55:00,N,0
2022-12-02,288,4148.35,2022-12-02 21:15:00,N,0
2022-12-03,288,4287.80,2022-12-03 20:00:00,N,0
2022-12-04,288,4254.79,2022-12-04 16:55:00,N,0
2022-12-05,288,4667.02,2022-12-05 07:40:00,N,0
2022-12-06,288,4049.95,2022-12-06 07:50:00,N,0
2022-12-07,288,4299.39,2022-12-07 17:45:00,N,0
2022-12-08,288,4493.48,2022-12-08 21:20:00,N,0
2022-12-09,288,4150.72,2022-12-09 11:35:00,N,0
2022-12-10,288,3968.04,2022-12-10 22:35:00,N,0
2022-12-11,288,4154.18,2022-12-11 10:20:00,N,0
2022-12-12,288,4696.79,2022-12-12 07:15:00,N,0
2022-12-13,288,4152.00,2022-12-13 22:15:00,N,0
2022-12-14,288,4371.75,2022-12-14 20:05:00,N,0
2022-12-15,288,4137.56,2022-12-15 07:30:00,N,0
2022-12-16,288,4197.81,2022-12-16 17:25:00,N,0
2022-12-17,288,4126.19,2022-12-17 07:45:00,N,0
2022-12-18,288,5205.15,2022-12-18 00:15:00,N,0
2022-12-19,288,4620.63,2022-12-19 16:55:00,N,0
2022-12-20,288,4706.79,2022-12-20 17:45:00,N,0
2022-12-21,288,4083.48,2022-12-21 07:45:00,N,0
2022-12-22,288,7771.47,2022-12-22 23:35:00,N,0
2022-12-23,288,4072.63,2022-12-23 20:35:00,N,0
2022-12-24,288,5171.17,2022-12-24 07:50:00,N,0
2022-12-25,288,5119.34,2022-12-25 07:30:00,N,0
2022-12-26,288,4849.17,2022-12-26 22:00:00,N,0
2022-12-27,288,4822.24,2022-12-27 00:25:00,N,0
2022-12-28,288,5174.86,2022-12-28 17:35:00,N,0
2022-12-29,288,4959.68,2022-12-29 19:25:00,N,0
2022-12-30,288,4626.09,2022-12-30 00:15:00,N,0
2022-12-31,288,4589.69,2022-12-31 17:45:00,N,0
