hour_start,hour_end,res_irr_mw,all_env_mw,rule
2025-01-15 00:00:00,2025-01-15 01:00:00,15086,20374,contemporaneous
2025-01-15 01:00:00,2025-01-15 02:00:00,15156,20444,contemporaneous
2025-01-15 02:00:00,2025-01-15 03:00:00,15082,20370,contemporaneous
2025-01-15 03:00:00,2025-01-15 04:00:00,15082,20370,contemporaneous
2025-01-15 04:00:00,2025-01-15 05:00:00,14828,20116,contemporaneous
2025-01-15 05:00:00,2025-01-15 06:00:00,14944,20232,contemporaneous
2025-01-15 06:00:00,2025-01-15 07:00:00,14236,19524,contemporaneous
2025-01-15 07:00:00,2025-01-15 08:00:00,14867,20155,contemporaneous
2025-01-15 08:00:00,2025-01-15 09:00:00,15080,20368,contemporaneous
2025-01-15 09:00:00,2025-01-15 10:00:00,15249,20537,contemporaneous
2025-01-15 10:00:00,2025-01-15 11:00:00,16072,21360,contemporaneous
2025-01-15 11:00:00,2025-01-15 12:00:00,15901,21189,contemporaneous
2025-01-15 12:00:00,2025-01-15 13:00:00,16034,21322,contemporaneous
2025-01-15 13:00:00,2025-01-15 14:00:00,16252,21540,contemporaneous
2025-01-15 14:00:00,2025-01-15 15:00:00,16151,21294,contemporaneous
2025-01-15 15:00:00,2025-01-15 16:00:00,16148,21436,contemporaneous
2025-01-15 16:00:00,2025-01-15 17:00:00,15817,21255,contemporaneous
2025-01-15 17:00:00,2025-01-15 18:00:00,15442,20880,contemporaneous
2025-01-15 18:00:00,2025-01-15 19:00:00,15528,20966,contemporaneous
2025-01-15 19:00:00,2025-01-15 20:00:00,16099,21537,contemporaneous
2025-01-15 20:00:00,2025-01-15 21:00:00,15996,21434,contemporaneous
2025-01-15 21:00:00,2025-01-15 22:00:00,15079,20517,contemporaneous
2025-01-15 22:00:00,2025-01-15 23:00:00,14621,20059,contemporaneous
2025-01-15 23:00:00,2025-01-16 00:00:00,13913,19341,contemporaneous
2025-01-16 00:00:00,2025-01-16 01:00:00,14531,19959,contemporaneous
2025-01-16 01:00:00,2025-01-16 02:00:00,13356,18784,contemporaneous
2025-01-16 02:00:00,2025-01-16 03:00:00,12898,18326,contemporaneous
2025-01-16 03:00:00,2025-01-16 04:00:00,12885,18313,contemporaneous
2025-01-16 04:00:00,2025-01-16 05:00:00,13093,18521,contemporaneous
2025-01-16 05:00:00,2025-01-16 06:00:00,13217,18645,contemporaneous
2025-01-16 06:00:00,2025-01-16 07:00:00,13147,18575,contemporaneous
2025-01-16 07:00:00,2025-01-16 08:00:00,13760,19188,contemporaneous
2025-01-16 08:00:00,2025-01-16 09:00:00,13960,19388,contemporaneous
2025-01-16 09:00:00,2025-01-16 10:00:00,13875,19303,contemporaneous
2025-01-16 10:00:00,2025-01-16 11:00:00,14122,19550,contemporaneous
2025-01-16 11:00:00,2025-01-16 12:00:00,13654,19082,contemporaneous
2025-01-16 12:00:00,2025-01-16 13:00:00,14381,19809,contemporaneous
2025-01-16 13:00:00,2025-01-16 14:00:00,13630,19058,contemporaneous
2025-01-16 14:00:00,2025-01-16 15:00:00,13488,18916,contemporaneous
2025-01-16 15:00:00,2025-01-16 16:00:00,12745,18173,contemporaneous
2025-01-16 16:00:00,2025-01-16 17:00:00,11898,17326,contemporaneous
2025-01-16 17:00:00,2025-01-16 18:00:00,11192,16620,contemporaneous
2025-01-16 18:00:00,2025-01-16 19:00:00,10550,15978,contemporaneous
2025-01-16 19:00:00,2025-01-16 20:00:00,11058,16486,contemporaneous
2025-01-16 20:00:00,2025-01-16 21:00:00,10909,16337,contemporaneous
2025-01-16 21:00:00,2025-01-16 22:00:00,10830,16258,contemporaneous
2025-01-16 22:00:00,2025-01-16 23:00:00,10797,16225,contemporaneous
2025-01-16 23:00:00,2025-01-17 00:00:00,10775,16203,contemporaneous
2025-01-17 00:00:00,2025-01-17 01:00:00,11363,16791,contemporaneous
2025-01-17 01:00:00,2025-01-17 02:00:00,11127,16555,contemporaneous
2025-01-17 02:00:00,2025-01-17 03:00:00,11112,16640,contemporaneous
2025-01-17 03:00:00,2025-01-17 04:00:00,10842,16370,contemporaneous
2025-01-17 04:00:00,2025-01-17 05:00:00,11069,16597,contemporaneous
2025-01-17 05:00:00,2025-01-17 06:00:00,11398,16926,contemporaneous
2025-01-17 06:00:00,2025-01-17 07:00:00,11288,16816,contemporaneous
2025-01-17 07:00:00,2025-01-17 08:00:00,11281,16809,contemporaneous
2025-01-17 08:00:00,2025-01-17 09:00:00,11312,16740,contemporaneous
2025-01-17 09:00:00,2025-01-17 10:00:00,11184,16612,contemporaneous
2025-01-17 10:00:00,2025-01-17 11:00:00,12026,17454,contemporaneous
2025-01-17 11:00:00,2025-01-17 12:00:00,12277,17705,contemporaneous
2025-01-17 12:00:00,2025-01-17 13:00:00,12299,17727,contemporaneous
2025-01-17 13:00:00,2025-01-17 14:00:00,12371,17799,contemporaneous
2025-01-17 14:00:00,2025-01-17 15:00:00,13430,18858,contemporaneous
2025-01-17 15:00:00,2025-01-17 16:00:00,13364,18792,contemporaneous
2025-01-17 16:00:00,2025-01-17 17:00:00,14110,19538,contemporaneous
2025-01-17 17:00:00,2025-01-17 18:00:00,14159,19587,contemporaneous
2025-01-17 18:00:00,2025-01-17 19:00:00,14012,19440,contemporaneous
2025-01-17 19:00:00,2025-01-17 20:00:00,15151,20579,contemporaneous
2025-01-17 20:00:00,2025-01-17 21:00:00,14075,19503,contemporaneous
2025-01-17 21:00:00,2025-01-17 22:00:00,13522,18950,contemporaneous
2025-01-17 22:00:00,2025-01-17 23:00:00,13518,18946,contemporaneous
2025-01-17 23:00:00,2025-01-18 00:00:00,12584,18012,contemporaneous
2025-01-18 00:00:00,2025-01-18 01:00:00,12580,18008,contemporaneous
2025-01-18 01:00:00,2025-01-18 02:00:00,12504,17932,contemporaneous
2025-01-18 02:00:00,2025-01-18 03:00:00,11701,17129,contemporaneous
2025-01-18 03:00:00,2025-01-18 04:00:00,11693,17121,contemporaneous
2025-01-18 04:00:00,2025-01-18 05:00:00,11699,17127,contemporaneous
2025-01-18 05:00:00,2025-01-18 06:00:00,11477,16905,contemporaneous
2025-01-18 06:00:00,2025-01-18 07:00:00,11605,17033,contemporaneous
2025-01-18 07:00:00,2025-01-18 08:00:00,11507,16935,contemporaneous
2025-01-18 08:00:00,2025-01-18 09:00:00,11133,16561,contemporaneous
2025-01-18 09:00:00,2025-01-18 10:00:00,11150,16578,contemporaneous
2025-01-18 10:00:00,2025-01-18 11:00:00,10973,16401,contemporaneous
2025-01-18 11:00:00,2025-01-18 12:00:00,10969,16397,contemporaneous
2025-01-18 12:00:00,2025-01-18 13:00:00,10963,16391,contemporaneous
2025-01-18 13:00:00,2025-01-18 14:00:00,11223,16651,contemporaneous
2025-01-18 14:00:00,2025-01-18 15:00:00,10745,16173,contemporaneous
2025-01-18 15:00:00,2025-01-18 16:00:00,10745,16173,contemporaneous
2025-01-18 16:00:00,2025-01-18 17:00:00,10298,15726,contemporaneous
2025-01-18 17:00:00,2025-01-18 18:00:00,10441,15869,contemporaneous
2025-01-18 18:00:00,2025-01-18 19:00:00,10081,15509,contemporaneous
2025-01-18 19:00:00,2025-01-18 20:00:00,9895,15323,contemporaneous
2025-01-18 20:00:00,2025-01-18 21:00:00,9895,15323,contemporaneous
2025-01-18 21:00:00,2025-01-18 22:00:00,10074,15502,contemporaneous
2025-01-18 22:00:00,2025-01-18 23:00:00,10120,15548,contemporaneous
2025-01-18 23:00:00,2025-01-19 00:00:00,9870,15298,contemporaneous
2025-01-19 00:00:00,2025-01-19 01:00:00,10378,15806,contemporaneous
2025-01-19 01:00:00,2025-01-19 02:00:00,11095,16523,contemporaneous
2025-01-19 02:00:00,2025-01-19 03:00:00,10839,16267,contemporaneous
2025-01-19 03:00:00,2025-01-19 04:00:00,10839,16267,contemporaneous
2025-01-19 04:00:00,2025-01-19 05:00:00,11321,16749,contemporaneous
2025-01-19 05:00:00,2025-01-19 06:00:00,11061,16489,contemporaneous
2025-01-19 06:00:00,2025-01-19 07:00:00,11061,16489,contemporaneous
2025-01-19 07:00:00,2025-01-19 08:00:00,10964,16392,contemporaneous
2025-01-19 08:00:00,2025-01-19 09:00:00,10789,16217,contemporaneous
2025-01-19 09:00:00,2025-01-19 10:00:00,11465,16893,contemporaneous
2025-01-19 10:00:00,2025-01-19 11:00:00,11329,16757,contemporaneous
2025-01-19 11:00:00,2025-01-19 12:00:00,11746,17174,contemporaneous
2025-01-19 12:00:00,2025-01-19 13:00:00,11604,17032,contemporaneous
2025-01-19 13:00:00,2025-01-19 14:00:00,11072,16500,contemporaneous
2025-01-19 14:00:00,2025-01-19 15:00:00,11439,16867,contemporaneous
2025-01-19 15:00:00,2025-01-19 16:00:00,11540,16968,contemporaneous
2025-01-19 16:00:00,2025-01-19 17:00:00,12111,17539,contemporaneous
2025-01-19 17:00:00,2025-01-19 18:00:00,11707,17135,contemporaneous
2025-01-19 18:00:00,2025-01-19 19:00:00,11699,17127,contemporaneous
2025-01-19 19:00:00,2025-01-19 20:00:00,12088,17516,contemporaneous
2025-01-19 20:00:00,2025-01-19 21:00:00,12418,17846,contemporaneous
2025-01-19 21:00:00,2025-01-19 22:00:00,12686,18114,contemporaneous
2025-01-19 22:00:00,2025-01-19 23:00:00,13384,18812,contemporaneous
2025-01-19 23:00:00,2025-01-20 00:00:00,11434,16862,contemporaneous
2025-01-20 00:00:00,2025-01-20 01:00:00,11884,17312,contemporaneous
2025-01-20 01:00:00,2025-01-20 02:00:00,12073,17501,contemporaneous
2025-01-20 02:00:00,2025-01-20 03:00:00,12138,17566,contemporaneous
2025-01-20 03:00:00,2025-01-20 04:00:00,12071,17499,contemporaneous
2025-01-20 04:00:00,2025-01-20 05:00:00,11930,17358,contemporaneous
2025-01-20 05:00:00,2025-01-20 06:00:00,11753,17181,contemporaneous
2025-01-20 06:00:00,2025-01-20 07:00:00,11286,16714,contemporaneous
2025-01-20 07:00:00,2025-01-20 08:00:00,11272,16700,contemporaneous
2025-01-20 08:00:00,2025-01-20 09:00:00,11477,16905,contemporaneous
2025-01-20 09:00:00,2025-01-20 10:00:00,11248,16676,contemporaneous
2025-01-20 10:00:00,2025-01-20 11:00:00,11398,16826,contemporaneous
2025-01-20 11:00:00,2025-01-20 12:00:00,11718,17146,contemporaneous
2025-01-20 12:00:00,2025-01-20 13:00:00,12041,17469,contemporaneous
2025-01-20 13:00:00,2025-01-20 14:00:00,12207,17635,contemporaneous
2025-01-20 14:00:00,2025-01-20 15:00:00,11949,17377,contemporaneous
2025-01-20 15:00:00,2025-01-20 16:00:00,11984,17412,contemporaneous
2025-01-20 16:00:00,2025-01-20 17:00:00,11492,16920,contemporaneous
2025-01-20 17:00:00,2025-01-20 18:00:00,11331,16759,contemporaneous
2025-01-20 18:00:00,2025-01-20 19:00:00,11323,16751,contemporaneous
2025-01-20 19:00:00,2025-01-20 20:00:00,10755,16183,contemporaneous
2025-01-20 20:00:00,2025-01-20 21:00:00,10755,16183,contemporaneous
2025-01-20 21:00:00,2025-01-20 22:00:00,10865,16293,contemporaneous
2025-01-20 22:00:00,2025-01-20 23:00:00,11168,16596,contemporaneous
2025-01-20 23:00:00,2025-01-21 00:00:00,11134,16562,contemporaneous
2025-01-21 00:00:00,2025-01-21 01:00:00,11239,16667,contemporaneous
2025-01-21 01:00:00,2025-01-21 02:00:00,11419,16847,contemporaneous
2025-01-21 02:00:00,2025-01-21 03:00:00,11465,16893,contemporaneous
2025-01-21 03:00:00,2025-01-21 04:00:00,11680,17108,contemporaneous
2025-01-21 04:00:00,2025-01-21 05:00:00,11847,17275,contemporaneous
2025-01-21 05:00:00,2025-01-21 06:00:00,12090,17518,contemporaneous
2025-01-21 06:00:00,2025-01-21 07:00:00,11877,17305,contemporaneous
2025-01-21 07:00:00,2025-01-21 08:00:00,12683,18111,contemporaneous
2025-01-21 08:00:00,2025-01-21 09:00:00,12978,18406,contemporaneous
2025-01-21 09:00:00,2025-01-21 10:00:00,13366,18794,contemporaneous
2025-01-21 10:00:00,2025-01-21 11:00:00,13940,19368,contemporaneous
2025-01-21 11:00:00,2025-01-21 12:00:00,14242,19670,contemporaneous
2025-01-21 12:00:00,2025-01-21 13:00:00,13937,19365,contemporaneous
2025-01-21 13:00:00,2025-01-21 14:00:00,14003,19431,contemporaneous
2025-01-21 14:00:00,2025-01-21 15:00:00,13683,19111,contemporaneous
2025-01-21 15:00:00,2025-01-21 16:00:00,13781,19209,contemporaneous
2025-01-21 16:00:00,2025-01-21 17:00:00,13659,19087,contemporaneous
2025-01-21 17:00:00,2025-01-21 18:00:00,13665,19093,contemporaneous
2025-01-21 18:00:00,2025-01-21 19:00:00,14003,19431,contemporaneous
2025-01-21 19:00:00,2025-01-21 20:00:00,13929,19357,contemporaneous
2025-01-21 20:00:00,2025-01-21 21:00:00,14138,19566,contemporaneous
2025-01-21 21:00:00,2025-01-21 22:00:00,13463,18891,contemporaneous
2025-01-21 22:00:00,2025-01-21 23:00:00,13808,19236,contemporaneous
2025-01-21 23:00:00,2025-01-22 00:00:00,13287,18715,contemporaneous
2025-01-22 00:00:00,2025-01-22 01:00:00,13266,18694,contemporaneous
2025-01-22 01:00:00,2025-01-22 02:00:00,14640,20068,contemporaneous
2025-01-22 02:00:00,2025-01-22 03:00:00,14690,20118,contemporaneous
2025-01-22 03:00:00,2025-01-22 04:00:00,14690,20118,contemporaneous
2025-01-22 04:00:00,2025-01-22 05:00:00,14703,20131,contemporaneous
2025-01-22 05:00:00,2025-01-22 06:00:00,14510,19938,contemporaneous
2025-01-22 06:00:00,2025-01-22 07:00:00,14228,19656,contemporaneous
2025-01-22 07:00:00,2025-01-22 08:00:00,14587,20015,contemporaneous
2025-01-22 08:00:00,2025-01-22 09:00:00,14369,19797,contemporaneous
2025-01-22 09:00:00,2025-01-22 10:00:00,14201,19629,contemporaneous
2025-01-22 10:00:00,2025-01-22 11:00:00,14068,19496,contemporaneous
2025-01-22 11:00:00,2025-01-22 12:00:00,14091,19519,contemporaneous
2025-01-22 12:00:00,2025-01-22 13:00:00,13514,18942,contemporaneous
2025-01-22 13:00:00,2025-01-22 14:00:00,13062,18490,contemporaneous
2025-01-22 14:00:00,2025-01-22 15:00:00,12714,18142,contemporaneous
2025-01-22 15:00:00,2025-01-22 16:00:00,12686,18114,contemporaneous
2025-01-22 16:00:00,2025-01-22 17:00:00,12637,18065,contemporaneous
2025-01-22 17:00:00,2025-01-22 18:00:00,12972,18400,contemporaneous
2025-01-22 18:00:00,2025-01-22 19:00:00,13322,18750,contemporaneous
2025-01-22 19:00:00,2025-01-22 20:00:00,13638,19066,contemporaneous
2025-01-22 20:00:00,2025-01-22 21:00:00,13656,19084,contemporaneous
2025-01-22 21:00:00,2025-01-22 22:00:00,13706,19134,contemporaneous
2025-01-22 22:00:00,2025-01-22 23:00:00,12866,18294,contemporaneous
2025-01-22 23:00:00,2025-01-23 00:00:00,12540,17968,contemporaneous
2025-01-23 00:00:00,2025-01-23 01:00:00,12402,17830,contemporaneous
2025-01-23 01:00:00,2025-01-23 02:00:00,12731,18159,contemporaneous
2025-01-23 02:00:00,2025-01-23 03:00:00,12731,18159,contemporaneous
2025-01-23 03:00:00,2025-01-23 04:00:00,12497,17925,contemporaneous
2025-01-23 04:00:00,2025-01-23 05:00:00,12497,17925,contemporaneous
2025-01-23 05:00:00,2025-01-23 06:00:00,12637,18065,contemporaneous
2025-01-23 06:00:00,2025-01-23 07:00:00,12282,17710,contemporaneous
2025-01-23 07:00:00,2025-01-23 08:00:00,12285,17713,contemporaneous
2025-01-23 08:00:00,2025-01-23 09:00:00,12554,17982,contemporaneous
2025-01-23 09:00:00,2025-01-23 10:00:00,13070,18498,contemporaneous
2025-01-23 10:00:00,2025-01-23 11:00:00,13181,18609,contemporaneous
2025-01-23 11:00:00,2025-01-23 12:00:00,13163,18591,contemporaneous
2025-01-23 12:00:00,2025-01-23 13:00:00,12847,18275,contemporaneous
2025-01-23 13:00:00,2025-01-23 14:00:00,12793,18221,contemporaneous
2025-01-23 14:00:00,2025-01-23 15:00:00,13147,18575,contemporaneous
2025-01-23 15:00:00,2025-01-23 16:00:00,14054,19472,contemporaneous
2025-01-23 16:00:00,2025-01-23 17:00:00,13948,19366,contemporaneous
2025-01-23 17:00:00,2025-01-23 18:00:00,14350,19768,contemporaneous
2025-01-23 18:00:00,2025-01-23 19:00:00,14460,19878,contemporaneous
2025-01-23 19:00:00,2025-01-23 20:00:00,15372,20790,contemporaneous
2025-01-23 20:00:00,2025-01-23 21:00:00,15144,20562,contemporaneous
2025-01-23 21:00:00,2025-01-23 22:00:00,14854,20272,contemporaneous
2025-01-23 22:00:00,2025-01-23 23:00:00,14760,20178,contemporaneous
2025-01-23 23:00:00,2025-01-24 00:00:00,14439,19857,contemporaneous
2025-01-24 00:00:00,2025-01-24 01:00:00,14255,19673,contemporaneous
2025-01-24 01:00:00,2025-01-24 02:00:00,14575,19993,contemporaneous
2025-01-24 02:00:00,2025-01-24 03:00:00,14575,19993,contemporaneous
2025-01-24 03:00:00,2025-01-24 04:00:00,14198,19616,contemporaneous
2025-01-24 04:00:00,2025-01-24 05:00:00,14301,19719,contemporaneous
2025-01-24 05:00:00,2025-01-24 06:00:00,13969,19387,contemporaneous
2025-01-24 06:00:00,2025-01-24 07:00:00,14712,20130,contemporaneous
2025-01-24 07:00:00,2025-01-24 08:00:00,14659,20077,contemporaneous
2025-01-24 08:00:00,2025-01-24 09:00:00,14295,19713,contemporaneous
2025-01-24 09:00:00,2025-01-24 10:00:00,14030,19448,contemporaneous
2025-01-24 10:00:00,2025-01-24 11:00:00,14374,19792,contemporaneous
2025-01-24 11:00:00,2025-01-24 12:00:00,14687,20105,contemporaneous
2025-01-24 12:00:00,2025-01-24 13:00:00,14861,20279,contemporaneous
2025-01-24 13:00:00,2025-01-24 14:00:00,15072,20490,contemporaneous
2025-01-24 14:00:00,2025-01-24 15:00:00,14930,20348,contemporaneous
2025-01-24 15:00:00,2025-01-24 16:00:00,15329,20747,contemporaneous
2025-01-24 16:00:00,2025-01-24 17:00:00,14229,19647,contemporaneous
2025-01-24 17:00:00,2025-01-24 18:00:00,14148,19566,contemporaneous
2025-01-24 18:00:00,2025-01-24 19:00:00,14102,19520,contemporaneous
2025-01-24 19:00:00,2025-01-24 20:00:00,14454,19872,contemporaneous
2025-01-24 20:00:00,2025-01-24 21:00:00,14283,19701,contemporaneous
2025-01-24 21:00:00,2025-01-24 22:00:00,14025,19443,contemporaneous
2025-01-24 22:00:00,2025-01-24 23:00:00,14135,19553,contemporaneous
2025-01-24 23:00:00,2025-01-25 00:00:00,13960,19378,contemporaneous
2025-01-25 00:00:00,2025-01-25 01:00:00,14778,20196,contemporaneous
2025-01-25 01:00:00,2025-01-25 02:00:00,15222,20640,contemporaneous
2025-01-25 02:00:00,2025-01-25 03:00:00,14940,20358,contemporaneous
2025-01-25 03:00:00,2025-01-25 04:00:00,14520,19938,contemporaneous
2025-01-25 04:00:00,2025-01-25 05:00:00,14520,19938,contemporaneous
2025-01-25 05:00:00,2025-01-25 06:00:00,14568,19986,contemporaneous
2025-01-25 06:00:00,2025-01-25 07:00:00,14284,19702,contemporaneous
2025-01-25 07:00:00,2025-01-25 08:00:00,15063,20481,contemporaneous
2025-01-25 08:00:00,2025-01-25 09:00:00,15104,20522,contemporaneous
2025-01-25 09:00:00,2025-01-25 10:00:00,15352,20770,contemporaneous
2025-01-25 10:00:00,2025-01-25 11:00:00,15998,21416,contemporaneous
2025-01-25 11:00:00,2025-01-25 12:00:00,16161,21579,contemporaneous
2025-01-25 12:00:00,2025-01-25 13:00:00,16142,21560,contemporaneous
2025-01-25 13:00:00,2025-01-25 14:00:00,16993,22411,contemporaneous
2025-01-25 14:00:00,2025-01-25 15:00:00,16690,22108,contemporaneous
2025-01-25 15:00:00,2025-01-25 16:00:00,16642,22060,contemporaneous
2025-01-25 16:00:00,2025-01-25 17:00:00,16867,22285,contemporaneous
2025-01-25 17:00:00,2025-01-25 18:00:00,16746,22164,contemporaneous
2025-01-25 18:00:00,2025-01-25 19:00:00,16193,21611,contemporaneous
2025-01-25 19:00:00,2025-01-25 20:00:00,15688,21106,contemporaneous
2025-01-25 20:00:00,2025-01-25 21:00:00,15259,20677,contemporaneous
2025-01-25 21:00:00,2025-01-25 22:00:00,15306,20724,contemporaneous
2025-01-25 22:00:00,2025-01-25 23:00:00,15206,20624,contemporaneous
2025-01-25 23:00:00,2025-01-26 00:00:00,14721,20139,contemporaneous
2025-01-26 00:00:00,2025-01-26 01:00:00,14825,20243,contemporaneous
2025-01-26 01:00:00,2025-01-26 02:00:00,15152,20570,contemporaneous
2025-01-26 02:00:00,2025-01-26 03:00:00,15152,20570,contemporaneous
2025-01-26 03:00:00,2025-01-26 04:00:00,15383,20801,contemporaneous
2025-01-26 04:00:00,2025-01-26 05:00:00,15335,20753,contemporaneous
2025-01-26 05:00:00,2025-01-26 06:00:00,15089,20507,contemporaneous
2025-01-26 06:00:00,2025-01-26 07:00:00,14829,20247,contemporaneous
2025-01-26 07:00:00,2025-01-26 08:00:00,14861,20279,contemporaneous
2025-01-26 08:00:00,2025-01-26 09:00:00,14761,20179,contemporaneous
2025-01-26 09:00:00,2025-01-26 10:00:00,14144,19562,contemporaneous
2025-01-26 10:00:00,2025-01-26 11:00:00,14144,19562,contemporaneous
2025-01-26 11:00:00,2025-01-26 12:00:00,14120,19538,contemporaneous
2025-01-26 12:00:00,2025-01-26 13:00:00,13881,19299,contemporaneous
2025-01-26 13:00:00,2025-01-26 14:00:00,13739,19157,contemporaneous
2025-01-26 14:00:00,2025-01-26 15:00:00,13681,19099,contemporaneous
2025-01-26 15:00:00,2025-01-26 16:00:00,13874,19292,contemporaneous
2025-01-26 16:00:00,2025-01-26 17:00:00,13905,19323,contemporaneous
2025-01-26 17:00:00,2025-01-26 18:00:00,13919,19337,contemporaneous
2025-01-26 18:00:00,2025-01-26 19:00:00,14257,19675,contemporaneous
2025-01-26 19:00:00,2025-01-26 20:00:00,14122,19540,contemporaneous
2025-01-26 20:00:00,2025-01-26 21:00:00,14493,19911,contemporaneous
2025-01-26 21:00:00,2025-01-26 22:00:00,14493,19911,contemporaneous
2025-01-26 22:00:00,2025-01-26 23:00:00,14548,19966,contemporaneous
2025-01-26 23:00:00,2025-01-27 00:00:00,13774,19192,contemporaneous
2025-01-27 00:00:00,2025-01-27 01:00:00,14145,19563,contemporaneous
2025-01-27 01:00:00,2025-01-27 02:00:00,14294,19712,contemporaneous
2025-01-27 02:00:00,2025-01-27 03:00:00,14294,19712,contemporaneous
2025-01-27 03:00:00,2025-01-27 04:00:00,14208,19626,contemporaneous
2025-01-27 04:00:00,2025-01-27 05:00:00,14113,19531,contemporaneous
2025-01-27 05:00:00,2025-01-27 06:00:00,14393,19811,contemporaneous
2025-01-27 06:00:00,2025-01-27 07:00:00,14624,20042,contemporaneous
2025-01-27 07:00:00,2025-01-27 08:00:00,14787,20205,contemporaneous
2025-01-27 08:00:00,2025-01-27 09:00:00,14812,20080,contemporaneous
2025-01-27 09:00:00,2025-01-27 10:00:00,14996,20264,contemporaneous
2025-01-27 10:00:00,2025-01-27 11:00:00,14867,20135,contemporaneous
2025-01-27 11:00:00,2025-01-27 12:00:00,14927,20195,contemporaneous
2025-01-27 12:00:00,2025-01-27 13:00:00,15048,20316,contemporaneous
2025-01-27 13:00:00,2025-01-27 14:00:00,14687,19955,contemporaneous
2025-01-27 14:00:00,2025-01-27 15:00:00,14688,19956,contemporaneous
2025-01-27 15:00:00,2025-01-27 16:00:00,14578,19846,contemporaneous
2025-01-27 16:00:00,2025-01-27 17:00:00,14459,19727,contemporaneous
2025-01-27 17:00:00,2025-01-27 18:00:00,14367,19635,contemporaneous
2025-01-27 18:00:00,2025-01-27 19:00:00,14200,19468,contemporaneous
2025-01-27 19:00:00,2025-01-27 20:00:00,14886,20154,contemporaneous
2025-01-27 20:00:00,2025-01-27 21:00:00,14887,20155,contemporaneous
2025-01-27 21:00:00,2025-01-27 22:00:00,14718,19986,contemporaneous
2025-01-27 22:00:00,2025-01-27 23:00:00,14807,20075,contemporaneous
2025-01-27 23:00:00,2025-01-28 00:00:00,14237,19505,contemporaneous
2025-01-15 00:00:00,2025-01-15 01:00:00,13595,18883,latest_overall
2025-01-15 01:00:00,2025-01-15 02:00:00,13587,18875,latest_overall
2025-01-15 02:00:00,2025-01-15 03:00:00,13587,18875,latest_overall
2025-01-15 03:00:00,2025-01-15 04:00:00,13602,18890,latest_overall
2025-01-15 04:00:00,2025-01-15 05:00:00,13718,19006,latest_overall
2025-01-15 05:00:00,2025-01-15 06:00:00,13718,19006,latest_overall
2025-01-15 06:00:00,2025-01-15 07:00:00,13712,19000,latest_overall
2025-01-15 07:00:00,2025-01-15 08:00:00,14171,19459,latest_overall
2025-01-15 08:00:00,2025-01-15 09:00:00,14631,19919,latest_overall
2025-01-15 09:00:00,2025-01-15 10:00:00,14682,19970,latest_overall
2025-01-15 10:00:00,2025-01-15 11:00:00,15191,20479,latest_overall
2025-01-15 11:00:00,2025-01-15 12:00:00,15191,20479,latest_overall
2025-01-15 12:00:00,2025-01-15 13:00:00,15119,20407,latest_overall
2025-01-15 13:00:00,2025-01-15 14:00:00,15470,20908,latest_overall
2025-01-15 14:00:00,2025-01-15 15:00:00,15437,20875,latest_overall
2025-01-15 15:00:00,2025-01-15 16:00:00,15184,20622,latest_overall
2025-01-15 16:00:00,2025-01-15 17:00:00,14919,20357,latest_overall
2025-01-15 17:00:00,2025-01-15 18:00:00,15012,20450,latest_overall
2025-01-15 18:00:00,2025-01-15 19:00:00,14663,20101,latest_overall
2025-01-15 19:00:00,2025-01-15 20:00:00,15290,20728,latest_overall
2025-01-15 20:00:00,2025-01-15 21:00:00,14406,19844,latest_overall
2025-01-15 21:00:00,2025-01-15 22:00:00,14611,20049,latest_overall
2025-01-15 22:00:00,2025-01-15 23:00:00,14582,20020,latest_overall
2025-01-15 23:00:00,2025-01-16 00:00:00,10669,16097,latest_overall
2025-01-16 00:00:00,2025-01-16 01:00:00,11177,16605,latest_overall
2025-01-16 01:00:00,2025-01-16 02:00:00,11177,16605,latest_overall
2025-01-16 02:00:00,2025-01-16 03:00:00,11170,16598,latest_overall
2025-01-16 03:00:00,2025-01-16 04:00:00,11170,16598,latest_overall
2025-01-16 04:00:00,2025-01-16 05:00:00,11241,16669,latest_overall
2025-01-16 05:00:00,2025-01-16 06:00:00,11195,16623,latest_overall
2025-01-16 06:00:00,2025-01-16 07:00:00,11267,16695,latest_overall
2025-01-16 07:00:00,2025-01-16 08:00:00,11285,16713,latest_overall
2025-01-16 08:00:00,2025-01-16 09:00:00,11096,16524,latest_overall
2025-01-16 09:00:00,2025-01-16 10:00:00,11017,16445,latest_overall
2025-01-16 10:00:00,2025-01-16 11:00:00,10948,16376,latest_overall
2025-01-16 11:00:00,2025-01-16 12:00:00,11001,16429,latest_overall
2025-01-16 12:00:00,2025-01-16 13:00:00,10292,15720,latest_overall
2025-01-16 13:00:00,2025-01-16 14:00:00,10302,15730,latest_overall
2025-01-16 14:00:00,2025-01-16 15:00:00,10051,15479,latest_overall
2025-01-16 15:00:00,2025-01-16 16:00:00,9976,15404,latest_overall
2025-01-16 16:00:00,2025-01-16 17:00:00,9951,15379,latest_overall
2025-01-16 17:00:00,2025-01-16 18:00:00,9952,15380,latest_overall
2025-01-16 18:00:00,2025-01-16 19:00:00,10285,15713,latest_overall
2025-01-16 19:00:00,2025-01-16 20:00:00,10909,16337,latest_overall
2025-01-16 20:00:00,2025-01-16 21:00:00,10830,16258,latest_overall
2025-01-16 21:00:00,2025-01-16 22:00:00,10797,16225,latest_overall
2025-01-16 22:00:00,2025-01-16 23:00:00,10812,16240,latest_overall
2025-01-16 23:00:00,2025-01-17 00:00:00,10019,15447,latest_overall
2025-01-17 00:00:00,2025-01-17 01:00:00,10409,15837,latest_overall
2025-01-17 01:00:00,2025-01-17 02:00:00,10409,15837,latest_overall
2025-01-17 02:00:00,2025-01-17 03:00:00,10146,15574,latest_overall
2025-01-17 03:00:00,2025-01-17 04:00:00,10373,15801,latest_overall
2025-01-17 04:00:00,2025-01-17 05:00:00,10385,15813,latest_overall
2025-01-17 05:00:00,2025-01-17 06:00:00,10385,15813,latest_overall
2025-01-17 06:00:00,2025-01-17 07:00:00,10385,15813,latest_overall
2025-01-17 07:00:00,2025-01-17 08:00:00,10565,15993,latest_overall
2025-01-17 08:00:00,2025-01-17 09:00:00,10405,15833,latest_overall
2025-01-17 09:00:00,2025-01-17 10:00:00,10537,15965,latest_overall
2025-01-17 10:00:00,2025-01-17 11:00:00,10518,15946,latest_overall
2025-01-17 11:00:00,2025-01-17 12:00:00,10372,15800,latest_overall
2025-01-17 12:00:00,2025-01-17 13:00:00,10967,16395,latest_overall
2025-01-17 13:00:00,2025-01-17 14:00:00,11228,16656,latest_overall
2025-01-17 14:00:00,2025-01-17 15:00:00,10784,16212,latest_overall
2025-01-17 15:00:00,2025-01-17 16:00:00,12115,17543,latest_overall
2025-01-17 16:00:00,2025-01-17 17:00:00,12090,17518,latest_overall
2025-01-17 17:00:00,2025-01-17 18:00:00,12568,17996,latest_overall
2025-01-17 18:00:00,2025-01-17 19:00:00,12752,18180,latest_overall
2025-01-17 19:00:00,2025-01-17 20:00:00,13710,19138,latest_overall
2025-01-17 20:00:00,2025-01-17 21:00:00,13522,18950,latest_overall
2025-01-17 21:00:00,2025-01-17 22:00:00,13539,18967,latest_overall
2025-01-17 22:00:00,2025-01-17 23:00:00,13071,18499,latest_overall
2025-01-17 23:00:00,2025-01-18 00:00:00,9686,15114,latest_overall
2025-01-18 00:00:00,2025-01-18 01:00:00,9686,15114,latest_overall
2025-01-18 01:00:00,2025-01-18 02:00:00,9798,15226,latest_overall
2025-01-18 02:00:00,2025-01-18 03:00:00,9790,15218,latest_overall
2025-01-18 03:00:00,2025-01-18 04:00:00,10017,15445,latest_overall
2025-01-18 04:00:00,2025-01-18 05:00:00,9795,15223,latest_overall
2025-01-18 05:00:00,2025-01-18 06:00:00,10022,15450,latest_overall
2025-01-18 06:00:00,2025-01-18 07:00:00,10022,15450,latest_overall
2025-01-18 07:00:00,2025-01-18 08:00:00,10022,15450,latest_overall
2025-01-18 08:00:00,2025-01-18 09:00:00,10080,15508,latest_overall
2025-01-18 09:00:00,2025-01-18 10:00:00,9853,15281,latest_overall
2025-01-18 10:00:00,2025-01-18 11:00:00,9919,15347,latest_overall
2025-01-18 11:00:00,2025-01-18 12:00:00,9911,15339,latest_overall
2025-01-18 12:00:00,2025-01-18 13:00:00,10161,15589,latest_overall
2025-01-18 13:00:00,2025-01-18 14:00:00,10161,15589,latest_overall
2025-01-18 14:00:00,2025-01-18 15:00:00,10161,15589,latest_overall
2025-01-18 15:00:00,2025-01-18 16:00:00,9767,15195,latest_overall
2025-01-18 16:00:00,2025-01-18 17:00:00,9900,15328,latest_overall
2025-01-18 17:00:00,2025-01-18 18:00:00,9900,15328,latest_overall
2025-01-18 18:00:00,2025-01-18 19:00:00,9895,15323,latest_overall
2025-01-18 19:00:00,2025-01-18 20:00:00,9998,15426,latest_overall
2025-01-18 20:00:00,2025-01-18 21:00:00,9974,15402,latest_overall
2025-01-18 21:00:00,2025-01-18 22:00:00,10120,15548,latest_overall
2025-01-18 22:00:00,2025-01-18 23:00:00,10120,15548,latest_overall
2025-01-18 23:00:00,2025-01-19 00:00:00,9673,15101,latest_overall
2025-01-19 00:00:00,2025-01-19 01:00:00,10153,15581,latest_overall
2025-01-19 01:00:00,2025-01-19 02:00:00,10153,15581,latest_overall
2025-01-19 02:00:00,2025-01-19 03:00:00,10163,15591,latest_overall
2025-01-19 03:00:00,2025-01-19 04:00:00,10160,15588,latest_overall
2025-01-19 04:00:00,2025-01-19 05:00:00,10160,15588,latest_overall
2025-01-19 05:00:00,2025-01-19 06:00:00,10160,15588,latest_overall
2025-01-19 06:00:00,2025-01-19 07:00:00,10158,15586,latest_overall
2025-01-19 07:00:00,2025-01-19 08:00:00,10153,15581,latest_overall
2025-01-19 08:00:00,2025-01-19 09:00:00,10334,15762,latest_overall
2025-01-19 09:00:00,2025-01-19 10:00:00,10811,16239,latest_overall
2025-01-19 10:00:00,2025-01-19 11:00:00,10934,16362,latest_overall
2025-01-19 11:00:00,2025-01-19 12:00:00,10938,16366,latest_overall
2025-01-19 12:00:00,2025-01-19 13:00:00,10952,16380,latest_overall
2025-01-19 13:00:00,2025-01-19 14:00:00,11741,17169,latest_overall
2025-01-19 14:00:00,2025-01-19 15:00:00,11565,16993,latest_overall
2025-01-19 15:00:00,2025-01-19 16:00:00,12033,17461,latest_overall
2025-01-19 16:00:00,2025-01-19 17:00:00,11629,17057,latest_overall
2025-01-19 17:00:00,2025-01-19 18:00:00,11629,17057,latest_overall
2025-01-19 18:00:00,2025-01-19 19:00:00,11638,17066,latest_overall
2025-01-19 19:00:00,2025-01-19 20:00:00,12679,18107,latest_overall
2025-01-19 20:00:00,2025-01-19 21:00:00,12736,18164,latest_overall
2025-01-19 21:00:00,2025-01-19 22:00:00,13384,18812,latest_overall
2025-01-19 22:00:00,2025-01-19 23:00:00,13059,18487,latest_overall
2025-01-19 23:00:00,2025-01-20 00:00:00,10738,16166,latest_overall
2025-01-20 00:00:00,2025-01-20 01:00:00,10738,16166,latest_overall
2025-01-20 01:00:00,2025-01-20 02:00:00,10798,16226,latest_overall
2025-01-20 02:00:00,2025-01-20 03:00:00,10798,16226,latest_overall
2025-01-20 03:00:00,2025-01-20 04:00:00,10781,16209,latest_overall
2025-01-20 04:00:00,2025-01-20 05:00:00,10781,16209,latest_overall
2025-01-20 05:00:00,2025-01-20 06:00:00,10731,16159,latest_overall
2025-01-20 06:00:00,2025-01-20 07:00:00,10781,16209,latest_overall
2025-01-20 07:00:00,2025-01-20 08:00:00,11094,16522,latest_overall
2025-01-20 08:00:00,2025-01-20 09:00:00,11064,16492,latest_overall
2025-01-20 09:00:00,2025-01-20 10:00:00,11054,16482,latest_overall
2025-01-20 10:00:00,2025-01-20 11:00:00,11054,16482,latest_overall
2025-01-20 11:00:00,2025-01-20 12:00:00,11608,17036,latest_overall
2025-01-20 12:00:00,2025-01-20 13:00:00,11732,17160,latest_overall
2025-01-20 13:00:00,2025-01-20 14:00:00,11760,17188,latest_overall
2025-01-20 14:00:00,2025-01-20 15:00:00,11834,17262,latest_overall
2025-01-20 15:00:00,2025-01-20 16:00:00,11623,17051,latest_overall
2025-01-20 16:00:00,2025-01-20 17:00:00,11221,16649,latest_overall
2025-01-20 17:00:00,2025-01-20 18:00:00,11241,16669,latest_overall
2025-01-20 18:00:00,2025-01-20 19:00:00,10755,16183,latest_overall
2025-01-20 19:00:00,2025-01-20 20:00:00,10755,16183,latest_overall
2025-01-20 20:00:00,2025-01-20 21:00:00,11050,16478,latest_overall
2025-01-20 21:00:00,2025-01-20 22:00:00,11122,16550,latest_overall
2025-01-20 22:00:00,2025-01-20 23:00:00,11341,16769,latest_overall
2025-01-20 23:00:00,2025-01-21 00:00:00,10803,16231,latest_overall
2025-01-21 00:00:00,2025-01-21 01:00:00,10983,16411,latest_overall
2025-01-21 01:00:00,2025-01-21 02:00:00,11035,16463,latest_overall
2025-01-21 02:00:00,2025-01-21 03:00:00,11200,16628,latest_overall
2025-01-21 03:00:00,2025-01-21 04:00:00,11363,16791,latest_overall
2025-01-21 04:00:00,2025-01-21 05:00:00,11520,16948,latest_overall
2025-01-21 05:00:00,2025-01-21 06:00:00,11479,16907,latest_overall
2025-01-21 06:00:00,2025-01-21 07:00:00,12107,17535,latest_overall
2025-01-21 07:00:00,2025-01-21 08:00:00,12079,17507,latest_overall
2025-01-21 08:00:00,2025-01-21 09:00:00,12141,17569,latest_overall
2025-01-21 09:00:00,2025-01-21 10:00:00,12807,18235,latest_overall
2025-01-21 10:00:00,2025-01-21 11:00:00,13216,18644,latest_overall
2025-01-21 11:00:00,2025-01-21 12:00:00,13426,18854,latest_overall
2025-01-21 12:00:00,2025-01-21 13:00:00,13379,18807,latest_overall
2025-01-21 13:00:00,2025-01-21 14:00:00,13877,19305,latest_overall
2025-01-21 14:00:00,2025-01-21 15:00:00,13491,18919,latest_overall
2025-01-21 15:00:00,2025-01-21 16:00:00,13514,18942,latest_overall
2025-01-21 16:00:00,2025-01-21 17:00:00,13495,18923,latest_overall
2025-01-21 17:00:00,2025-01-21 18:00:00,13475,18903,latest_overall
2025-01-21 18:00:00,2025-01-21 19:00:00,13923,19351,latest_overall
2025-01-21 19:00:00,2025-01-21 20:00:00,14060,19488,latest_overall
2025-01-21 20:00:00,2025-01-21 21:00:00,13422,18850,latest_overall
2025-01-21 21:00:00,2025-01-21 22:00:00,13884,19312,latest_overall
2025-01-21 22:00:00,2025-01-21 23:00:00,13862,19290,latest_overall
2025-01-21 23:00:00,2025-01-22 00:00:00,11700,17128,latest_overall
2025-01-22 00:00:00,2025-01-22 01:00:00,12126,17554,latest_overall
2025-01-22 01:00:00,2025-01-22 02:00:00,12126,17554,latest_overall
2025-01-22 02:00:00,2025-01-22 03:00:00,12126,17554,latest_overall
2025-01-22 03:00:00,2025-01-22 04:00:00,12139,17567,latest_overall
2025-01-22 04:00:00,2025-01-22 05:00:00,12178,17606,latest_overall
2025-01-22 05:00:00,2025-01-22 06:00:00,12197,17625,latest_overall
2025-01-22 06:00:00,2025-01-22 07:00:00,12291,17719,latest_overall
2025-01-22 07:00:00,2025-01-22 08:00:00,12298,17726,latest_overall
2025-01-22 08:00:00,2025-01-22 09:00:00,12307,17735,latest_overall
2025-01-22 09:00:00,2025-01-22 10:00:00,12306,17734,latest_overall
2025-01-22 10:00:00,2025-01-22 11:00:00,12289,17717,latest_overall
2025-01-22 11:00:00,2025-01-22 12:00:00,12278,17706,latest_overall
2025-01-22 12:00:00,2025-01-22 13:00:00,11948,17376,latest_overall
2025-01-22 13:00:00,2025-01-22 14:00:00,12656,18084,latest_overall
2025-01-22 14:00:00,2025-01-22 15:00:00,12605,18033,latest_overall
2025-01-22 15:00:00,2025-01-22 16:00:00,12593,18021,latest_overall
2025-01-22 16:00:00,2025-01-22 17:00:00,12600,18028,latest_overall
2025-01-22 17:00:00,2025-01-22 18:00:00,12586,18014,latest_overall
2025-01-22 18:00:00,2025-01-22 19:00:00,13117,18545,latest_overall
2025-01-22 19:00:00,2025-01-22 20:00:00,13656,19084,latest_overall
2025-01-22 20:00:00,2025-01-22 21:00:00,12886,18314,latest_overall
2025-01-22 21:00:00,2025-01-22 22:00:00,12649,18077,latest_overall
2025-01-22 22:00:00,2025-01-22 23:00:00,12551,17979,latest_overall
2025-01-22 23:00:00,2025-01-23 00:00:00,11534,16952,latest_overall
2025-01-23 00:00:00,2025-01-23 01:00:00,11790,17208,latest_overall
2025-01-23 01:00:00,2025-01-23 02:00:00,11790,17208,latest_overall
2025-01-23 02:00:00,2025-01-23 03:00:00,11853,17271,latest_overall
2025-01-23 03:00:00,2025-01-23 04:00:00,11853,17271,latest_overall
2025-01-23 04:00:00,2025-01-23 05:00:00,11853,17271,latest_overall
2025-01-23 05:00:00,2025-01-23 06:00:00,11798,17216,latest_overall
2025-01-23 06:00:00,2025-01-23 07:00:00,11848,17266,latest_overall
2025-01-23 07:00:00,2025-01-23 08:00:00,12131,17549,latest_overall
2025-01-23 08:00:00,2025-01-23 09:00:00,12243,17661,latest_overall
2025-01-23 09:00:00,2025-01-23 10:00:00,12663,18081,latest_overall
2025-01-23 10:00:00,2025-01-23 11:00:00,12663,18081,latest_overall
2025-01-23 11:00:00,2025-01-23 12:00:00,12640,18058,latest_overall
2025-01-23 12:00:00,2025-01-23 13:00:00,12586,18004,latest_overall
2025-01-23 13:00:00,2025-01-23 14:00:00,12936,18354,latest_overall
2025-01-23 14:00:00,2025-01-23 15:00:00,13726,19144,latest_overall
2025-01-23 15:00:00,2025-01-23 16:00:00,13669,19087,latest_overall
2025-01-23 16:00:00,2025-01-23 17:00:00,14204,19622,latest_overall
2025-01-23 17:00:00,2025-01-23 18:00:00,14177,19595,latest_overall
2025-01-23 18:00:00,2025-01-23 19:00:00,14604,20022,latest_overall
2025-01-23 19:00:00,2025-01-23 20:00:00,15044,20462,latest_overall
2025-01-23 20:00:00,2025-01-23 21:00:00,14748,20166,latest_overall
2025-01-23 21:00:00,2025-01-23 22:00:00,14484,19902,latest_overall
2025-01-23 22:00:00,2025-01-23 23:00:00,14611,20029,latest_overall
2025-01-23 23:00:00,2025-01-24 00:00:00,11999,17417,latest_overall
2025-01-24 00:00:00,2025-01-24 01:00:00,12080,17498,latest_overall
2025-01-24 01:00:00,2025-01-24 02:00:00,12080,17498,latest_overall
2025-01-24 02:00:00,2025-01-24 03:00:00,12080,17498,latest_overall
2025-01-24 03:00:00,2025-01-24 04:00:00,12193,17611,latest_overall
2025-01-24 04:00:00,2025-01-24 05:00:00,12183,17601,latest_overall
2025-01-24 05:00:00,2025-01-24 06:00:00,12192,17610,latest_overall
2025-01-24 06:00:00,2025-01-24 07:00:00,12612,18030,latest_overall
2025-01-24 07:00:00,2025-01-24 08:00:00,13019,18437,latest_overall
2025-01-24 08:00:00,2025-01-24 09:00:00,12711,18129,latest_overall
2025-01-24 09:00:00,2025-01-24 10:00:00,12963,18381,latest_overall
2025-01-24 10:00:00,2025-01-24 11:00:00,13196,18614,latest_overall
2025-01-24 11:00:00,2025-01-24 12:00:00,13534,18952,latest_overall
2025-01-24 12:00:00,2025-01-24 13:00:00,13820,19238,latest_overall
2025-01-24 13:00:00,2025-01-24 14:00:00,14139,19557,latest_overall
2025-01-24 14:00:00,2025-01-24 15:00:00,14114,19532,latest_overall
2025-01-24 15:00:00,2025-01-24 16:00:00,13480,18898,latest_overall
2025-01-24 16:00:00,2025-01-24 17:00:00,13504,18922,latest_overall
2025-01-24 17:00:00,2025-01-24 18:00:00,13455,18873,latest_overall
2025-01-24 18:00:00,2025-01-24 19:00:00,13625,19043,latest_overall
2025-01-24 19:00:00,2025-01-24 20:00:00,13925,19343,latest_overall
2025-01-24 20:00:00,2025-01-24 21:00:00,14025,19443,latest_overall
2025-01-24 21:00:00,2025-01-24 22:00:00,14094,19512,latest_overall
2025-01-24 22:00:00,2025-01-24 23:00:00,14206,19624,latest_overall
2025-01-24 23:00:00,2025-01-25 00:00:00,13081,18499,latest_overall
2025-01-25 00:00:00,2025-01-25 01:00:00,13845,19263,latest_overall
2025-01-25 01:00:00,2025-01-25 02:00:00,13883,19301,latest_overall
2025-01-25 02:00:00,2025-01-25 03:00:00,13883,19301,latest_overall
2025-01-25 03:00:00,2025-01-25 04:00:00,13845,19263,latest_overall
2025-01-25 04:00:00,2025-01-25 05:00:00,13893,19311,latest_overall
2025-01-25 05:00:00,2025-01-25 06:00:00,13893,19311,latest_overall
2025-01-25 06:00:00,2025-01-25 07:00:00,13908,19326,latest_overall
2025-01-25 07:00:00,2025-01-25 08:00:00,14339,19757,latest_overall
2025-01-25 08:00:00,2025-01-25 09:00:00,14305,19723,latest_overall
2025-01-25 09:00:00,2025-01-25 10:00:00,14863,20281,latest_overall
2025-01-25 10:00:00,2025-01-25 11:00:00,14874,20292,latest_overall
2025-01-25 11:00:00,2025-01-25 12:00:00,15660,21078,latest_overall
2025-01-25 12:00:00,2025-01-25 13:00:00,15813,21231,latest_overall
2025-01-25 13:00:00,2025-01-25 14:00:00,15770,21188,latest_overall
2025-01-25 14:00:00,2025-01-25 15:00:00,16040,21458,latest_overall
2025-01-25 15:00:00,2025-01-25 16:00:00,16049,21467,latest_overall
2025-01-25 16:00:00,2025-01-25 17:00:00,16211,21629,latest_overall
2025-01-25 17:00:00,2025-01-25 18:00:00,16141,21559,latest_overall
2025-01-25 18:00:00,2025-01-25 19:00:00,15736,21154,latest_overall
2025-01-25 19:00:00,2025-01-25 20:00:00,15307,20725,latest_overall
2025-01-25 20:00:00,2025-01-25 21:00:00,15206,20624,latest_overall
2025-01-25 21:00:00,2025-01-25 22:00:00,15206,20624,latest_overall
2025-01-25 22:00:00,2025-01-25 23:00:00,15206,20624,latest_overall
2025-01-25 23:00:00,2025-01-26 00:00:00,13236,18654,latest_overall
2025-01-26 00:00:00,2025-01-26 01:00:00,13732,19150,latest_overall
2025-01-26 01:00:00,2025-01-26 02:00:00,13732,19150,latest_overall
2025-01-26 02:00:00,2025-01-26 03:00:00,13732,19150,latest_overall
2025-01-26 03:00:00,2025-01-26 04:00:00,13684,19102,latest_overall
2025-01-26 04:00:00,2025-01-26 05:00:00,13669,19087,latest_overall
2025-01-26 05:00:00,2025-01-26 06:00:00,13669,19087,latest_overall
2025-01-26 06:00:00,2025-01-26 07:00:00,13701,19119,latest_overall
2025-01-26 07:00:00,2025-01-26 08:00:00,13701,19119,latest_overall
2025-01-26 08:00:00,2025-01-26 09:00:00,13743,19161,latest_overall
2025-01-26 09:00:00,2025-01-26 10:00:00,13743,19161,latest_overall
2025-01-26 10:00:00,2025-01-26 11:00:00,13719,19137,latest_overall
2025-01-26 11:00:00,2025-01-26 12:00:00,13740,19158,latest_overall
2025-01-26 12:00:00,2025-01-26 13:00:00,13739,19157,latest_overall
2025-01-26 13:00:00,2025-01-26 14:00:00,13681,19099,latest_overall
2025-01-26 14:00:00,2025-01-26 15:00:00,13732,19150,latest_overall
2025-01-26 15:00:00,2025-01-26 16:00:00,13722,19140,latest_overall
2025-01-26 16:00:00,2025-01-26 17:00:00,13778,19196,latest_overall
2025-01-26 17:00:00,2025-01-26 18:00:00,14186,19604,latest_overall
2025-01-26 18:00:00,2025-01-26 19:00:00,14122,19540,latest_overall
2025-01-26 19:00:00,2025-01-26 20:00:00,14493,19911,latest_overall
2025-01-26 20:00:00,2025-01-26 21:00:00,14655,20073,latest_overall
2025-01-26 21:00:00,2025-01-26 22:00:00,14710,20128,latest_overall
2025-01-26 22:00:00,2025-01-26 23:00:00,14533,19951,latest_overall
2025-01-26 23:00:00,2025-01-27 00:00:00,13319,18587,latest_overall
2025-01-27 00:00:00,2025-01-27 01:00:00,13369,18637,latest_overall
2025-01-27 01:00:00,2025-01-27 02:00:00,13369,18637,latest_overall
2025-01-27 02:00:00,2025-01-27 03:00:00,13369,18637,latest_overall
2025-01-27 03:00:00,2025-01-27 04:00:00,13324,18592,latest_overall
2025-01-27 04:00:00,2025-01-27 05:00:00,13318,18586,latest_overall
2025-01-27 05:00:00,2025-01-27 06:00:00,13298,18566,latest_overall
2025-01-27 06:00:00,2025-01-27 07:00:00,13915,19183,latest_overall
2025-01-27 07:00:00,2025-01-27 08:00:00,13981,19249,latest_overall
2025-01-27 08:00:00,2025-01-27 09:00:00,14068,19336,latest_overall
2025-01-27 09:00:00,2025-01-27 10:00:00,14110,19378,latest_overall
2025-01-27 10:00:00,2025-01-27 11:00:00,14103,19371,latest_overall
2025-01-27 11:00:00,2025-01-27 12:00:00,14113,19381,latest_overall
2025-01-27 12:00:00,2025-01-27 13:00:00,14138,19406,latest_overall
2025-01-27 13:00:00,2025-01-27 14:00:00,14190,19458,latest_overall
2025-01-27 14:00:00,2025-01-27 15:00:00,14109,19377,latest_overall
2025-01-27 15:00:00,2025-01-27 16:00:00,14094,19362,latest_overall
2025-01-27 16:00:00,2025-01-27 17:00:00,14044,19312,latest_overall
2025-01-27 17:00:00,2025-01-27 18:00:00,14044,19312,latest_overall
2025-01-27 18:00:00,2025-01-27 19:00:00,13996,19264,latest_overall
2025-01-27 19:00:00,2025-01-27 20:00:00,14741,20009,latest_overall
2025-01-27 20:00:00,2025-01-27 21:00:00,14712,19980,latest_overall
2025-01-27 21:00:00,2025-01-27 22:00:00,14807,20075,latest_overall
2025-01-27 22:00:00,2025-01-27 23:00:00,14907,20175,latest_overall
2025-01-27 23:00:00,2025-01-28 00:00:00,13370,18493,latest_overall
