slot,prc_latest,prc_first,prc_mean
2025-01-19 00:00:00,16011.18,16011.18,16011.18
2025-01-19 00:05:00,16053.12,16053.12,16053.12
2025-01-19 00:10:00,16252.61,16252.61,16252.61
2025-01-19 00:15:00,16161.17,16161.17,16161.17
2025-01-19 00:20:00,16034.42,16034.42,16034.42
2025-01-19 00:25:00,16056.4,16056.4,16056.4
2025-01-19 00:30:00,15840.67,15840.67,15840.67
2025-01-19 00:35:00,16076.1,16076.1,16076.1
2025-01-19 00:40:00,16100.21,16100.21,16100.21
2025-01-19 00:45:00,16129.99,16129.99,16129.99
2025-01-19 00:50:00,16108.94,16108.94,16108.94
2025-01-19 00:55:00,16123.96,16123.96,16123.96
2025-01-19 01:00:00,16212.81,16212.81,16212.81
2025-01-19 01:05:00,16226.54,16226.54,16226.54
2025-01-19 01:10:00,16185.41,16185.41,16185.41
2025-01-19 01:15:00,16095.87,16095.87,16095.87
2025-01-19 01:20:00,16140.32,16140.32,16140.32
2025-01-19 01:25:00,16151.92,16151.92,16151.92
2025-01-19 01:30:00,16108.81,16108.81,16108.81
2025-01-19 01:35:00,16125.14,16125.14,16125.14
2025-01-19 01:40:00,16013.58,16013.58,16013.58
2025-01-19 01:45:00,16034.6,16034.6,16034.6
2025-01-19 01:50:00,15938.98,15938.98,15938.98
2025-01-19 01:55:00,15890.95,15890.95,15890.95
2025-01-19 02:00:00,15906.82,15906.82,15906.82
2025-01-19 02:05:00,15849.58,15849.58,15849.58
2025-01-19 02:10:00,15925.02,15925.02,15925.02
2025-01-19 02:15:00,15891.5,15891.5,15891.5
2025-01-19 02:20:00,15819.07,15819.07,15819.07
2025-01-19 02:25:00,15864.89,15864.89,15864.89
2025-01-19 02:30:00,15877.97,15877.97,15877.97
2025-01-19 02:35:00,15884.1,15884.1,15884.1
2025-01-19 02:40:00,15648.0,15648.0,15648.0
2025-01-19 02:45:00,15673.49,15673.49,15673.49
2025-01-19 02:50:00,15477.1,15477.1,15477.1
2025-01-19 02:55:00,15356.59,15356.59,15356.59
2025-01-19 03:00:00,15281.29,15281.29,15281.29
2025-01-19 03:05:00,15354.67,15354.67,15354.67
2025-01-19 03:10:00,15347.03,15347.03,15347.03
2025-01-19 03:15:00,15349.07,15349.07,15349.07
2025-01-19 03:20:00,15391.72,15391.72,15391.72
2025-01-19 03:25:00,15343.01,15343.01,15343.01
2025-01-19 03:30:00,15466.02,15466.02,15466.02
2025-01-19 03:35:00,15367.14,15367.14,15367.14
2025-01-19 03:40:00,15025.97,15025.97,15025.97
2025-01-19 03:45:00,15212.51,15212.51,15212.51
2025-01-19 03:50:00,15081.51,15081.51,15081.51
2025-01-19 03:55:00,14981.52,14981.52,14981.52
2025-01-19 04:00:00,14948.03,14948.03,14948.03
2025-01-19 04:05:00,14954.01,14954.01,14954.01
2025-01-19 04:10:00,14753.29,14753.29,14753.29
2025-01-19 04:15:00,14640.05,14640.05,14640.05
2025-01-19 04:20:00,14773.77,14773.77,14773.77
2025-01-19 04:25:00,14842.29,14842.29,14842.29
2025-01-19 04:30:00,14733.19,14733.19,14733.19
2025-01-19 04:35:00,14645.17,14645.17,14645.17
2025-01-19 04:40:00,14647.04,14647.04,14647.04
2025-01-19 04:45:00,14457.64,14457.64,14457.64
2025-01-19 04:50:00,14280.91,14280.91,14280.91
2025-01-19 04:55:00,14381.01,14381.01,14381.01
2025-01-19 05:00:00,14336.95,14336.95,14336.95
2025-01-19 05:05:00,14280.3,14280.3,14280.3
2025-01-19 05:10:00,14214.51,14214.51,14214.51
2025-01-19 05:15:00,14169.96,14169.96,14169.96
2025-01-19 05:20:00,14094.97,14094.97,14094.97
2025-01-19 05:25:00,14069.38,14069.38,14069.38
2025-01-19 05:30:00,14160.43,14160.43,14160.43
2025-01-19 05:35:00,13969.63,13969.63,13969.63
2025-01-19 05:40:00,13730.97,13730.97,13730.97
2025-01-19 05:45:00,13752.48,13752.48,13752.48
2025-01-19 05:50:00,13519.14,13519.14,13519.14
2025-01-19 05:55:00,13354.28,13354.28,13354.28
2025-01-19 06:00:00,13400.47,13400.47,13400.47
2025-01-19 06:05:00,13410.85,13410.85,13410.85
2025-01-19 06:10:00,13381.23,13381.23,13381.23
2025-01-19 06:15:00,13186.82,13186.82,13186.82
2025-01-19 06:20:00,13093.68,13093.68,13093.68
2025-01-19 06:25:00,12834.03,12834.03,12834.03
2025-01-19 06:30:00,12618.43,12618.43,12618.43
2025-01-19 06:35:00,12684.23,12684.23,12684.23
2025-01-19 06:40:00,12445.12,12445.12,12445.12
2025-01-19 06:45:00,12203.91,12203.91,12203.91
2025-01-19 06:50:00,11996.48,11996.48,11996.48
2025-01-19 06:55:00,11685.89,11685.89,11685.89
2025-01-19 07:00:00,11549.89,11549.89,11549.89
2025-01-19 07:05:00,11566.53,11566.53,11566.53
2025-01-19 07:10:00,11374.98,11374.98,11374.98
2025-01-19 07:15:00,11188.78,11188.78,11188.78
2025-01-19 07:20:00,10468.58,10468.58,10468.58
2025-01-19 07:25:00,10282.35,10282.35,10282.35
2025-01-19 07:30:00,10071.0,10071.0,10071.0
2025-01-19 07:35:00,9985.08,9985.08,9985.08
2025-01-19 07:40:00,9857.5,9857.5,9857.5
2025-01-19 07:45:00,9890.79,9890.79,9890.79
2025-01-19 07:50:00,10080.85,10080.85,10080.85
2025-01-19 07:55:00,10240.83,10240.83,10240.83
2025-01-19 08:00:00,10591.24,10591.24,10591.24
2025-01-19 08:05:00,11354.49,11354.49,11354.49
2025-01-19 08:10:00,11370.05,11370.05,11370.05
2025-01-19 08:15:00,11582.18,11582.18,11582.18
2025-01-19 08:20:00,12110.31,12110.31,12110.31
2025-01-19 08:25:00,12365.46,12365.46,12365.46
2025-01-19 08:30:00,13171.82,13171.82,13171.82
2025-01-19 08:35:00,13301.36,13301.36,13301.36
2025-01-19 08:40:00,13771.04,13771.04,13771.04
2025-01-19 08:45:00,13811.36,13811.36,13811.36
2025-01-19 08:50:00,14493.26,14493.26,14493.26
2025-01-19 08:55:00,14806.67,14806.67,14806.67
2025-01-19 09:00:00,15055.38,15055.38,15055.38
2025-01-19 09:05:00,15259.03,15259.03,15259.03
2025-01-19 09:10:00,15576.75,15576.75,15576.75
2025-01-19 09:15:00,15842.17,15842.17,15842.17
2025-01-19 09:20:00,15905.42,15905.42,15905.42
2025-01-19 09:25:00,16038.71,16038.71,16038.71
2025-01-19 09:30:00,16103.09,16103.09,16103.09
2025-01-19 09:35:00,16426.55,16426.55,16426.55
2025-01-19 09:40:00,16344.16,16344.16,16344.16
2025-01-19 09:45:00,16292.91,16292.91,16292.91
2025-01-19 09:50:00,16352.1,16352.1,16352.1
2025-01-19 09:55:00,16590.75,16590.75,16590.75
2025-01-19 10:00:00,16664.57,16664.57,16664.57
2025-01-19 10:05:00,16707.19,16707.19,16707.19
2025-01-19 10:10:00,16477.25,16477.25,16477.25
2025-01-19 10:15:00,16526.18,16526.18,16526.18
2025-01-19 10:20:00,16407.0,16407.0,16407.0
2025-01-19 10:25:00,16114.96,16114.96,16114.96
2025-01-19 10:30:00,16148.29,16148.29,16148.29
2025-01-19 10:35:00,16082.99,16082.99,16082.99
2025-01-19 10:40:00,16084.45,16084.45,16084.45
2025-01-19 10:45:00,16285.23,16285.23,16285.23
2025-01-19 10:50:00,16139.18,16139.18,16139.18
2025-01-19 10:55:00,16101.74,16101.74,16101.74
2025-01-19 11:00:00,16110.74,16110.74,16110.74
2025-01-19 11:05:00,16081.41,16081.41,16081.41
2025-01-19 11:10:00,16052.58,16052.58,16052.58
2025-01-19 11:15:00,16037.11,16037.11,16037.11
2025-01-19 11:20:00,16214.83,16214.83,16214.83
2025-01-19 11:25:00,16082.81,16082.81,16082.81
2025-01-19 11:30:00,16092.62,16092.62,16092.62
2025-01-19 11:35:00,15991.13,15991.13,15991.13
2025-01-19 11:40:00,16015.98,16015.98,16015.98
2025-01-19 11:45:00,15978.0,15978.0,15978.0
2025-01-19 11:50:00,15874.85,15874.85,15874.85
2025-01-19 11:55:00,15813.21,15813.21,15813.21
2025-01-19 12:00:00,15800.58,15800.58,15800.58
2025-01-19 12:05:00,15838.3,15838.3,15838.3
2025-01-19 12:10:00,15849.16,15849.16,15849.16
2025-01-19 12:15:00,15778.6,15778.6,15778.6
2025-01-19 12:20:00,15825.11,15825.11,15825.11
2025-01-19 12:25:00,15871.51,15871.51,15871.51
2025-01-19 12:30:00,15853.5,15853.5,15853.5
2025-01-19 12:35:00,15898.89,15898.89,15898.89
2025-01-19 12:40:00,16101.45,16101.45,16101.45
2025-01-19 12:45:00,16160.54,16160.54,16160.54
2025-01-19 12:50:00,16099.43,16099.43,16099.43
2025-01-19 12:55:00,16084.39,16084.39,16084.39
2025-01-19 13:00:00,16287.54,16287.54,16287.54
2025-01-19 13:05:00,16084.38,16084.38,16084.38
2025-01-19 13:10:00,16164.39,16164.39,16164.39
2025-01-19 13:15:00,16240.08,16240.08,16240.08
2025-01-19 13:20:00,16226.48,16226.48,16226.48
2025-01-19 13:25:00,16226.91,16226.91,16226.91
2025-01-19 13:30:00,16206.23,16206.23,16206.23
2025-01-19 13:35:00,16295.83,16295.83,16295.83
2025-01-19 13:40:00,16304.97,16304.97,16304.97
2025-01-19 13:45:00,16603.02,16603.02,16603.02
2025-01-19 13:50:00,16495.11,16495.11,16495.11
2025-01-19 13:55:00,16322.02,16322.02,16322.02
2025-01-19 14:00:00,16511.26,16511.26,16511.26
2025-01-19 14:05:00,16511.25,16511.25,16511.25
2025-01-19 14:10:00,16541.99,16541.99,16541.99
2025-01-19 14:15:00,16573.82,16573.82,16573.82
2025-01-19 14:20:00,16724.58,16724.58,16724.58
2025-01-19 14:25:00,16627.84,16627.84,16627.84
2025-01-19 14:30:00,16813.75,16813.75,16813.75
2025-01-19 14:35:00,16864.55,16864.55,16864.55
2025-01-19 14:40:00,16879.84,16879.84,16879.84
2025-01-19 14:45:00,16969.47,16969.47,16969.47
2025-01-19 14:50:00,16944.3,16944.3,16944.3
2025-01-19 14:55:00,17276.89,17276.89,17276.89
2025-01-19 15:00:00,17141.12,17141.12,17141.12
2025-01-19 15:05:00,16997.05,16997.05,16997.05
2025-01-19 15:10:00,17155.25,17155.25,17155.25
2025-01-19 15:15:00,17316.17,17316.17,17316.17
2025-01-19 15:20:00,17197.83,17197.83,17197.83
2025-01-19 15:25:00,17348.2,17348.2,17348.2
2025-01-19 15:30:00,17232.08,17232.08,17232.08
2025-01-19 15:35:00,17163.22,17163.22,17163.22
2025-01-19 15:40:00,17110.47,17110.47,17110.47
2025-01-19 15:45:00,17352.8,17352.8,17352.8
2025-01-19 15:50:00,17122.27,17122.27,17122.27
2025-01-19 15:55:00,17123.14,17123.14,17123.14
2025-01-19 16:00:00,17179.38,17179.38,17179.38
2025-01-19 16:05:00,17267.79,17267.79,17267.79
2025-01-19 16:10:00,17144.5,17144.5,17144.5
2025-01-19 16:15:00,17342.12,17342.12,17342.12
2025-01-19 16:20:00,16930.16,16930.16,16930.16
2025-01-19 16:25:00,16770.81,16770.81,16770.81
2025-01-19 16:30:00,16803.92,16803.92,16803.92
2025-01-19 16:35:00,16502.01,16502.01,16502.01
2025-01-19 16:40:00,15983.05,15983.05,15983.05
2025-01-19 16:45:00,15567.96,15567.96,15567.96
2025-01-19 16:50:00,15115.64,15115.64,15115.64
2025-01-19 16:55:00,14495.53,14495.53,14495.53
2025-01-19 17:00:00,14388.15,14388.15,14388.15
2025-01-19 17:05:00,13837.21,13837.21,13837.21
2025-01-19 17:10:00,13367.74,13367.74,13367.74
2025-01-19 17:15:00,12821.73,12821.73,12821.73
2025-01-19 17:20:00,12251.67,12251.67,12251.67
2025-01-19 17:25:00,11632.34,11632.34,11632.34
2025-01-19 17:30:00,10852.9,10852.9,10852.9
2025-01-19 17:35:00,10460.76,10460.76,10460.76
2025-01-19 17:40:00,9979.43,9979.43,9979.43
2025-01-19 17:45:00,9406.79,9406.79,9406.79
2025-01-19 17:50:00,9215.87,9215.87,9215.87
2025-01-19 17:55:00,8806.06,8806.06,8806.06
2025-01-19 18:00:00,8646.67,8646.67,8646.67
2025-01-19 18:05:00,8360.4,8360.4,8360.4
2025-01-19 18:10:00,7969.27,7969.27,7969.27
2025-01-19 18:15:00,7793.77,7793.77,7793.77
2025-01-19 18:20:00,7854.49,7854.49,7854.49
2025-01-19 18:25:00,7604.57,7604.57,7604.57
2025-01-19 18:30:00,7814.74,7814.74,7814.74
2025-01-19 18:35:00,7763.92,7763.92,7763.92
2025-01-19 18:40:00,7844.42,7844.42,7844.42
2025-01-19 18:45:00,8028.33,8028.33,8028.33
2025-01-19 18:50:00,8089.89,8089.89,8089.89
2025-01-19 18:55:00,8103.19,8103.19,8103.19
2025-01-19 19:00:00,8272.74,8272.74,8272.74
2025-01-19 19:05:00,8279.6,8279.6,8279.6
2025-01-19 19:10:00,8371.27,8371.27,8371.27
2025-01-19 19:15:00,8534.45,8534.45,8534.45
2025-01-19 19:20:00,8562.89,8562.89,8562.89
2025-01-19 19:25:00,8693.04,8693.04,8693.04
2025-01-19 19:30:00,8680.58,8680.58,8680.58
2025-01-19 19:35:00,8617.95,8617.95,8617.95
2025-01-19 19:40:00,8674.41,8674.41,8674.41
2025-01-19 19:45:00,8650.4,8650.4,8650.4
2025-01-19 19:50:00,8697.03,8697.03,8697.03
2025-01-19 19:55:00,8603.23,8603.23,8603.23
2025-01-19 20:00:00,8477.75,8477.75,8477.75
2025-01-19 20:05:00,8402.09,8402.09,8402.09
2025-01-19 20:10:00,8511.66,8511.66,8511.66
2025-01-19 20:15:00,8703.5,8703.5,8703.5
2025-01-19 20:20:00,8798.39,8798.39,8798.39
2025-01-19 20:25:00,8750.09,8750.09,8750.09
2025-01-19 20:30:00,8840.98,8840.98,8840.98
2025-01-19 20:35:00,9062.04,9062.04,9062.04
2025-01-19 20:40:00,9104.8,9104.8,9104.8
2025-01-19 20:45:00,9001.98,9001.98,9001.98
2025-01-19 20:50:00,8892.97,8892.97,8892.97
2025-01-19 20:55:00,8878.16,8878.16,8878.16
2025-01-19 21:00:00,8882.09,8882.09,8882.09
2025-01-19 21:05:00,8424.22,8424.22,8424.22
2025-01-19 21:10:00,8315.73,8315.73,8315.73
2025-01-19 21:15:00,8391.29,8391.29,8391.29
2025-01-19 21:20:00,8378.39,8378.39,8378.39
2025-01-19 21:25:00,8319.97,8319.97,8319.97
2025-01-19 21:30:00,8343.69,8343.69,8343.69
2025-01-19 21:35:00,8554.11,8554.11,8554.11
2025-01-19 21:40:00,8760.46,8760.46,8760.46
2025-01-19 21:45:00,8852.45,8852.45,8852.45
2025-01-19 21:50:00,8934.77,8934.77,8934.77
2025-01-19 21:55:00,8694.44,8694.44,8694.44
2025-01-19 22:00:00,8798.83,8798.83,8798.83
2025-01-19 22:05:00,8845.76,8845.76,8845.76
2025-01-19 22:10:00,8905.71,8905.71,8905.71
2025-01-19 22:15:00,8863.46,8863.46,8863.46
2025-01-19 22:20:00,8874.83,8874.83,8874.83
2025-01-19 22:25:00,8994.45,8994.45,8994.45
2025-01-19 22:30:00,9251.2,9251.2,9251.2
2025-01-19 22:35:00,9330.26,9330.26,9330.26
2025-01-19 22:40:00,9445.74,9445.74,9445.74
2025-01-19 22:45:00,9330.27,9330.27,9330.27
2025-01-19 22:50:00,9394.18,9394.18,9394.18
2025-01-19 22:55:00,9439.82,9439.82,9439.82
2025-01-19 23:00:00,9493.61,9493.61,9493.61
2025-01-19 23:05:00,9444.13,9444.13,9444.13
2025-01-19 23:10:00,9487.29,9487.29,9487.29
2025-01-19 23:15:00,9572.23,9572.23,9572.23
2025-01-19 23:20:00,9685.9,9685.9,9685.9
2025-01-19 23:25:00,9763.38,9763.38,9763.38
2025-01-19 23:30:00,9850.05,9850.05,9850.05
2025-01-19 23:35:00,9901.29,9901.29,9901.29
2025-01-19 23:40:00,9999.25,9999.25,9999.25
2025-01-19 23:45:00,10150.06,10150.06,10150.06
2025-01-19 23:50:00,10442.81,10442.81,10442.81
2025-01-19 23:55:00,10744.37,10744.37,10744.37
2025-01-20 00:00:00,10752.49,10752.49,10752.49
2025-01-20 00:05:00,10575.62,10575.62,10575.62
2025-01-20 00:10:00,10836.78,10836.78,10836.78
2025-01-20 00:15:00,10800.68,10800.68,10800.68
2025-01-20 00:20:00,10792.8,10792.8,10792.8
2025-01-20 00:25:00,10913.2,10913.2,10913.2
2025-01-20 00:30:00,10804.73,10804.73,10804.73
2025-01-20 00:35:00,10883.63,10883.63,10883.63
2025-01-20 00:40:00,10874.6,10874.6,10874.6
2025-01-20 00:45:00,10836.47,10836.47,10836.47
2025-01-20 00:50:00,10910.77,10910.77,10910.77
2025-01-20 00:55:00,10875.13,10875.13,10875.13
2025-01-20 01:00:00,10780.78,10780.78,10780.78
2025-01-20 01:05:00,10667.13,10667.13,10667.13
2025-01-20 01:10:00,10644.55,10644.55,10644.55
2025-01-20 01:15:00,10696.13,10696.13,10696.13
2025-01-20 01:20:00,10525.23,10525.23,10525.23
2025-01-20 01:25:00,10552.48,10552.48,10552.48
2025-01-20 01:30:00,10604.65,10604.65,10604.65
2025-01-20 01:35:00,10640.59,10640.59,10640.59
2025-01-20 01:40:00,10753.86,10753.86,10753.86
2025-01-20 01:45:00,10832.39,10832.39,10832.39
2025-01-20 01:50:00,10896.36,10896.36,10896.36
2025-01-20 01:55:00,10920.24,10920.24,10920.24
2025-01-20 02:00:00,10755.52,10755.52,10755.52
2025-01-20 02:05:00,10838.63,10838.63,10838.63
2025-01-20 02:10:00,10959.8,10959.8,10959.8
2025-01-20 02:15:00,11094.59,11094.59,11094.59
2025-01-20 02:20:00,11011.88,11011.88,11011.88
2025-01-20 02:25:00,11107.74,11107.74,11107.74
2025-01-20 02:30:00,11067.2,11067.2,11067.2
2025-01-20 02:35:00,11151.07,11151.07,11151.07
2025-01-20 02:40:00,11048.73,11048.73,11048.73
2025-01-20 02:45:00,11205.54,11205.54,11205.54
2025-01-20 02:50:00,11209.79,11209.79,11209.79
2025-01-20 02:55:00,11179.88,11179.88,11179.88
2025-01-20 03:00:00,11317.64,11317.64,11317.64
2025-01-20 03:05:00,11194.69,11194.69,11194.69
2025-01-20 03:10:00,11264.58,11264.58,11264.58
2025-01-20 03:15:00,11357.48,11357.48,11357.48
2025-01-20 03:20:00,11457.71,11457.71,11457.71
2025-01-20 03:25:00,11425.83,11425.83,11425.83
2025-01-20 03:30:00,11424.58,11424.58,11424.58
2025-01-20 03:35:00,11412.0,11412.0,11412.0
2025-01-20 03:40:00,11405.16,11405.16,11405.16
2025-01-20 03:45:00,11364.89,11364.89,11364.89
2025-01-20 03:50:00,11506.41,11506.41,11506.41
2025-01-20 03:55:00,11464.84,11464.84,11464.84
2025-01-20 04:00:00,11536.76,11536.76,11536.76
2025-01-20 04:05:00,11350.52,11350.52,11350.52
2025-01-20 04:10:00,11256.88,11256.88,11256.88
2025-01-20 04:15:00,11167.61,11167.61,11167.61
2025-01-20 04:20:00,11033.32,11033.32,11033.32
2025-01-20 04:25:00,11055.49,11055.49,11055.49
2025-01-20 04:30:00,10975.54,10975.54,10975.54
2025-01-20 04:35:00,10973.16,10973.16,10973.16
2025-01-20 04:40:00,10866.08,10866.08,10866.08
2025-01-20 04:45:00,10862.76,10862.76,10862.76
2025-01-20 04:50:00,10913.52,10913.52,10913.52
2025-01-20 04:55:00,10718.72,10718.72,10718.72
2025-01-20 05:00:00,10870.1,10870.1,10870.1
2025-01-20 05:05:00,10943.47,10943.47,10943.47
2025-01-20 05:10:00,10894.14,10894.14,10894.14
2025-01-20 05:15:00,10856.22,10856.22,10856.22
2025-01-20 05:20:00,10768.7,10768.7,10768.7
2025-01-20 05:25:00,10702.99,10702.99,10702.99
2025-01-20 05:30:00,10708.76,10708.76,10708.76
2025-01-20 05:35:00,10644.02,10644.02,10644.02
2025-01-20 05:40:00,10437.11,10437.11,10437.11
2025-01-20 05:45:00,10231.37,10231.37,10231.37
2025-01-20 05:50:00,10230.64,10230.64,10230.64
2025-01-20 05:55:00,10029.29,10029.29,10029.29
2025-01-20 06:00:00,10188.47,10188.47,10188.47
2025-01-20 06:05:00,9856.7,9856.7,9856.7
2025-01-20 06:10:00,9692.42,9692.42,9692.42
2025-01-20 06:15:00,9579.49,9579.49,9579.49
2025-01-20 06:20:00,9503.6,9503.6,9503.6
2025-01-20 06:25:00,9580.23,9580.23,9580.23
2025-01-20 06:30:00,9242.21,9242.21,9242.21
2025-01-20 06:35:00,9052.55,9052.55,9052.55
2025-01-20 06:40:00,8892.51,8892.51,8892.51
2025-01-20 06:45:00,8979.19,8979.19,8979.19
2025-01-20 06:50:00,8942.58,8942.58,8942.58
2025-01-20 06:55:00,8867.27,8867.27,8867.27
2025-01-20 07:00:00,8778.82,8778.82,8778.82
2025-01-20 07:05:00,8309.56,8309.56,8309.56
2025-01-20 07:10:00,8083.87,8083.87,8083.87
2025-01-20 07:15:00,8007.57,8007.57,8007.57
2025-01-20 07:20:00,7988.93,7988.93,7988.93
2025-01-20 07:25:00,7874.98,7874.98,7874.98
2025-01-20 07:30:00,7831.37,7831.37,7831.37
2025-01-20 07:35:00,7969.49,7969.49,7969.49
2025-01-20 07:40:00,7738.69,7738.69,7738.69
2025-01-20 07:45:00,7740.31,7740.31,7740.31
2025-01-20 07:50:00,7961.37,7961.37,7961.37
2025-01-20 07:55:00,7874.1,7874.1,7874.1
2025-01-20 08:00:00,8168.46,8168.46,8168.46
2025-01-20 08:05:00,8300.77,8300.77,8300.77
2025-01-20 08:10:00,8470.87,8470.87,8470.87
2025-01-20 08:15:00,8546.01,8546.01,8546.01
2025-01-20 08:20:00,8806.41,8806.41,8806.41
2025-01-20 08:25:00,9036.64,9036.64,9036.64
2025-01-20 08:30:00,9252.11,9252.11,9252.11
2025-01-20 08:35:00,9553.09,9553.09,9553.09
2025-01-20 08:40:00,9559.21,9559.21,9559.21
2025-01-20 08:45:00,9628.9,9628.9,9628.9
2025-01-20 08:50:00,9822.35,9822.35,9822.35
2025-01-20 08:55:00,10063.43,10063.43,10063.43
2025-01-20 09:00:00,10214.06,10214.06,10214.06
2025-01-20 09:05:00,10508.02,10508.02,10508.02
2025-01-20 09:10:00,11016.85,11016.85,11016.85
2025-01-20 09:15:00,11156.17,11156.17,11156.17
2025-01-20 09:20:00,11196.97,11196.97,11196.97
2025-01-20 09:25:00,11352.58,11352.58,11352.58
2025-01-20 09:30:00,11430.74,11430.74,11430.74
2025-01-20 09:35:00,11519.16,11519.16,11519.16
2025-01-20 09:40:00,11932.72,11932.72,11932.72
2025-01-20 09:45:00,11884.98,11884.98,11884.98
2025-01-20 09:50:00,11928.21,11928.21,11928.21
2025-01-20 09:55:00,12139.88,12139.88,12139.88
2025-01-20 10:00:00,11987.02,11987.02,11987.02
2025-01-20 10:05:00,11856.76,11856.76,11856.76
2025-01-20 10:10:00,11707.23,11707.23,11707.23
2025-01-20 10:15:00,11759.25,11759.25,11759.25
2025-01-20 10:20:00,11675.16,11675.16,11675.16
2025-01-20 10:25:00,11787.32,11787.32,11787.32
2025-01-20 10:30:00,11860.23,11860.23,11860.23
2025-01-20 10:35:00,11771.2,11771.2,11771.2
2025-01-20 10:40:00,11919.39,11919.39,11919.39
2025-01-20 10:45:00,11677.59,11677.59,11677.59
2025-01-20 10:50:00,11573.15,11573.15,11573.15
2025-01-20 10:55:00,11551.22,11551.22,11551.22
2025-01-20 11:00:00,11406.13,11406.13,11406.13
2025-01-20 11:05:00,11458.46,11458.46,11458.46
2025-01-20 11:10:00,11687.65,11687.65,11687.65
2025-01-20 11:15:00,11451.08,11451.08,11451.08
2025-01-20 11:20:00,11468.94,11468.94,11468.94
2025-01-20 11:25:00,11676.75,11676.75,11676.75
2025-01-20 11:30:00,11712.04,11712.04,11712.04
2025-01-20 11:35:00,11712.18,11712.18,11712.18
2025-01-20 11:40:00,11622.13,11622.13,11622.13
2025-01-20 11:45:00,11749.43,11749.43,11749.43
2025-01-20 11:50:00,11776.55,11776.55,11776.55
2025-01-20 11:55:00,11877.13,11877.13,11877.13
2025-01-20 12:00:00,11826.55,11826.55,11826.55
2025-01-20 12:05:00,11646.4,11646.4,11646.4
2025-01-20 12:10:00,11434.47,11434.47,11434.47
2025-01-20 12:15:00,11321.52,11321.52,11321.52
2025-01-20 12:20:00,11379.08,11379.08,11379.08
2025-01-20 12:25:00,11603.92,11603.92,11603.92
2025-01-20 12:30:00,11493.09,11493.09,11493.09
2025-01-20 12:35:00,11466.08,11466.08,11466.08
2025-01-20 12:40:00,11538.95,11538.95,11538.95
2025-01-20 12:45:00,11523.94,11523.94,11523.94
2025-01-20 12:50:00,11431.29,11431.29,11431.29
2025-01-20 12:55:00,11479.18,11479.18,11479.18
2025-01-20 13:00:00,11410.7,11410.7,11410.7
2025-01-20 13:05:00,11355.5,11355.5,11355.5
2025-01-20 13:10:00,11119.02,11119.02,11119.02
2025-01-20 13:15:00,11074.44,11074.44,11074.44
2025-01-20 13:20:00,10912.74,10912.74,10912.74
2025-01-20 13:25:00,10994.32,10994.32,10994.32
2025-01-20 13:30:00,10742.97,10742.97,10742.97
2025-01-20 13:35:00,10552.05,10552.05,10552.05
2025-01-20 13:40:00,10863.45,10863.45,10863.45
2025-01-20 13:45:00,10913.27,10913.27,10913.27
2025-01-20 13:50:00,10921.79,10921.79,10921.79
2025-01-20 13:55:00,10868.46,10868.46,10868.46
2025-01-20 14:00:00,11004.22,11004.22,11004.22
2025-01-20 14:05:00,10849.36,10849.36,10849.36
2025-01-20 14:10:00,10891.63,10891.63,10891.63
2025-01-20 14:15:00,10929.43,10929.43,10929.43
2025-01-20 14:20:00,10944.66,10944.66,10944.66
2025-01-20 14:25:00,10724.32,10724.32,10724.32
2025-01-20 14:30:00,10807.37,10807.37,10807.37
2025-01-20 14:35:00,11004.07,11004.07,11004.07
2025-01-20 14:40:00,10900.24,10900.24,10900.24
2025-01-20 14:45:00,10666.51,10666.51,10666.51
2025-01-20 14:50:00,10669.08,10669.08,10669.08
2025-01-20 14:55:00,10620.93,10620.93,10620.93
2025-01-20 15:00:00,10491.22,10491.22,10491.22
2025-01-20 15:05:00,10419.26,10419.26,10419.26
2025-01-20 15:10:00,10558.63,10558.63,10558.63
2025-01-20 15:15:00,10514.36,10514.36,10514.36
2025-01-20 15:20:00,10607.88,10607.88,10607.88
2025-01-20 15:25:00,10594.09,10594.09,10594.09
2025-01-20 15:30:00,10613.47,10613.47,10613.47
2025-01-20 15:35:00,10663.64,10663.64,10663.64
2025-01-20 15:40:00,10751.87,10751.87,10751.87
2025-01-20 15:45:00,10691.66,10691.66,10691.66
2025-01-20 15:50:00,10500.13,10500.13,10500.13
2025-01-20 15:55:00,10631.12,10631.12,10631.12
2025-01-20 16:00:00,11191.61,11191.61,11191.61
2025-01-20 16:05:00,11459.33,11459.33,11459.33
2025-01-20 16:10:00,11739.59,11739.59,11739.59
2025-01-20 16:15:00,11757.87,11757.87,11757.87
2025-01-20 16:20:00,11639.92,11639.92,11639.92
2025-01-20 16:25:00,11554.64,11554.64,11554.64
2025-01-20 16:30:00,11613.05,11613.05,11613.05
2025-01-20 16:35:00,11684.82,11684.82,11684.82
2025-01-20 16:40:00,11561.28,11561.28,11561.28
2025-01-20 16:45:00,11566.02,11566.02,11566.02
2025-01-20 16:50:00,11546.93,11546.93,11546.93
2025-01-20 16:55:00,11533.64,11533.64,11533.64
2025-01-20 17:00:00,11659.11,11659.11,11659.11
2025-01-20 17:05:00,11587.53,11587.53,11587.53
2025-01-20 17:10:00,11533.12,11533.12,11533.12
2025-01-20 17:15:00,11445.22,11445.22,11445.22
2025-01-20 17:20:00,11407.22,11407.22,11407.22
2025-01-20 17:25:00,10941.63,10941.63,10941.63
2025-01-20 17:30:00,10868.0,10868.0,10868.0
2025-01-20 17:35:00,10754.8,10754.8,10754.8
2025-01-20 17:40:00,10522.52,10522.52,10522.52
2025-01-20 17:45:00,10403.21,10403.21,10403.21
2025-01-20 17:50:00,10295.88,10295.88,10295.88
2025-01-20 17:55:00,10155.86,10155.86,10155.86
2025-01-20 18:00:00,10228.77,10228.77,10228.77
2025-01-20 18:05:00,9973.12,9973.12,9973.12
2025-01-20 18:10:00,9900.56,9900.56,9900.56
2025-01-20 18:15:00,10046.83,10046.83,10046.83
2025-01-20 18:20:00,10351.83,10351.83,10351.83
2025-01-20 18:25:00,10469.21,10469.21,10469.21
2025-01-20 18:30:00,10633.57,10633.57,10633.57
2025-01-20 18:35:00,10739.79,10739.79,10739.79
2025-01-20 18:40:00,10823.59,10823.59,10823.59
2025-01-20 18:45:00,10865.14,10865.14,10865.14
2025-01-20 18:50:00,10937.56,10937.56,10937.56
2025-01-20 18:55:00,11036.35,11036.35,11036.35
2025-01-20 19:00:00,11118.51,11118.51,11118.51
2025-01-20 19:05:00,11165.52,11165.52,11165.52
2025-01-20 19:10:00,11196.54,11196.54,11196.54
2025-01-20 19:15:00,11198.58,11198.58,11198.58
2025-01-20 19:20:00,11248.78,11248.78,11248.78
2025-01-20 19:25:00,11183.86,11183.86,11183.86
2025-01-20 19:30:00,11247.46,11247.46,11247.46
2025-01-20 19:35:00,11260.18,11260.18,11260.18
2025-01-20 19:40:00,11296.52,11296.52,11296.52
2025-01-20 19:45:00,11333.19,11333.19,11333.19
2025-01-20 19:50:00,11357.42,11357.42,11357.42
2025-01-20 19:55:00,11373.5,11373.5,11373.5
2025-01-20 20:00:00,11498.24,11498.24,11498.24
2025-01-20 20:05:00,11607.12,11607.12,11607.12
2025-01-20 20:10:00,11601.69,11601.69,11601.69
2025-01-20 20:15:00,11548.12,11548.12,11548.12
2025-01-20 20:20:00,11540.82,11540.82,11540.82
2025-01-20 20:25:00,11378.75,11378.75,11378.75
2025-01-20 20:30:00,11407.36,11407.36,11407.36
2025-01-20 20:35:00,11595.25,11595.25,11595.25
2025-01-20 20:40:00,11637.66,11637.66,11637.66
2025-01-20 20:45:00,11659.94,11659.94,11659.94
2025-01-20 20:50:00,11623.9,11623.9,11623.9
2025-01-20 20:55:00,11603.5,11603.5,11603.5
2025-01-20 21:00:00,11730.88,11730.88,11730.88
2025-01-20 21:05:00,11659.19,11659.19,11659.19
2025-01-20 21:10:00,11551.22,11551.22,11551.22
2025-01-20 21:15:00,11644.72,11644.72,11644.72
2025-01-20 21:20:00,11541.7,11541.7,11541.7
2025-01-20 21:25:00,11599.12,11599.12,11599.12
2025-01-20 21:30:00,11612.71,11612.71,11612.71
2025-01-20 21:35:00,11756.07,11756.07,11756.07
2025-01-20 21:40:00,11773.43,11773.43,11773.43
2025-01-20 21:45:00,11918.96,11918.96,11918.96
2025-01-20 21:50:00,12064.68,12064.68,12064.68
2025-01-20 21:55:00,12151.64,12151.64,12151.64
2025-01-20 22:00:00,12191.94,12191.94,12191.94
2025-01-20 22:05:00,12250.11,12250.11,12250.11
2025-01-20 22:10:00,12405.06,12405.06,12405.06
2025-01-20 22:15:00,12283.37,12283.37,12283.37
2025-01-20 22:20:00,12230.14,12230.14,12230.14
2025-01-20 22:25:00,12250.22,12250.22,12250.22
2025-01-20 22:30:00,12457.07,12457.07,12457.07
2025-01-20 22:35:00,12426.24,12426.24,12426.24
2025-01-20 22:40:00,12556.58,12556.58,12556.58
2025-01-20 22:45:00,12596.76,12596.76,12596.76
2025-01-20 22:50:00,12601.6,12601.6,12601.6
2025-01-20 22:55:00,12647.87,12647.87,12647.87
2025-01-20 23:00:00,12683.3,12683.3,12683.3
2025-01-20 23:05:00,12776.46,12776.46,12776.46
2025-01-20 23:10:00,12796.68,12796.68,12796.68
2025-01-20 23:15:00,12710.4,12710.4,12710.4
2025-01-20 23:20:00,12778.91,12778.91,12778.91
2025-01-20 23:25:00,12936.78,12936.78,12936.78
2025-01-20 23:30:00,12998.52,12998.52,12998.52
2025-01-20 23:35:00,13139.39,13139.39,13139.39
2025-01-20 23:40:00,13102.36,13102.36,13102.36
2025-01-20 23:45:00,13181.66,13181.66,13181.66
2025-01-20 23:50:00,13315.82,13315.82,13315.82
2025-01-20 23:55:00,13377.35,13377.35,13377.35
2025-01-21 00:00:00,12976.88,12976.88,12976.88
2025-01-21 00:05:00,12423.67,12423.67,12423.67
2025-01-21 00:10:00,12373.33,12373.33,12373.33
2025-01-21 00:15:00,12202.25,12202.25,12202.25
2025-01-21 00:20:00,12339.25,12339.25,12339.25
2025-01-21 00:25:00,12271.93,12271.93,12271.93
2025-01-21 00:30:00,12200.88,12200.88,12200.88
2025-01-21 00:35:00,12228.81,12228.81,12228.81
2025-01-21 00:40:00,12203.1,12203.1,12203.1
2025-01-21 00:45:00,12305.69,12305.69,12305.69
2025-01-21 00:50:00,12448.25,12448.25,12448.25
2025-01-21 00:55:00,12375.09,12375.09,12375.09
2025-01-21 01:00:00,12216.62,12216.62,12216.62
2025-01-21 01:05:00,12012.68,12012.68,12012.68
2025-01-21 01:10:00,12046.43,12046.43,12046.43
2025-01-21 01:15:00,12016.33,12016.33,12016.33
2025-01-21 01:20:00,11986.04,11986.04,11986.04
2025-01-21 01:25:00,12017.79,12017.79,12017.79
2025-01-21 01:30:00,12049.33,12049.33,12049.33
2025-01-21 01:35:00,12046.71,12046.71,12046.71
2025-01-21 01:40:00,12108.85,12108.85,12108.85
2025-01-21 01:45:00,12038.3,12038.3,12038.3
2025-01-21 01:50:00,11814.16,11814.16,11814.16
2025-01-21 01:55:00,11722.32,11722.32,11722.32
2025-01-21 02:00:00,11890.92,11890.92,11890.92
2025-01-21 02:05:00,11654.78,11654.78,11654.78
2025-01-21 02:10:00,11736.63,11736.63,11736.63
2025-01-21 02:15:00,11679.18,11679.18,11679.18
2025-01-21 02:20:00,11507.31,11507.31,11507.31
2025-01-21 02:25:00,11563.39,11563.39,11563.39
2025-01-21 02:30:00,11764.48,11764.48,11764.48
2025-01-21 02:35:00,11790.76,11790.76,11790.76
2025-01-21 02:40:00,11719.26,11719.26,11719.26
2025-01-21 02:45:00,11585.84,11585.84,11585.84
2025-01-21 02:50:00,11476.89,11476.89,11476.89
2025-01-21 02:55:00,11379.24,11379.24,11379.24
2025-01-21 03:00:00,11392.61,11392.61,11392.61
2025-01-21 03:05:00,11478.51,11478.51,11478.51
2025-01-21 03:10:00,11439.53,11439.53,11439.53
2025-01-21 03:15:00,11458.54,11458.54,11458.54
2025-01-21 03:20:00,11407.16,11407.16,11407.16
2025-01-21 03:25:00,11362.97,11362.97,11362.97
2025-01-21 03:30:00,11331.41,11331.41,11331.41
2025-01-21 03:35:00,11507.31,11507.31,11507.31
2025-01-21 03:40:00,11531.32,11531.32,11531.32
2025-01-21 03:45:00,11638.98,11638.98,11638.98
2025-01-21 03:50:00,11517.81,11517.81,11517.81
2025-01-21 03:55:00,11364.38,11364.38,11364.38
2025-01-21 04:00:00,11465.63,11465.63,11465.63
2025-01-21 04:05:00,11379.33,11379.33,11379.33
2025-01-21 04:10:00,11335.12,11335.12,11335.12
2025-01-21 04:15:00,11060.26,11060.26,11060.26
2025-01-21 04:20:00,11020.06,11020.06,11020.06
2025-01-21 04:25:00,10960.54,10943.42,10955.063333333334
2025-01-21 04:30:00,10988.13,10988.13,10988.13
2025-01-21 04:35:00,10860.18,10860.18,10860.18
2025-01-21 04:40:00,10667.11,10667.11,10667.11
2025-01-21 04:45:00,10568.08,10568.08,10568.08
2025-01-21 04:50:00,10310.97,10310.97,10310.97
2025-01-21 04:55:00,10260.24,10260.24,10260.24
2025-01-21 05:00:00,10466.24,10466.24,10466.24
2025-01-21 05:05:00,10525.7,10525.7,10525.7
2025-01-21 05:10:00,10569.31,10569.31,10569.31
2025-01-21 05:15:00,10637.3,10637.3,10637.3
2025-01-21 05:20:00,10707.05,10707.05,10707.05
2025-01-21 05:25:00,10576.42,10576.42,10576.42
2025-01-21 05:30:00,10275.2,10275.2,10275.2
2025-01-21 05:35:00,10421.42,10421.42,10421.42
2025-01-21 05:40:00,10542.28,10542.28,10542.28
2025-01-21 05:45:00,10383.8,10383.8,10383.8
2025-01-21 05:50:00,10214.06,10214.06,10214.06
2025-01-21 05:55:00,10144.45,10144.45,10144.45
2025-01-21 06:00:00,10334.21,10334.21,10334.21
2025-01-21 06:05:00,10360.36,10360.36,10360.36
2025-01-21 06:10:00,10191.16,10191.16,10191.16
2025-01-21 06:15:00,10292.88,10292.88,10292.88
2025-01-21 06:20:00,10353.22,10353.22,10353.22
2025-01-21 06:25:00,10342.87,10342.87,10342.87
2025-01-21 06:30:00,10197.44,10197.44,10197.44
2025-01-21 06:35:00,10055.49,10055.49,10055.49
2025-01-21 06:40:00,9837.62,9837.62,9837.62
2025-01-21 06:45:00,9876.37,9876.37,9876.37
2025-01-21 06:50:00,9899.25,9899.25,9899.25
2025-01-21 06:55:00,9588.94,9588.94,9588.94
2025-01-21 07:00:00,9462.72,9462.72,9462.72
2025-01-21 07:05:00,8827.29,8827.29,8827.29
2025-01-21 07:10:00,8615.21,8615.21,8615.21
2025-01-21 07:15:00,8368.87,8368.87,8368.87
2025-01-21 07:20:00,7945.98,7945.98,7945.98
2025-01-21 07:25:00,7668.0,7668.0,7668.0
2025-01-21 07:30:00,7542.3,7542.3,7542.3
2025-01-21 07:35:00,7428.66,7428.66,7428.66
2025-01-21 07:40:00,7644.39,7644.39,7644.39
2025-01-21 07:45:00,7616.12,7616.12,7616.12
2025-01-21 07:50:00,7440.1,7440.1,7440.1
2025-01-21 07:55:00,7402.21,7402.21,7402.21
2025-01-21 08:00:00,7561.31,7561.31,7561.31
2025-01-21 08:05:00,7817.45,7817.45,7817.45
2025-01-21 08:10:00,8286.57,8286.57,8286.57
2025-01-21 08:15:00,8310.42,8310.42,8310.42
2025-01-21 08:20:00,8493.88,8493.88,8493.88
2025-01-21 08:25:00,8592.76,8592.76,8592.76
2025-01-21 08:30:00,8674.26,8674.26,8674.26
2025-01-21 08:35:00,8940.46,8940.46,8940.46
2025-01-21 08:40:00,9313.95,9313.95,9313.95
2025-01-21 08:45:00,9603.18,9603.18,9603.18
2025-01-21 08:50:00,9768.44,9768.44,9768.44
2025-01-21 08:55:00,9965.57,9965.57,9965.57
2025-01-21 09:00:00,9881.55,9881.55,9881.55
2025-01-21 09:05:00,9862.72,9862.72,9862.72
2025-01-21 09:10:00,9966.62,9966.62,9966.62
2025-01-21 09:15:00,10311.03,10311.03,10311.03
2025-01-21 09:20:00,10283.23,10283.23,10283.23
2025-01-21 09:25:00,10414.83,10414.83,10414.83
2025-01-21 09:30:00,10662.33,10662.33,10662.33
2025-01-21 09:35:00,11089.55,11089.55,11089.55
2025-01-21 09:40:00,11032.49,11032.49,11032.49
2025-01-21 09:45:00,10863.38,10863.38,10863.38
2025-01-21 09:50:00,11066.78,11066.78,11066.78
2025-01-21 09:55:00,11192.92,11192.92,11192.92
2025-01-21 10:00:00,11214.47,11214.47,11214.47
2025-01-21 10:05:00,11205.55,11205.55,11205.55
2025-01-21 10:10:00,11119.64,11119.64,11119.64
2025-01-21 10:15:00,11167.58,11167.58,11167.58
2025-01-21 10:20:00,11315.11,11315.11,11315.11
2025-01-21 10:25:00,11201.87,11201.87,11201.87
2025-01-21 10:30:00,11162.54,11162.54,11162.54
2025-01-21 10:35:00,11384.13,11384.13,11384.13
2025-01-21 10:40:00,11438.34,11438.34,11438.34
2025-01-21 10:45:00,11523.9,11523.9,11523.9
2025-01-21 10:50:00,11382.33,11382.33,11382.33
2025-01-21 10:55:00,11520.45,11520.45,11520.45
2025-01-21 11:00:00,11559.81,11559.81,11559.81
2025-01-21 11:05:00,11695.41,11695.41,11695.41
2025-01-21 11:10:00,12023.57,12023.57,12023.57
2025-01-21 11:15:00,12314.03,12314.03,12314.03
2025-01-21 11:20:00,12231.18,12231.18,12231.18
2025-01-21 11:25:00,12053.29,12053.29,12053.29
2025-01-21 11:30:00,12113.38,12113.38,12113.38
2025-01-21 11:35:00,12308.7,12308.7,12308.7
2025-01-21 11:40:00,12664.12,12664.12,12664.12
2025-01-21 11:45:00,12497.01,12497.01,12497.01
2025-01-21 11:50:00,12720.39,12720.39,12720.39
2025-01-21 11:55:00,12676.21,12676.21,12676.21
2025-01-21 12:00:00,12887.2,12887.2,12887.2
2025-01-21 12:05:00,12789.33,12789.33,12789.33
2025-01-21 12:10:00,13186.56,13186.56,13186.56
2025-01-21 12:15:00,13453.41,13453.41,13453.41
2025-01-21 12:20:00,13687.02,13687.02,13687.02
2025-01-21 12:25:00,13872.6,13872.6,13872.6
2025-01-21 12:30:00,14060.38,14060.38,14060.38
2025-01-21 12:35:00,14359.81,14359.81,14359.81
2025-01-21 12:40:00,14680.18,14680.18,14680.18
2025-01-21 12:45:00,14947.84,14947.84,14947.84
2025-01-21 12:50:00,15039.99,15039.99,15039.99
2025-01-21 12:55:00,15186.72,15186.72,15186.72
2025-01-21 13:00:00,15348.24,15348.24,15348.24
2025-01-21 13:05:00,15167.25,15167.25,15167.25
2025-01-21 13:10:00,15288.54,15288.54,15288.54
2025-01-21 13:15:00,15396.73,15396.73,15396.73
2025-01-21 13:20:00,15648.93,15648.93,15648.93
2025-01-21 13:25:00,15768.67,15768.67,15768.67
2025-01-21 13:30:00,15928.88,15928.88,15928.88
2025-01-21 13:35:00,16209.6,16209.6,16209.6
2025-01-21 13:40:00,16286.1,16286.1,16286.1
2025-01-21 13:45:00,16319.39,16319.39,16319.39
2025-01-21 13:50:00,16545.38,16545.38,16545.38
2025-01-21 13:55:00,16668.85,16668.85,16668.85
2025-01-21 14:00:00,16703.1,16703.1,16703.1
2025-01-21 14:05:00,16946.9,16946.9,16946.9
2025-01-21 14:10:00,16983.46,16983.46,16983.46
2025-01-21 14:15:00,16983.99,16983.99,16983.99
2025-01-21 14:20:00,17057.69,17057.69,17057.69
2025-01-21 14:25:00,17088.22,17088.22,17088.22
2025-01-21 14:30:00,17277.78,17277.78,17277.78
2025-01-21 14:35:00,17276.15,17276.15,17276.15
2025-01-21 14:40:00,17402.77,17402.77,17402.77
2025-01-21 14:45:00,17275.34,17275.34,17275.34
2025-01-21 14:50:00,17476.07,17476.07,17476.07
2025-01-21 14:55:00,17374.61,17374.61,17374.61
2025-01-21 15:00:00,17599.04,17599.04,17599.04
2025-01-21 15:05:00,17380.69,17380.69,17380.69
2025-01-21 15:10:00,17527.8,17527.8,17527.8
2025-01-21 15:15:00,17534.86,17534.86,17534.86
2025-01-21 15:20:00,17618.15,17618.15,17618.15
2025-01-21 15:25:00,17570.93,17570.93,17570.93
2025-01-21 15:30:00,17548.38,17548.38,17548.38
2025-01-21 15:35:00,17571.62,17571.62,17571.62
2025-01-21 15:40:00,17504.81,17504.81,17504.81
2025-01-21 15:45:00,17520.8,17520.8,17520.8
2025-01-21 15:50:00,17424.45,17424.45,17424.45
2025-01-21 15:55:00,17489.07,17489.07,17489.07
2025-01-21 16:00:00,17528.02,17528.02,17528.02
2025-01-21 16:05:00,17857.05,17857.05,17857.05
2025-01-21 16:10:00,17961.55,17961.55,17961.55
2025-01-21 16:15:00,17845.78,17845.78,17845.78
2025-01-21 16:20:00,17654.13,17654.13,17654.13
2025-01-21 16:25:00,17655.75,17655.75,17655.75
2025-01-21 16:30:00,17511.95,17511.95,17511.95
2025-01-21 16:35:00,17183.39,17183.39,17183.39
2025-01-21 16:40:00,17022.04,17022.04,17022.04
2025-01-21 16:45:00,16628.04,16628.04,16628.04
2025-01-21 16:50:00,16134.14,16134.14,16134.14
2025-01-21 16:55:00,16304.45,16304.45,16304.45
2025-01-21 17:00:00,16365.18,16365.18,16365.18
2025-01-21 17:05:00,15771.48,15771.48,15771.48
2025-01-21 17:10:00,14955.96,14955.96,14955.96
2025-01-21 17:15:00,14387.38,14387.38,14387.38
2025-01-21 17:20:00,13797.43,13797.43,13797.43
2025-01-21 17:25:00,13253.66,13253.66,13253.66
2025-01-21 17:30:00,12615.89,12615.89,12615.89
2025-01-21 17:35:00,12118.18,12118.18,12118.18
2025-01-21 17:40:00,11859.49,11859.49,11859.49
2025-01-21 17:45:00,11721.33,11721.33,11721.33
2025-01-21 17:50:00,11233.35,11233.35,11233.35
2025-01-21 17:55:00,11229.07,11229.07,11229.07
2025-01-21 18:00:00,11031.44,11031.44,11031.44
2025-01-21 18:05:00,10480.4,10480.4,10480.4
2025-01-21 18:10:00,10112.37,10112.37,10112.37
2025-01-21 18:15:00,9997.86,9997.86,9997.86
2025-01-21 18:20:00,10245.09,10245.09,10245.09
2025-01-21 18:25:00,10265.08,10265.08,10265.08
2025-01-21 18:30:00,10235.45,10235.45,10235.45
2025-01-21 18:35:00,10162.88,10162.88,10162.88
2025-01-21 18:40:00,10169.27,10169.27,10169.27
2025-01-21 18:45:00,10150.34,10150.34,10150.34
2025-01-21 18:50:00,10101.19,10101.19,10101.19
2025-01-21 18:55:00,10206.74,10206.74,10206.74
2025-01-21 19:00:00,10460.29,10460.29,10460.29
2025-01-21 19:05:00,10438.52,10438.52,10438.52
2025-01-21 19:10:00,10559.85,10559.85,10559.85
2025-01-21 19:15:00,10756.6,10756.6,10756.6
2025-01-21 19:20:00,10658.62,10658.62,10658.62
2025-01-21 19:25:00,10580.16,10580.16,10580.16
2025-01-21 19:30:00,10654.16,10654.16,10654.16
2025-01-21 19:35:00,10658.22,10658.22,10658.22
2025-01-21 19:40:00,10700.7,10700.7,10700.7
2025-01-21 19:45:00,10721.79,10721.79,10721.79
2025-01-21 19:50:00,10731.06,10731.06,10731.06
2025-01-21 19:55:00,10663.5,10663.5,10663.5
2025-01-21 20:00:00,10851.58,10851.58,10851.58
2025-01-21 20:05:00,11137.76,11137.76,11137.76
2025-01-21 20:10:00,11086.72,11086.72,11086.72
2025-01-21 20:15:00,11170.97,11170.97,11170.97
2025-01-21 20:20:00,11163.23,11163.23,11163.23
2025-01-21 20:25:00,11295.76,11295.76,11295.76
2025-01-21 20:30:00,11459.67,11459.67,11459.67
2025-01-21 20:35:00,11362.71,11362.71,11362.71
2025-01-21 20:40:00,11485.62,11485.62,11485.62
2025-01-21 20:45:00,11705.36,11705.36,11705.36
2025-01-21 20:50:00,11502.21,11502.21,11502.21
2025-01-21 20:55:00,11654.34,11654.34,11654.34
2025-01-21 21:00:00,11755.76,11755.76,11755.76
2025-01-21 21:05:00,11820.04,11820.04,11820.04
2025-01-21 21:10:00,11765.33,11765.33,11765.33
2025-01-21 21:15:00,11861.65,11861.65,11861.65
2025-01-21 21:20:00,12144.92,12144.92,12144.92
2025-01-21 21:25:00,12233.64,12233.64,12233.64
2025-01-21 21:30:00,12179.42,12179.42,12179.42
2025-01-21 21:35:00,12261.51,12261.51,12261.51
2025-01-21 21:40:00,12336.59,12336.59,12336.59
2025-01-21 21:45:00,12504.46,12504.46,12504.46
2025-01-21 21:50:00,12392.12,12392.12,12392.12
2025-01-21 21:55:00,12377.06,12377.06,12377.06
2025-01-21 22:00:00,12423.48,12423.48,12423.48
2025-01-21 22:05:00,12465.85,12465.85,12465.85
2025-01-21 22:10:00,12676.69,12676.69,12676.69
2025-01-21 22:15:00,12893.39,12893.39,12893.39
2025-01-21 22:20:00,12763.07,12763.07,12763.07
2025-01-21 22:25:00,12874.52,12874.52,12874.52
2025-01-21 22:30:00,13242.16,13242.16,13242.16
2025-01-21 22:35:00,12930.32,12930.32,12930.32
2025-01-21 22:40:00,12973.88,12973.88,12973.88
2025-01-21 22:45:00,12973.79,12973.79,12973.79
2025-01-21 22:50:00,13011.8,13011.8,13011.8
2025-01-21 22:55:00,12989.64,12989.64,12989.64
2025-01-21 23:00:00,12832.93,12832.93,12832.93
2025-01-21 23:05:00,13011.2,13011.2,13011.2
2025-01-21 23:10:00,13569.29,13569.29,13569.29
2025-01-21 23:15:00,13329.87,13329.87,13329.87
2025-01-21 23:20:00,13361.4,13361.4,13361.4
2025-01-21 23:25:00,13309.92,13309.92,13309.92
2025-01-21 23:30:00,13335.3,13335.3,13335.3
2025-01-21 23:35:00,13271.56,13271.56,13271.56
2025-01-21 23:40:00,13233.11,13233.11,13233.11
2025-01-21 23:45:00,12927.05,13007.47,12967.423333333332
2025-01-21 23:50:00,12817.15,12817.15,12817.15
2025-01-21 23:55:00,13376.25,13376.25,13376.25
2025-01-22 00:00:00,13098.26,13098.26,13098.26
2025-01-22 00:05:00,13098.58,13098.58,13098.58
2025-01-22 00:10:00,13077.66,13077.66,13077.66
2025-01-22 00:15:00,13159.16,13159.16,13159.16
2025-01-22 00:20:00,13166.27,13166.27,13166.27
2025-01-22 00:25:00,13221.89,13221.89,13221.89
2025-01-22 00:30:00,13274.04,13274.04,13274.04
2025-01-22 00:35:00,13469.79,13469.79,13469.79
2025-01-22 00:40:00,13257.49,13257.49,13257.49
2025-01-22 00:45:00,13116.93,13116.93,13116.93
2025-01-22 00:50:00,13099.88,13099.88,13099.88
2025-01-22 00:55:00,12961.08,12961.08,12961.08
2025-01-22 01:00:00,12959.98,12959.98,12959.98
2025-01-22 01:05:00,13311.1,13311.1,13311.1
2025-01-22 01:10:00,13275.71,13275.71,13275.71
2025-01-22 01:15:00,13601.01,13601.01,13601.01
2025-01-22 01:20:00,13300.64,13300.64,13300.64
2025-01-22 01:25:00,13486.79,13486.79,13486.79
2025-01-22 01:30:00,13295.01,13295.01,13295.01
2025-01-22 01:35:00,13194.4,13194.4,13194.4
2025-01-22 01:40:00,13264.3,13264.3,13264.3
2025-01-22 01:45:00,13277.48,13277.48,13277.48
2025-01-22 01:50:00,13183.29,13183.29,13183.29
2025-01-22 01:55:00,13221.93,13221.93,13221.93
2025-01-22 02:00:00,13170.15,13170.15,13170.15
2025-01-22 02:05:00,13171.86,13171.86,13171.86
2025-01-22 02:10:00,13179.96,13179.96,13179.96
2025-01-22 02:15:00,13118.53,13118.53,13118.53
2025-01-22 02:20:00,13043.26,13043.26,13043.26
2025-01-22 02:25:00,13115.01,13115.01,13115.01
2025-01-22 02:30:00,12949.85,12949.85,12949.85
2025-01-22 02:35:00,13063.84,13063.84,13063.84
2025-01-22 02:40:00,13137.46,13137.46,13137.46
2025-01-22 02:45:00,13306.4,13306.4,13306.4
2025-01-22 02:50:00,13395.77,13395.77,13395.77
2025-01-22 02:55:00,13353.59,13353.59,13353.59
2025-01-22 03:00:00,13376.88,13376.88,13376.88
2025-01-22 03:05:00,13154.06,13154.06,13154.06
2025-01-22 03:10:00,13025.23,13025.23,13025.23
2025-01-22 03:15:00,12995.28,12995.28,12995.28
2025-01-22 03:20:00,13026.37,13026.37,13026.37
2025-01-22 03:25:00,13082.34,13082.34,13082.34
2025-01-22 03:30:00,13172.12,13172.12,13172.12
2025-01-22 03:35:00,13166.62,13166.62,13166.62
2025-01-22 03:40:00,13024.21,13024.21,13024.21
2025-01-22 03:45:00,13059.49,13059.49,13059.49
2025-01-22 03:50:00,13007.01,13007.01,13007.01
2025-01-22 03:55:00,12988.47,12988.47,12988.47
2025-01-22 04:00:00,13028.55,13028.55,13028.55
2025-01-22 04:05:00,12993.11,12993.11,12993.11
2025-01-22 04:10:00,12897.66,12897.66,12897.66
2025-01-22 04:15:00,12653.84,12653.84,12653.84
2025-01-22 04:20:00,12380.4,12380.4,12380.4
2025-01-22 04:25:00,12362.05,12362.05,12362.05
2025-01-22 04:30:00,12306.27,12306.27,12306.27
2025-01-22 04:35:00,12317.15,12317.15,12317.15
2025-01-22 04:40:00,12296.19,12296.19,12296.19
2025-01-22 04:45:00,12142.71,12142.71,12142.71
2025-01-22 04:50:00,12300.95,12300.95,12300.95
2025-01-22 04:55:00,11987.12,11987.12,11987.12
2025-01-22 05:00:00,12088.3,12088.3,12088.3
2025-01-22 05:05:00,11856.3,11856.3,11856.3
2025-01-22 05:10:00,11886.32,11886.32,11886.32
2025-01-22 05:15:00,11799.65,11799.65,11799.65
2025-01-22 05:20:00,11882.48,11882.48,11882.48
2025-01-22 05:25:00,11701.77,11701.77,11701.77
2025-01-22 05:30:00,11583.83,11583.83,11583.83
2025-01-22 05:35:00,11442.47,11442.47,11442.47
2025-01-22 05:40:00,11338.28,11338.28,11338.28
2025-01-22 05:45:00,11291.79,11291.79,11291.79
2025-01-22 05:50:00,10903.15,10903.15,10903.15
2025-01-22 05:55:00,10785.59,10785.59,10785.59
2025-01-22 06:00:00,11016.91,11016.91,11016.91
2025-01-22 06:05:00,10915.24,10915.24,10915.24
2025-01-22 06:10:00,10535.37,10535.37,10535.37
2025-01-22 06:15:00,10505.55,10505.55,10505.55
2025-01-22 06:20:00,10492.3,10492.3,10492.3
2025-01-22 06:25:00,10486.54,10486.54,10486.54
2025-01-22 06:30:00,10382.18,10382.18,10382.18
2025-01-22 06:35:00,10081.38,10081.38,10081.38
2025-01-22 06:40:00,10067.78,10067.78,10067.78
2025-01-22 06:45:00,10010.72,10010.72,10010.72
2025-01-22 06:50:00,9755.76,9755.76,9755.76
2025-01-22 06:55:00,10037.55,10037.55,10037.55
2025-01-22 07:00:00,9905.17,9905.17,9905.17
2025-01-22 07:05:00,9613.15,9613.15,9613.15
2025-01-22 07:10:00,9415.29,9415.29,9415.29
2025-01-22 07:15:00,9592.9,9592.9,9592.9
2025-01-22 07:20:00,9522.33,9522.33,9522.33
2025-01-22 07:25:00,9565.13,9565.13,9565.13
2025-01-22 07:30:00,9715.55,9715.55,9715.55
2025-01-22 07:35:00,9817.72,9817.72,9817.72
2025-01-22 07:40:00,9927.73,9927.73,9927.73
2025-01-22 07:45:00,10303.66,10303.66,10303.66
2025-01-22 07:50:00,10476.79,10476.79,10476.79
2025-01-22 07:55:00,10912.14,10912.14,10912.14
2025-01-22 08:00:00,11195.37,11195.37,11195.37
2025-01-22 08:05:00,11393.56,11393.56,11393.56
2025-01-22 08:10:00,11617.25,11617.25,11617.25
2025-01-22 08:15:00,11924.3,11924.3,11924.3
2025-01-22 08:20:00,12071.01,12071.01,12071.01
2025-01-22 08:25:00,12348.46,12348.46,12348.46
2025-01-22 08:30:00,12765.28,12765.28,12765.28
2025-01-22 08:35:00,13492.18,13492.18,13492.18
2025-01-22 08:40:00,13948.46,13948.46,13948.46
2025-01-22 08:45:00,14242.47,14242.47,14242.47
2025-01-22 08:50:00,14710.2,14710.2,14710.2
2025-01-22 08:55:00,15023.21,15023.21,15023.21
2025-01-22 09:00:00,15263.34,15263.34,15263.34
2025-01-22 09:05:00,15632.55,15632.55,15632.55
2025-01-22 09:10:00,15993.82,15993.82,15993.82
2025-01-22 09:15:00,16076.11,16076.11,16076.11
2025-01-22 09:20:00,16107.71,16107.71,16107.71
2025-01-22 09:25:00,16199.51,16199.51,16199.51
2025-01-22 09:30:00,16242.07,16242.07,16242.07
2025-01-22 09:35:00,16386.09,16386.09,16386.09
2025-01-22 09:40:00,16483.23,16483.23,16483.23
2025-01-22 09:45:00,16501.69,16501.69,16501.69
2025-01-22 09:50:00,16516.14,16516.14,16516.14
2025-01-22 09:55:00,16660.3,16660.3,16660.3
2025-01-22 10:00:00,16324.95,16324.95,16324.95
2025-01-22 10:05:00,16003.59,16003.59,16003.59
2025-01-22 10:10:00,16040.64,16040.64,16040.64
2025-01-22 10:15:00,16136.53,16136.53,16136.53
2025-01-22 10:20:00,16467.08,16467.08,16467.08
2025-01-22 10:25:00,16517.1,16517.1,16517.1
2025-01-22 10:30:00,16675.36,16675.36,16675.36
2025-01-22 10:35:00,16640.81,16640.81,16640.81
2025-01-22 10:40:00,16652.26,16652.26,16652.26
2025-01-22 10:45:00,16646.44,16646.44,16646.44
2025-01-22 10:50:00,16728.13,16728.13,16728.13
2025-01-22 10:55:00,16757.91,16757.91,16757.91
2025-01-22 11:00:00,16681.58,16681.58,16681.58
2025-01-22 11:05:00,16406.27,16406.27,16406.27
2025-01-22 11:10:00,16141.63,16141.63,16141.63
2025-01-22 11:15:00,16122.84,16122.84,16122.84
2025-01-22 11:20:00,16208.06,16208.06,16208.06
2025-01-22 11:25:00,16281.95,16281.95,16281.95
2025-01-22 11:30:00,16329.78,16329.78,16329.78
2025-01-22 11:35:00,16271.7,16271.7,16271.7
2025-01-22 11:40:00,16278.72,16278.72,16278.72
2025-01-22 11:45:00,16462.55,16462.55,16462.55
2025-01-22 11:50:00,16597.46,16597.46,16597.46
2025-01-22 11:55:00,16662.28,16662.28,16662.28
2025-01-22 12:00:00,16531.74,16531.74,16531.74
2025-01-22 12:05:00,16463.46,16463.46,16463.46
2025-01-22 12:10:00,16462.51,16462.51,16462.51
2025-01-22 12:15:00,16496.81,16496.81,16496.81
2025-01-22 12:20:00,16668.18,16668.18,16668.18
2025-01-22 12:25:00,16737.22,16737.22,16737.22
2025-01-22 12:30:00,16769.43,16769.43,16769.43
2025-01-22 12:35:00,16769.15,16769.15,16769.15
2025-01-22 12:40:00,16737.71,16737.71,16737.71
2025-01-22 12:45:00,16627.62,16627.62,16627.62
2025-01-22 12:50:00,16776.03,16776.03,16776.03
2025-01-22 12:55:00,16543.48,16543.48,16543.48
2025-01-22 13:00:00,16757.41,16757.41,16757.41
2025-01-22 13:05:00,16453.68,16453.68,16453.68
2025-01-22 13:10:00,16118.23,16118.23,16118.23
2025-01-22 13:15:00,16354.64,16354.64,16354.64
2025-01-22 13:20:00,16548.99,16548.99,16548.99
2025-01-22 13:25:00,16479.55,16479.55,16479.55
2025-01-22 13:30:00,16408.09,16408.09,16408.09
2025-01-22 13:35:00,16382.45,16382.45,16382.45
2025-01-22 13:40:00,16436.25,16436.25,16436.25
2025-01-22 13:45:00,16345.93,16345.93,16345.93
2025-01-22 13:50:00,16156.01,16156.01,16156.01
2025-01-22 13:55:00,16241.11,16241.11,16241.11
2025-01-22 14:00:00,16174.28,16174.28,16174.28
2025-01-22 14:05:00,15971.58,15971.58,15971.58
2025-01-22 14:10:00,15737.8,15737.8,15737.8
2025-01-22 14:15:00,16034.11,16034.11,16034.11
2025-01-22 14:20:00,16042.44,16042.44,16042.44
2025-01-22 14:25:00,16035.85,16035.85,16035.85
2025-01-22 14:30:00,15836.5,15836.5,15836.5
2025-01-22 14:35:00,16023.16,16023.16,16023.16
2025-01-22 14:40:00,16119.59,16119.59,16119.59
2025-01-22 14:45:00,15876.26,15876.26,15876.26
2025-01-22 14:50:00,15936.89,15936.89,15936.89
2025-01-22 14:55:00,15818.05,15818.05,15818.05
2025-01-22 15:00:00,16139.56,16139.56,16139.56
2025-01-22 15:05:00,16233.65,16233.65,16233.65
2025-01-22 15:10:00,16249.68,16249.68,16249.68
2025-01-22 15:15:00,16227.37,16227.37,16227.37
2025-01-22 15:20:00,16118.7,16118.7,16118.7
2025-01-22 15:25:00,16229.52,16229.52,16229.52
2025-01-22 15:30:00,16192.37,16192.37,16192.37
2025-01-22 15:35:00,16096.84,16096.84,16096.84
2025-01-22 15:40:00,16175.43,16175.43,16175.43
2025-01-22 15:45:00,15931.38,15931.38,15931.38
2025-01-22 15:50:00,15809.01,15809.01,15809.01
2025-01-22 15:55:00,15909.67,15909.67,15909.67
2025-01-22 16:00:00,15841.89,15841.89,15841.89
2025-01-22 16:05:00,15850.37,15850.37,15850.37
2025-01-22 16:10:00,16053.78,16053.78,16053.78
2025-01-22 16:15:00,15825.24,15825.24,15825.24
2025-01-22 16:20:00,15974.58,15974.58,15974.58
2025-01-22 16:25:00,15745.53,15745.53,15745.53
2025-01-22 16:30:00,15465.44,15465.44,15465.44
2025-01-22 16:35:00,15280.0,15280.0,15280.0
2025-01-22 16:40:00,14790.57,14790.57,14790.57
2025-01-22 16:45:00,14086.21,14086.21,14086.21
2025-01-22 16:50:00,14127.93,14127.93,14127.93
2025-01-22 16:55:00,14311.25,14311.25,14311.25
2025-01-22 17:00:00,13923.03,13923.03,13923.03
2025-01-22 17:05:00,14082.33,14082.33,14082.33
2025-01-22 17:10:00,13077.83,13077.83,13077.83
2025-01-22 17:15:00,12423.41,12423.41,12423.41
2025-01-22 17:20:00,11704.73,11704.73,11704.73
2025-01-22 17:25:00,11436.24,11436.24,11436.24
2025-01-22 17:30:00,10938.75,10938.75,10938.75
2025-01-22 17:35:00,10141.18,10141.18,10141.18
2025-01-22 17:40:00,9700.18,9700.18,9700.18
2025-01-22 17:45:00,9036.78,9036.78,9036.78
2025-01-22 17:50:00,8650.03,8650.03,8650.03
2025-01-22 17:55:00,8580.86,8580.86,8580.86
2025-01-22 18:00:00,8442.64,8442.64,8442.64
2025-01-22 18:05:00,8165.09,8165.09,8165.09
2025-01-22 18:10:00,7947.06,7947.06,7947.06
2025-01-22 18:15:00,8030.81,8030.81,8030.81
2025-01-22 18:20:00,8119.71,8119.71,8119.71
2025-01-22 18:25:00,8303.75,8303.75,8303.75
2025-01-22 18:30:00,8386.4,8386.4,8386.4
2025-01-22 18:35:00,8379.0,8379.0,8379.0
2025-01-22 18:40:00,8584.04,8584.04,8584.04
2025-01-22 18:45:00,8675.21,8675.21,8675.21
2025-01-22 18:50:00,8764.06,8764.06,8764.06
2025-01-22 18:55:00,8853.8,8853.8,8853.8
2025-01-22 19:00:00,9100.97,9100.97,9100.97
2025-01-22 19:05:00,9106.38,9106.38,9106.38
2025-01-22 19:10:00,9382.7,9382.7,9382.7
2025-01-22 19:15:00,9277.99,9277.99,9277.99
2025-01-22 19:20:00,9280.46,9280.46,9280.46
2025-01-22 19:25:00,9232.21,9232.21,9232.21
2025-01-22 19:30:00,9278.54,9278.54,9278.54
2025-01-22 19:35:00,9421.92,9421.92,9421.92
2025-01-22 19:40:00,9449.46,9449.46,9449.46
2025-01-22 19:45:00,9514.9,9514.9,9514.9
2025-01-22 19:50:00,9557.17,9557.17,9557.17
2025-01-22 19:55:00,9477.99,9477.99,9477.99
2025-01-22 20:00:00,9527.72,9527.72,9527.72
2025-01-22 20:05:00,9569.25,9569.25,9569.25
2025-01-22 20:10:00,9580.95,9580.95,9580.95
2025-01-22 20:15:00,9567.03,9567.03,9567.03
2025-01-22 20:20:00,9623.74,9623.74,9623.74
2025-01-22 20:25:00,9783.91,9783.91,9783.91
2025-01-22 20:30:00,9880.56,9880.56,9880.56
2025-01-22 20:35:00,10004.74,10004.74,10004.74
2025-01-22 20:40:00,9984.82,9984.82,9984.82
2025-01-22 20:45:00,9840.25,9840.25,9840.25
2025-01-22 20:50:00,9953.17,9953.17,9953.17
2025-01-22 20:55:00,10065.86,10065.86,10065.86
2025-01-22 21:00:00,9976.21,9976.21,9976.21
2025-01-22 21:05:00,9897.48,9897.48,9897.48
2025-01-22 21:10:00,9906.1,9906.1,9906.1
2025-01-22 21:15:00,9895.06,9895.06,9895.06
2025-01-22 21:20:00,9943.54,9943.54,9943.54
2025-01-22 21:25:00,9991.58,9991.58,9991.58
2025-01-22 21:30:00,10137.01,10137.01,10137.01
2025-01-22 21:35:00,10084.45,10084.45,10084.45
2025-01-22 21:40:00,10160.17,10160.17,10160.17
2025-01-22 21:45:00,10193.4,10193.4,10193.4
2025-01-22 21:50:00,10138.01,10138.01,10138.01
2025-01-22 21:55:00,10290.1,10290.1,10290.1
2025-01-22 22:00:00,10275.83,10275.83,10275.83
2025-01-22 22:05:00,10361.76,10361.76,10361.76
2025-01-22 22:10:00,10477.77,10477.77,10477.77
2025-01-22 22:15:00,10453.52,10453.52,10453.52
2025-01-22 22:20:00,10404.01,10404.01,10404.01
2025-01-22 22:25:00,10389.2,10389.2,10389.2
2025-01-22 22:30:00,10564.32,10564.32,10564.32
2025-01-22 22:35:00,10538.47,10538.47,10538.47
2025-01-22 22:40:00,10396.84,10396.84,10396.84
2025-01-22 22:45:00,10431.02,10431.02,10431.02
2025-01-22 22:50:00,10468.59,10468.59,10468.59
2025-01-22 22:55:00,10421.96,10421.96,10421.96
2025-01-22 23:00:00,10254.95,10254.95,10254.95
2025-01-22 23:05:00,10153.67,10153.67,10153.67
2025-01-22 23:10:00,10244.94,10244.94,10244.94
2025-01-22 23:15:00,10249.51,10249.51,10249.51
2025-01-22 23:20:00,10280.92,10280.92,10280.92
2025-01-22 23:25:00,10136.85,10136.85,10136.85
2025-01-22 23:30:00,10071.83,10071.83,10071.83
2025-01-22 23:35:00,9915.57,9915.57,9915.57
2025-01-22 23:40:00,10009.34,10009.34,10009.34
2025-01-22 23:45:00,9905.73,9905.73,9905.73
2025-01-22 23:50:00,9854.39,9854.39,9854.39
2025-01-22 23:55:00,9776.41,9776.41,9776.41
2025-01-23 00:00:00,9708.01,9708.01,9708.01
2025-01-23 00:05:00,9350.91,9350.91,9350.91
2025-01-23 00:10:00,9094.69,9094.69,9094.69
2025-01-23 00:15:00,9021.58,9021.58,9021.58
2025-01-23 00:20:00,9116.44,9116.44,9116.44
2025-01-23 00:25:00,9324.1,9324.1,9324.1
2025-01-23 00:30:00,9377.61,9377.61,9377.61
2025-01-23 00:35:00,9091.4,9091.4,9091.4
2025-01-23 00:40:00,8922.48,8922.48,8922.48
2025-01-23 00:45:00,8323.78,8323.78,8323.78
2025-01-23 00:50:00,8573.05,8573.05,8573.05
2025-01-23 00:55:00,8907.23,8907.23,8907.23
2025-01-23 01:00:00,9182.04,9182.04,9182.04
2025-01-23 01:05:00,9325.12,9325.12,9325.12
2025-01-23 01:10:00,9455.39,9455.39,9455.39
2025-01-23 01:15:00,9626.95,9626.95,9626.95
2025-01-23 01:20:00,9152.14,9152.14,9152.14
2025-01-23 01:25:00,9181.49,9181.49,9181.49
2025-01-23 01:30:00,9391.57,9391.57,9391.57
2025-01-23 01:35:00,9522.18,9522.18,9522.18
2025-01-23 01:40:00,9474.95,9474.95,9474.95
2025-01-23 01:45:00,9479.67,9479.67,9479.67
2025-01-23 01:50:00,9187.6,9187.6,9187.6
2025-01-23 01:55:00,9155.16,9155.16,9155.16
2025-01-23 02:00:00,9210.1,9210.1,9210.1
2025-01-23 02:05:00,9209.32,9209.32,9209.32
2025-01-23 02:10:00,9194.32,9194.32,9194.32
2025-01-23 02:15:00,9139.99,9139.99,9139.99
2025-01-23 02:20:00,9098.01,9098.01,9098.01
2025-01-23 02:25:00,9041.39,9041.39,9041.39
2025-01-23 02:30:00,9103.17,9103.17,9103.17
2025-01-23 02:35:00,9185.92,9185.92,9185.92
2025-01-23 02:40:00,9276.46,9276.46,9276.46
2025-01-23 02:45:00,9192.85,9192.85,9192.85
2025-01-23 02:50:00,9176.14,9176.14,9176.14
2025-01-23 02:55:00,9185.36,9185.36,9185.36
2025-01-23 03:00:00,9316.86,9316.86,9316.86
2025-01-23 03:05:00,9426.61,9426.61,9426.61
2025-01-23 03:10:00,9530.91,9530.91,9530.91
2025-01-23 03:15:00,9506.53,9506.53,9506.53
2025-01-23 03:20:00,9461.89,9461.89,9461.89
2025-01-23 03:25:00,9482.8,9482.8,9482.8
2025-01-23 03:30:00,9522.2,9522.2,9522.2
2025-01-23 03:35:00,9519.73,9519.73,9519.73
2025-01-23 03:40:00,9480.73,9480.73,9480.73
2025-01-23 03:45:00,9466.65,9466.65,9466.65
2025-01-23 03:50:00,9446.04,9446.04,9446.04
2025-01-23 03:55:00,9417.69,9417.69,9417.69
2025-01-23 04:00:00,9467.68,9467.68,9467.68
2025-01-23 04:05:00,9336.53,9336.53,9336.53
2025-01-23 04:10:00,9212.02,9212.02,9212.02
2025-01-23 04:15:00,9323.62,9323.62,9323.62
2025-01-23 04:20:00,9182.95,9182.95,9182.95
2025-01-23 04:25:00,9171.15,9171.15,9171.15
2025-01-23 04:30:00,9316.01,9316.01,9316.01
2025-01-23 04:35:00,9187.89,9187.89,9187.89
2025-01-23 04:40:00,9051.61,9051.61,9051.61
2025-01-23 04:45:00,8962.51,8962.51,8962.51
2025-01-23 04:50:00,9043.59,9043.59,9043.59
2025-01-23 04:55:00,8962.46,8962.46,8962.46
2025-01-23 05:00:00,8935.57,8935.57,8935.57
2025-01-23 05:05:00,8735.42,8735.42,8735.42
2025-01-23 05:10:00,8525.17,8525.17,8525.17
2025-01-23 05:15:00,8545.66,8545.66,8545.66
2025-01-23 05:20:00,8525.29,8525.29,8525.29
2025-01-23 05:25:00,8597.5,8597.5,8597.5
2025-01-23 05:30:00,8652.25,8652.25,8652.25
2025-01-23 05:35:00,8631.73,8631.73,8631.73
2025-01-23 05:40:00,8421.23,8421.23,8421.23
2025-01-23 05:45:00,8362.56,8362.56,8362.56
2025-01-23 05:50:00,8438.69,8438.69,8438.69
2025-01-23 05:55:00,8388.08,8388.08,8388.08
2025-01-23 06:00:00,8594.02,8594.02,8594.02
2025-01-23 06:05:00,8139.65,8139.65,8139.65
2025-01-23 06:10:00,8258.41,8258.41,8258.41
2025-01-23 06:15:00,8207.54,8207.54,8207.54
2025-01-23 06:20:00,8172.07,8172.07,8172.07
2025-01-23 06:25:00,8242.66,8242.66,8242.66
2025-01-23 06:30:00,7952.1,7952.1,7952.1
2025-01-23 06:35:00,7710.98,7710.98,7710.98
2025-01-23 06:40:00,7658.04,7658.04,7658.04
2025-01-23 06:45:00,7443.66,7443.66,7443.66
2025-01-23 06:50:00,7207.34,7207.34,7207.34
2025-01-23 06:55:00,7035.25,7035.25,7035.25
2025-01-23 07:00:00,7003.24,7003.24,7003.24
2025-01-23 07:05:00,6989.55,6989.55,6989.55
2025-01-23 07:10:00,6741.25,6741.25,6741.25
2025-01-23 07:15:00,6772.44,6772.44,6772.44
2025-01-23 07:20:00,6733.28,6733.28,6733.28
2025-01-23 07:25:00,6749.15,6749.15,6749.15
2025-01-23 07:30:00,6862.33,6862.33,6862.33
2025-01-23 07:35:00,7005.95,7005.95,7005.95
2025-01-23 07:40:00,7145.89,7145.89,7145.89
2025-01-23 07:45:00,7263.7,7263.7,7263.7
2025-01-23 07:50:00,7599.65,7599.65,7599.65
2025-01-23 07:55:00,7518.66,7518.66,7518.66
2025-01-23 08:00:00,7632.52,7632.52,7632.52
2025-01-23 08:05:00,7984.94,7984.94,7984.94
2025-01-23 08:10:00,8363.6,8363.6,8363.6
2025-01-23 08:15:00,8982.68,8982.68,8982.68
2025-01-23 08:20:00,9316.2,9316.2,9316.2
2025-01-23 08:25:00,9388.0,9388.0,9388.0
2025-01-23 08:30:00,9596.19,9596.19,9596.19
2025-01-23 08:35:00,9936.2,9936.2,9936.2
2025-01-23 08:40:00,10403.96,10403.96,10403.96
2025-01-23 08:45:00,11089.46,11089.46,11089.46
2025-01-23 08:50:00,11745.74,11745.74,11745.74
2025-01-23 08:55:00,12024.28,12024.28,12024.28
2025-01-23 09:00:00,11366.75,11366.75,11366.75
2025-01-23 09:05:00,11253.45,11253.45,11253.45
2025-01-23 09:10:00,10901.26,10901.26,10901.26
2025-01-23 09:15:00,10766.32,10766.32,10766.32
2025-01-23 09:20:00,10610.8,10610.8,10610.8
2025-01-23 09:25:00,10480.83,10480.83,10480.83
2025-01-23 09:30:00,10310.34,10310.34,10310.34
2025-01-23 09:35:00,10413.7,10413.7,10413.7
2025-01-23 09:40:00,10611.41,10611.41,10611.41
2025-01-23 09:45:00,10834.58,10834.58,10834.58
2025-01-23 09:50:00,10929.29,10929.29,10929.29
2025-01-23 09:55:00,11271.5,11271.5,11271.5
2025-01-23 10:00:00,11364.45,11364.45,11364.45
2025-01-23 10:05:00,11508.24,11508.24,11508.24
2025-01-23 10:10:00,11663.54,11663.54,11663.54
2025-01-23 10:15:00,11803.24,11803.24,11803.24
2025-01-23 10:20:00,11950.4,11950.4,11950.4
2025-01-23 10:25:00,12158.32,12158.32,12158.32
2025-01-23 10:30:00,12337.45,12337.45,12337.45
2025-01-23 10:35:00,12558.15,12558.15,12558.15
2025-01-23 10:40:00,12762.11,12762.11,12762.11
2025-01-23 10:45:00,12894.24,12894.24,12894.24
2025-01-23 10:50:00,13052.93,13052.93,13052.93
2025-01-23 10:55:00,13282.78,13282.78,13282.78
2025-01-23 11:00:00,13281.72,13281.72,13281.72
2025-01-23 11:05:00,13195.3,13195.3,13195.3
2025-01-23 11:10:00,13254.52,13254.52,13254.52
2025-01-23 11:15:00,13361.54,13361.54,13361.54
2025-01-23 11:20:00,13485.69,13485.69,13485.69
2025-01-23 11:25:00,13592.48,13592.48,13592.48
2025-01-23 11:30:00,13709.06,13709.06,13709.06
2025-01-23 11:35:00,13831.83,13831.83,13831.83
2025-01-23 11:40:00,13795.54,13795.54,13795.54
2025-01-23 11:45:00,13933.98,13933.98,13933.98
2025-01-23 11:50:00,14248.11,14248.11,14248.11
2025-01-23 11:55:00,14013.48,14013.48,14013.48
2025-01-23 12:00:00,13943.89,13943.89,13943.89
2025-01-23 12:05:00,14152.26,14152.26,14152.26
2025-01-23 12:10:00,14222.84,14222.84,14222.84
2025-01-23 12:15:00,14409.86,14409.86,14409.86
2025-01-23 12:20:00,14485.47,14485.47,14485.47
2025-01-23 12:25:00,14399.97,14399.97,14399.97
2025-01-23 12:30:00,14399.38,14399.38,14399.38
2025-01-23 12:35:00,14344.01,14344.01,14344.01
2025-01-23 12:40:00,14351.94,14351.94,14351.94
2025-01-23 12:45:00,14305.05,14305.05,14305.05
2025-01-23 12:50:00,14354.28,14354.28,14354.28
2025-01-23 12:55:00,14316.59,14316.59,14316.59
2025-01-23 13:00:00,14404.64,14404.64,14404.64
2025-01-23 13:05:00,14808.54,14808.54,14808.54
2025-01-23 13:10:00,14980.58,14980.58,14980.58
2025-01-23 13:15:00,15028.51,15028.51,15028.51
2025-01-23 13:20:00,15048.18,15048.18,15048.18
2025-01-23 13:25:00,15053.47,15053.47,15053.47
2025-01-23 13:30:00,15020.83,15020.83,15020.83
2025-01-23 13:35:00,15090.91,15090.91,15090.91
2025-01-23 13:40:00,15105.79,15105.79,15105.79
2025-01-23 13:45:00,15073.84,15073.84,15073.84
2025-01-23 13:50:00,15077.26,15077.26,15077.26
2025-01-23 13:55:00,15020.17,15020.17,15020.17
2025-01-23 14:00:00,15279.33,15279.33,15279.33
2025-01-23 14:05:00,15069.18,15069.18,15069.18
2025-01-23 14:10:00,15165.36,15165.36,15165.36
2025-01-23 14:15:00,15086.22,15086.22,15086.22
2025-01-23 14:20:00,14968.09,14968.09,14968.09
2025-01-23 14:25:00,15167.56,15167.56,15167.56
2025-01-23 14:30:00,15064.75,15064.75,15064.75
2025-01-23 14:35:00,15136.63,15136.63,15136.63
2025-01-23 14:40:00,14993.17,14993.17,14993.17
2025-01-23 14:45:00,14753.82,14753.82,14753.82
2025-01-23 14:50:00,14886.3,14886.3,14886.3
2025-01-23 14:55:00,14892.4,14892.4,14892.4
2025-01-23 15:00:00,15116.88,15116.88,15116.88
2025-01-23 15:05:00,14940.42,14940.42,14940.42
2025-01-23 15:10:00,14972.83,14972.83,14972.83
2025-01-23 15:15:00,14936.51,14936.51,14936.51
2025-01-23 15:20:00,14758.5,14758.5,14758.5
2025-01-23 15:25:00,14860.49,14860.49,14860.49
2025-01-23 15:30:00,14942.28,14942.28,14942.28
2025-01-23 15:35:00,14848.95,14848.95,14848.95
2025-01-23 15:40:00,14800.5,14800.5,14800.5
2025-01-23 15:45:00,14721.85,14721.85,14721.85
2025-01-23 15:50:00,14772.85,14772.85,14772.85
2025-01-23 15:55:00,14892.93,14892.93,14892.93
2025-01-23 16:00:00,14723.99,14723.99,14723.99
2025-01-23 16:05:00,14840.61,14840.61,14840.61
2025-01-23 16:10:00,15021.4,15021.4,15021.4
2025-01-23 16:15:00,14921.21,14921.21,14921.21
2025-01-23 16:20:00,15196.21,15196.21,15196.21
2025-01-23 16:25:00,15244.33,15244.33,15244.33
2025-01-23 16:30:00,14723.48,14723.48,14723.48
2025-01-23 16:35:00,14616.44,14616.44,14616.44
2025-01-23 16:40:00,14339.4,14339.4,14339.4
2025-01-23 16:45:00,13340.33,13340.33,13340.33
2025-01-23 16:50:00,13300.26,13300.26,13300.26
2025-01-23 16:55:00,13002.95,13002.95,13002.95
2025-01-23 17:00:00,13098.23,13098.23,13098.23
2025-01-23 17:05:00,12996.02,12996.02,12996.02
2025-01-23 17:10:00,12228.84,12228.84,12228.84
2025-01-23 17:15:00,12143.55,12143.55,12143.55
2025-01-23 17:20:00,11617.04,11617.04,11617.04
2025-01-23 17:25:00,10848.53,10848.53,10848.53
2025-01-23 17:30:00,9878.17,9878.17,9878.17
2025-01-23 17:35:00,9245.74,9245.74,9245.74
2025-01-23 17:40:00,8771.7,8771.7,8771.7
2025-01-23 17:45:00,8463.4,8463.4,8463.4
2025-01-23 17:50:00,8066.32,8066.32,8066.32
2025-01-23 17:55:00,8081.19,8081.19,8081.19
2025-01-23 18:00:00,7842.67,7842.67,7842.67
2025-01-23 18:05:00,7581.19,7581.19,7581.19
2025-01-23 18:10:00,7305.45,7305.45,7305.45
2025-01-23 18:15:00,7169.75,7169.75,7169.75
2025-01-23 18:20:00,7327.28,7327.28,7327.28
2025-01-23 18:25:00,7508.92,7508.92,7508.92
2025-01-23 18:30:00,7496.1,7496.1,7496.1
2025-01-23 18:35:00,7203.75,7203.75,7203.75
2025-01-23 18:40:00,7209.83,7209.83,7209.83
2025-01-23 18:45:00,7266.58,7266.58,7266.58
2025-01-23 18:50:00,7374.93,7374.93,7374.93
2025-01-23 18:55:00,7302.48,7302.48,7302.48
2025-01-23 19:00:00,7409.2,7409.2,7409.2
2025-01-23 19:05:00,7568.27,7568.27,7568.27
2025-01-23 19:10:00,8033.91,8033.91,8033.91
2025-01-23 19:15:00,7889.54,7889.54,7889.54
2025-01-23 19:20:00,7866.17,7866.17,7866.17
2025-01-23 19:25:00,7923.79,7923.79,7923.79
2025-01-23 19:30:00,7788.43,7788.43,7788.43
2025-01-23 19:35:00,7733.89,7733.89,7733.89
2025-01-23 19:40:00,7543.94,7543.94,7543.94
2025-01-23 19:45:00,7215.1,7215.1,7215.1
2025-01-23 19:50:00,7356.09,7356.09,7356.09
2025-01-23 19:55:00,7586.13,7586.13,7586.13
2025-01-23 20:00:00,7509.89,7509.89,7509.89
2025-01-23 20:05:00,7175.37,7175.37,7175.37
2025-01-23 20:10:00,7038.88,7038.88,7038.88
2025-01-23 20:15:00,6982.37,6982.37,6982.37
2025-01-23 20:20:00,6873.42,6873.42,6873.42
2025-01-23 20:25:00,6673.57,6673.57,6673.57
2025-01-23 20:30:00,6652.75,6652.75,6652.75
2025-01-23 20:35:00,6572.65,6572.65,6572.65
2025-01-23 20:40:00,6818.77,6818.77,6818.77
2025-01-23 20:45:00,6750.87,6750.87,6750.87
2025-01-23 20:50:00,6637.65,6637.65,6637.65
2025-01-23 20:55:00,6445.01,6445.01,6445.01
2025-01-23 21:00:00,6213.2,6213.2,6213.2
2025-01-23 21:05:00,6300.99,6300.99,6300.99
2025-01-23 21:10:00,6590.25,6590.25,6590.25
2025-01-23 21:15:00,6811.9,6811.9,6811.9
2025-01-23 21:20:00,6878.07,6878.07,6878.07
2025-01-23 21:25:00,6751.86,6751.86,6751.86
2025-01-23 21:30:00,6838.17,6838.17,6838.17
2025-01-23 21:35:00,7001.86,7001.86,7001.86
2025-01-23 21:40:00,7002.49,7002.49,7002.49
2025-01-23 21:45:00,6865.54,6865.54,6865.54
2025-01-23 21:50:00,6847.3,6847.3,6847.3
2025-01-23 21:55:00,7133.79,7133.79,7133.79
2025-01-23 22:00:00,7132.88,7132.88,7132.88
2025-01-23 22:05:00,7027.99,7027.99,7027.99
2025-01-23 22:10:00,7221.53,7221.53,7221.53
2025-01-23 22:15:00,6970.07,6970.07,6970.07
2025-01-23 22:20:00,6977.77,6977.77,6977.77
2025-01-23 22:25:00,7139.61,7139.61,7139.61
2025-01-23 22:30:00,7291.36,7291.36,7291.36
2025-01-23 22:35:00,7474.42,7474.42,7474.42
2025-01-23 22:40:00,7466.02,7466.02,7466.02
2025-01-23 22:45:00,7510.98,7510.98,7510.98
2025-01-23 22:50:00,7482.11,7482.11,7482.11
2025-01-23 22:55:00,7506.56,7506.56,7506.56
2025-01-23 23:00:00,7449.13,7449.13,7449.13
2025-01-23 23:05:00,7618.92,7618.92,7618.92
2025-01-23 23:10:00,7753.0,7753.0,7753.0
2025-01-23 23:15:00,7880.54,7880.54,7880.54
2025-01-23 23:20:00,7874.9,7874.9,7874.9
2025-01-23 23:25:00,7870.7,7870.7,7870.7
2025-01-23 23:30:00,7963.06,7963.06,7963.06
2025-01-23 23:35:00,8106.45,8106.45,8106.45
2025-01-23 23:40:00,8143.28,8143.28,8143.28
2025-01-23 23:45:00,8148.51,8148.51,8148.51
2025-01-23 23:50:00,8038.98,8038.98,8038.98
2025-01-23 23:55:00,7972.66,7972.66,7972.66
2025-01-24 00:00:00,7815.36,7815.36,7815.36
2025-01-24 00:05:00,7992.4,7992.4,7992.4
2025-01-24 00:10:00,8095.15,8095.15,8095.15
2025-01-24 00:15:00,8083.88,8083.88,8083.88
2025-01-24 00:20:00,8139.04,8139.04,8139.04
2025-01-24 00:25:00,8251.92,8251.92,8251.92
2025-01-24 00:30:00,8318.94,8318.94,8318.94
2025-01-24 00:35:00,8272.13,8272.13,8272.13
2025-01-24 00:40:00,8225.39,8225.39,8225.39
2025-01-24 00:45:00,8246.41,8246.41,8246.41
2025-01-24 00:50:00,8208.75,8208.75,8208.75
2025-01-24 00:55:00,8266.98,8266.98,8266.98
2025-01-24 01:00:00,8330.64,8330.64,8330.64
2025-01-24 01:05:00,8156.18,8156.18,8156.18
2025-01-24 01:10:00,8347.56,8347.56,8347.56
2025-01-24 01:15:00,8317.64,8317.64,8317.64
2025-01-24 01:20:00,8341.25,8341.25,8341.25
2025-01-24 01:25:00,8497.4,8497.4,8497.4
2025-01-24 01:30:00,8599.07,8599.07,8599.07
2025-01-24 01:35:00,8623.41,8623.41,8623.41
2025-01-24 01:40:00,8674.76,8674.76,8674.76
2025-01-24 01:45:00,8743.86,8743.86,8743.86
2025-01-24 01:50:00,8770.09,8770.09,8770.09
2025-01-24 01:55:00,8655.67,8655.67,8655.67
2025-01-24 02:00:00,8744.81,8744.81,8744.81
2025-01-24 02:05:00,9056.81,9056.81,9056.81
2025-01-24 02:10:00,9267.82,9267.82,9267.82
2025-01-24 02:15:00,9252.68,9252.68,9252.68
2025-01-24 02:20:00,9291.51,9291.51,9291.51
2025-01-24 02:25:00,9261.66,9261.66,9261.66
2025-01-24 02:30:00,9342.37,9342.37,9342.37
2025-01-24 02:35:00,9383.58,9383.58,9383.58
2025-01-24 02:40:00,9305.08,9305.08,9305.08
2025-01-24 02:45:00,9478.12,9478.12,9478.12
2025-01-24 02:50:00,9466.79,9466.79,9466.79
2025-01-24 02:55:00,9588.07,9588.07,9588.07
2025-01-24 03:00:00,9680.27,9680.27,9680.27
2025-01-24 03:05:00,9920.37,9920.37,9920.37
2025-01-24 03:10:00,9992.01,9992.01,9992.01
2025-01-24 03:15:00,9891.04,9891.04,9891.04
2025-01-24 03:20:00,9789.3,9789.3,9789.3
2025-01-24 03:25:00,9703.04,9703.04,9703.04
2025-01-24 03:30:00,9748.37,9748.37,9748.37
2025-01-24 03:35:00,9802.56,9802.56,9802.56
2025-01-24 03:40:00,9800.19,9800.19,9800.19
2025-01-24 03:45:00,9772.66,9772.66,9772.66
2025-01-24 03:50:00,9874.56,9874.56,9874.56
2025-01-24 03:55:00,9804.54,9804.54,9804.54
2025-01-24 04:00:00,10020.48,10020.48,10020.48
2025-01-24 04:05:00,10234.64,10234.64,10234.64
2025-01-24 04:10:00,10104.17,10104.17,10104.17
2025-01-24 04:15:00,9992.95,9992.95,9992.95
2025-01-24 04:20:00,9979.53,9979.53,9979.53
2025-01-24 04:25:00,10083.79,10083.79,10083.79
2025-01-24 04:30:00,9906.09,9906.09,9906.09
2025-01-24 04:35:00,9811.36,9811.36,9811.36
2025-01-24 04:40:00,9917.79,9917.79,9917.79
2025-01-24 04:45:00,9871.93,9871.93,9871.93
2025-01-24 04:50:00,9989.58,9989.58,9989.58
2025-01-24 04:55:00,9994.24,9994.24,9994.24
2025-01-24 05:00:00,10062.41,10062.41,10062.41
2025-01-24 05:05:00,9906.93,9906.93,9906.93
2025-01-24 05:10:00,9761.77,9761.77,9761.77
2025-01-24 05:15:00,9666.5,9666.5,9666.5
2025-01-24 05:20:00,9712.41,9712.41,9712.41
2025-01-24 05:25:00,9787.39,9787.39,9787.39
2025-01-24 05:30:00,9815.93,9815.93,9815.93
2025-01-24 05:35:00,9793.64,9793.64,9793.64
2025-01-24 05:40:00,9743.94,9743.94,9743.94
2025-01-24 05:45:00,9751.66,9751.66,9751.66
2025-01-24 05:50:00,9890.41,9890.41,9890.41
2025-01-24 05:55:00,9737.55,9737.55,9737.55
2025-01-24 06:00:00,9933.15,9933.15,9933.15
2025-01-24 06:05:00,9566.18,9566.18,9566.18
2025-01-24 06:10:00,9422.6,9422.6,9422.6
2025-01-24 06:15:00,9134.63,9134.63,9134.63
2025-01-24 06:20:00,8743.34,8743.34,8743.34
2025-01-24 06:25:00,8549.34,8549.34,8549.34
2025-01-24 06:30:00,8565.04,8565.04,8565.04
2025-01-24 06:35:00,8449.57,8449.57,8449.57
2025-01-24 06:40:00,8307.38,8307.38,8307.38
2025-01-24 06:45:00,8267.45,8267.45,8267.45
2025-01-24 06:50:00,8130.03,8130.03,8130.03
2025-01-24 06:55:00,8205.23,8205.23,8205.23
2025-01-24 07:00:00,8342.93,8342.93,8342.93
2025-01-24 07:05:00,8000.2,8000.2,8000.2
2025-01-24 07:10:00,7915.11,7915.11,7915.11
2025-01-24 07:15:00,8103.33,8103.33,8103.33
2025-01-24 07:20:00,8142.71,8142.71,8142.71
2025-01-24 07:25:00,8022.92,8022.92,8022.92
2025-01-24 07:30:00,8135.0,8135.0,8135.0
2025-01-24 07:35:00,8512.38,8512.38,8512.38
2025-01-24 07:40:00,8675.54,8675.54,8675.54
2025-01-24 07:45:00,8839.67,8839.67,8839.67
2025-01-24 07:50:00,9064.31,9064.31,9064.31
2025-01-24 07:55:00,9327.0,9327.0,9327.0
2025-01-24 08:00:00,9154.33,9154.33,9154.33
2025-01-24 08:05:00,9868.98,9868.98,9868.98
2025-01-24 08:10:00,10272.29,10272.29,10272.29
2025-01-24 08:15:00,10760.26,10760.26,10760.26
2025-01-24 08:20:00,11471.84,11471.84,11471.84
2025-01-24 08:25:00,11796.98,11796.98,11796.98
2025-01-24 08:30:00,12507.71,12507.71,12507.71
2025-01-24 08:35:00,13120.09,13120.09,13120.09
2025-01-24 08:40:00,13525.54,13525.54,13525.54
2025-01-24 08:45:00,14590.58,14590.58,14590.58
2025-01-24 08:50:00,13961.73,13961.73,13961.73
2025-01-24 08:55:00,13750.17,13750.17,13750.17
2025-01-24 09:00:00,13224.49,13224.49,13224.49
2025-01-24 09:05:00,12706.69,12706.69,12706.69
2025-01-24 09:10:00,11410.2,11748.09,11579.145
2025-01-24 09:15:00,11078.92,11078.92,11078.92
2025-01-24 09:20:00,11096.61,11096.61,11096.61
2025-01-24 09:25:00,11185.28,11185.28,11185.28
2025-01-24 09:30:00,11191.61,11191.61,11191.61
2025-01-24 09:35:00,10980.72,10980.72,10980.72
2025-01-24 09:40:00,11058.04,11058.04,11058.04
2025-01-24 09:45:00,11085.84,11085.84,11085.84
2025-01-24 09:50:00,11254.86,11254.86,11254.86
2025-01-24 09:55:00,11318.48,11318.48,11318.48
2025-01-24 10:00:00,10990.86,10990.86,10990.86
2025-01-24 10:05:00,10756.2,10756.2,10756.2
2025-01-24 10:10:00,10732.58,10732.58,10732.58
2025-01-24 10:15:00,10603.23,10603.23,10603.23
2025-01-24 10:20:00,11108.53,11108.53,11108.53
2025-01-24 10:25:00,10438.7,10438.7,10438.7
2025-01-24 10:30:00,10616.3,10616.3,10616.3
2025-01-24 10:35:00,10652.43,10652.43,10652.43
2025-01-24 10:40:00,10791.82,10791.82,10791.82
2025-01-24 10:45:00,10824.12,10824.12,10824.12
2025-01-24 10:50:00,11054.65,11054.65,11054.65
2025-01-24 10:55:00,11162.32,11162.32,11162.32
2025-01-24 11:00:00,10971.46,10971.46,10971.46
2025-01-24 11:05:00,10860.67,10860.67,10860.67
2025-01-24 11:10:00,10899.33,10899.33,10899.33
2025-01-24 11:15:00,11055.01,11055.01,11055.01
2025-01-24 11:20:00,11178.38,11178.38,11178.38
2025-01-24 11:25:00,11078.47,11078.47,11078.47
2025-01-24 11:30:00,11759.14,11759.14,11759.14
2025-01-24 11:35:00,11161.96,11161.96,11161.96
2025-01-24 11:40:00,10988.8,10988.8,10988.8
2025-01-24 11:45:00,11246.25,11246.25,11246.25
2025-01-24 11:50:00,11240.45,11240.45,11240.45
2025-01-24 11:55:00,11400.26,11400.26,11400.26
2025-01-24 12:00:00,11495.77,11495.77,11495.77
2025-01-24 12:05:00,11455.18,11455.18,11455.18
2025-01-24 12:10:00,11577.67,11577.67,11577.67
2025-01-24 12:15:00,11540.71,11540.71,11540.71
2025-01-24 12:20:00,11637.48,11637.48,11637.48
2025-01-24 12:25:00,11815.83,11815.83,11815.83
2025-01-24 12:30:00,11728.55,11728.55,11728.55
2025-01-24 12:35:00,11786.25,11786.25,11786.25
2025-01-24 12:40:00,12421.52,12421.52,12421.52
2025-01-24 12:45:00,11696.09,11696.09,11696.09
2025-01-24 12:50:00,11747.74,11747.74,11747.74
2025-01-24 12:55:00,11885.24,11885.24,11885.24
2025-01-24 13:00:00,11846.32,11846.32,11846.32
2025-01-24 13:05:00,11941.2,11941.2,11941.2
2025-01-24 13:10:00,11884.74,11884.74,11884.74
2025-01-24 13:15:00,12045.52,12045.52,12045.52
2025-01-24 13:20:00,12083.68,12083.68,12083.68
2025-01-24 13:25:00,12110.63,12110.63,12110.63
2025-01-24 13:30:00,12118.41,12118.41,12118.41
2025-01-24 13:35:00,12294.82,12294.82,12294.82
2025-01-24 13:40:00,12150.17,12150.17,12150.17
2025-01-24 13:45:00,12227.31,12227.31,12227.31
2025-01-24 13:50:00,12317.12,12317.12,12317.12
2025-01-24 13:55:00,12331.05,12331.05,12331.05
2025-01-24 14:00:00,12199.55,12199.55,12199.55
2025-01-24 14:05:00,12305.39,12305.39,12305.39
2025-01-24 14:10:00,12584.05,12584.05,12584.05
2025-01-24 14:15:00,12624.08,12624.08,12624.08
2025-01-24 14:20:00,12692.33,12692.33,12692.33
2025-01-24 14:25:00,12702.77,12702.77,12702.77
2025-01-24 14:30:00,12655.62,12655.62,12655.62
2025-01-24 14:35:00,12748.54,12748.54,12748.54
2025-01-24 14:40:00,12884.26,12884.26,12884.26
2025-01-24 14:45:00,12877.22,12877.22,12877.22
2025-01-24 14:50:00,12846.47,12846.47,12846.47
2025-01-24 14:55:00,12853.92,12853.92,12853.92
2025-01-24 15:00:00,12742.11,12742.11,12742.11
2025-01-24 15:05:00,12643.44,12643.44,12643.44
2025-01-24 15:10:00,12715.18,12715.18,12715.18
2025-01-24 15:15:00,12882.35,12882.35,12882.35
2025-01-24 15:20:00,12772.6,12772.6,12772.6
2025-01-24 15:25:00,12711.85,12711.85,12711.85
2025-01-24 15:30:00,12784.78,12784.78,12784.78
2025-01-24 15:35:00,12887.26,12887.26,12887.26
2025-01-24 15:40:00,12945.0,12945.0,12945.0
2025-01-24 15:45:00,12976.07,12976.07,12976.07
2025-01-24 15:50:00,12845.29,12845.29,12845.29
2025-01-24 15:55:00,13093.78,13093.78,13093.78
2025-01-24 16:00:00,13076.17,13076.17,13076.17
2025-01-24 16:05:00,13052.94,13052.94,13052.94
2025-01-24 16:10:00,13126.24,13126.24,13126.24
2025-01-24 16:15:00,13068.05,13068.05,13068.05
2025-01-24 16:20:00,12939.83,12939.83,12939.83
2025-01-24 16:25:00,12955.83,12955.83,12955.83
2025-01-24 16:30:00,12795.48,12795.48,12795.48
2025-01-24 16:35:00,12823.52,12823.52,12823.52
2025-01-24 16:40:00,12407.81,12407.81,12407.81
2025-01-24 16:45:00,12409.9,12409.9,12409.9
2025-01-24 16:50:00,11915.63,11915.63,11915.63
2025-01-24 16:55:00,11916.12,12555.22,12235.67
2025-01-24 17:00:00,12046.84,12046.84,12046.84
2025-01-24 17:05:00,11806.82,11806.82,11806.82
2025-01-24 17:10:00,11500.05,11497.22,11498.634999999998
2025-01-24 17:15:00,11332.69,11332.69,11332.69
2025-01-24 17:20:00,11188.56,11188.56,11188.56
2025-01-24 17:25:00,10990.18,10990.18,10990.18
2025-01-24 17:30:00,10622.42,10622.42,10622.42
2025-01-24 17:35:00,10013.31,10013.31,10013.31
2025-01-24 17:40:00,9661.38,9661.38,9661.38
2025-01-24 17:45:00,9437.07,9437.07,9437.07
2025-01-24 17:50:00,9696.18,9696.18,9696.18
2025-01-24 17:55:00,9706.75,9706.75,9706.75
2025-01-24 18:00:00,9625.76,9625.76,9625.76
2025-01-24 18:05:00,9397.17,9397.17,9397.17
2025-01-24 18:10:00,9047.41,9047.41,9047.41
2025-01-24 18:15:00,8877.35,8877.35,8877.35
2025-01-24 18:20:00,8979.58,8979.58,8979.58
2025-01-24 18:25:00,8844.89,8844.89,8844.89
2025-01-24 18:30:00,9033.74,9033.74,9033.74
2025-01-24 18:35:00,8754.64,8754.64,8754.64
2025-01-24 18:40:00,8607.19,8607.19,8607.19
2025-01-24 18:45:00,8606.85,8606.85,8606.85
2025-01-24 18:50:00,8578.72,8578.72,8578.72
2025-01-24 18:55:00,8731.9,8731.9,8731.9
2025-01-24 19:00:00,8379.39,8379.39,8379.39
2025-01-24 19:05:00,8603.94,8603.94,8603.94
2025-01-24 19:10:00,8226.62,8226.62,8226.62
2025-01-24 19:15:00,8128.47,8128.47,8128.47
2025-01-24 19:20:00,8083.47,8083.47,8083.47
2025-01-24 19:25:00,8198.97,8198.97,8198.97
2025-01-24 19:30:00,8396.82,8396.82,8396.82
2025-01-24 19:35:00,8453.81,8453.81,8453.81
2025-01-24 19:40:00,8391.22,8391.22,8391.22
2025-01-24 19:45:00,8839.86,8839.86,8839.86
2025-01-24 19:50:00,8265.68,8265.68,8265.68
2025-01-24 19:55:00,8286.54,8286.54,8286.54
2025-01-24 20:00:00,8328.08,8328.08,8328.08
2025-01-24 20:05:00,8166.05,8166.05,8166.05
2025-01-24 20:10:00,8272.75,8272.75,8272.75
2025-01-24 20:15:00,8279.32,8279.32,8279.32
2025-01-24 20:20:00,8219.76,8219.76,8219.76
2025-01-24 20:25:00,8162.84,8162.84,8162.84
2025-01-24 20:30:00,8368.4,8368.4,8368.4
2025-01-24 20:35:00,8488.68,8488.68,8488.68
2025-01-24 20:40:00,8616.01,8616.01,8616.01
2025-01-24 20:45:00,8462.08,8462.08,8462.08
2025-01-24 20:50:00,8343.8,8343.8,8343.8
2025-01-24 20:55:00,8199.01,8199.01,8199.01
2025-01-24 21:00:00,8114.17,8114.17,8114.17
2025-01-24 21:05:00,7921.09,7921.09,7921.09
2025-01-24 21:10:00,7950.37,7950.37,7950.37
2025-01-24 21:15:00,7989.65,7989.65,7989.65
2025-01-24 21:20:00,7906.12,7906.12,7906.12
2025-01-24 21:25:00,7953.3,7953.3,7953.3
2025-01-24 21:30:00,8012.92,8012.92,8012.92
2025-01-24 21:35:00,8054.07,8054.07,8054.07
2025-01-24 21:40:00,8104.25,8104.25,8104.25
2025-01-24 21:45:00,8212.83,8212.83,8212.83
2025-01-24 21:50:00,8212.84,8212.84,8212.84
2025-01-24 21:55:00,8174.56,8174.56,8174.56
2025-01-24 22:00:00,8275.76,8275.76,8275.76
2025-01-24 22:05:00,8142.81,8142.81,8142.81
2025-01-24 22:10:00,8212.84,8212.84,8212.84
2025-01-24 22:15:00,8377.0,8377.0,8377.0
2025-01-24 22:20:00,8204.22,8204.22,8204.22
2025-01-24 22:25:00,8335.3,8335.3,8335.3
2025-01-24 22:30:00,8296.0,8296.0,8296.0
2025-01-24 22:35:00,8365.35,8365.35,8365.35
2025-01-24 22:40:00,8508.12,8508.12,8508.12
2025-01-24 22:45:00,8564.87,8564.87,8564.87
2025-01-24 22:50:00,8714.06,8714.06,8714.06
2025-01-24 22:55:00,8609.76,8609.76,8609.76
2025-01-24 23:00:00,8745.66,8745.66,8745.66
2025-01-24 23:05:00,8701.14,8701.14,8701.14
2025-01-24 23:10:00,8601.29,8601.29,8601.29
2025-01-24 23:15:00,8743.98,8743.98,8743.98
2025-01-24 23:20:00,8738.47,8738.47,8738.47
2025-01-24 23:25:00,8683.69,8683.69,8683.69
2025-01-24 23:30:00,8765.85,8765.85,8765.85
2025-01-24 23:35:00,8787.66,8787.66,8787.66
2025-01-24 23:40:00,8798.81,8798.81,8798.81
2025-01-24 23:45:00,8884.84,8884.84,8884.84
2025-01-24 23:50:00,8957.59,8957.59,8957.59
2025-01-24 23:55:00,8799.85,8799.85,8799.85
